2026-03-05 15:42:39,183 - INFO - 
⚖️ 平衡调整 #1: 差距<10% (拉开) 差距=8.6% 平局率=91.4% 强力进攻(全局倾向 x1.00)
2026-03-05 15:42:39,184 - INFO -   AI2(强): ε 0.011→0.010, lr 0.040→0.033, 攻击权 0.95→0.95, 防守权 0.08→0.08, 进攻启发 0.0062→0.0062, 防守启发 0.0001→0.0001
2026-03-05 15:42:39,184 - INFO -   AI1(弱): ε 0.238→0.310, lr 0.300→0.300, 攻击权 0.95→0.95, 防守权 0.08→0.08, 进攻启发 0.0062→0.0062, 防守启发 0.0001→0.0001
2026-03-05 15:54:53,283 - INFO - 
⚖️ 平衡调整 #2: 微调 差距=13.0% 平局率=79.0% 中等进攻
2026-03-05 15:54:53,283 - INFO -   AI2(强): ε 0.010→0.010, lr 0.033→0.033, 攻击权 0.95→0.95, 防守权 0.08→0.07, 进攻启发 0.0062→0.0074, 防守启发 0.0001→0.0001
2026-03-05 15:54:53,283 - INFO -   AI1(弱): ε 0.267→0.267, lr 0.300→0.280, 攻击权 0.95→0.95, 防守权 0.08→0.07, 进攻启发 0.0062→0.0074, 防守启发 0.0001→0.0001
2026-03-05 16:07:46,805 - INFO - 
⚖️ 平衡调整 #3: 差距<10% (拉开) 差距=9.0% 平局率=85.0% 强力进攻(全局倾向 x1.00)
2026-03-05 16:07:46,806 - INFO -   AI2(强): ε 0.010→0.009, lr 0.033→0.027, 攻击权 0.95→0.95, 防守权 0.07→0.07, 进攻启发 0.0074→0.0074, 防守启发 0.0001→0.0001
2026-03-05 16:07:46,806 - INFO -   AI1(弱): ε 0.228→0.297, lr 0.280→0.300, 攻击权 0.95→0.95, 防守权 0.07→0.07, 进攻启发 0.0074→0.0074, 防守启发 0.0001→0.0001
2026-03-05 16:20:39,857 - INFO - 
⚖️ 平衡调整 #4: 微调 差距=13.0% 平局率=83.0% 强力进攻(全局倾向 x1.00)
2026-03-05 16:20:39,858 - INFO -   AI2(强): ε 0.010→0.010, lr 0.027→0.022, 攻击权 0.95→0.95, 防守权 0.07→0.07, 进攻启发 0.0074→0.0074, 防守启发 0.0001→0.0001
2026-03-05 16:20:39,858 - INFO -   AI1(弱): ε 0.251→0.251, lr 0.300→0.300, 攻击权 0.95→0.95, 防守权 0.07→0.07, 进攻启发 0.0074→0.0074, 防守启发 0.0001→0.0001
2026-03-05 16:33:38,054 - INFO - 
⚖️ 平衡调整 #5: 微调 差距=12.0% 平局率=88.0% 强力进攻(全局倾向 x1.00)
2026-03-05 16:33:38,054 - INFO -   AI2(强): ε 0.010→0.010, lr 0.022→0.018, 攻击权 0.95→0.95, 防守权 0.07→0.07, 进攻启发 0.0074→0.0074, 防守启发 0.0001→0.0001
2026-03-05 16:33:38,054 - INFO -   AI1(弱): ε 0.213→0.213, lr 0.300→0.300, 攻击权 0.95→0.95, 防守权 0.07→0.07, 进攻启发 0.0074→0.0074, 防守启发 0.0001→0.0001
2026-03-05 16:46:23,250 - INFO - 
⚖️ 平衡调整 #6: 差距<10% (拉开) 差距=9.0% 平局率=87.0% 强力进攻(全局倾向 x1.00)
2026-03-05 16:46:23,250 - INFO -   AI2(强): ε 0.010→0.009, lr 0.018→0.014, 攻击权 0.95→0.95, 防守权 0.07→0.07, 进攻启发 0.0074→0.0074, 防守启发 0.0001→0.0001
2026-03-05 16:46:23,251 - INFO -   AI1(弱): ε 0.184→0.240, lr 0.300→0.300, 攻击权 0.95→0.95, 防守权 0.07→0.07, 进攻启发 0.0074→0.0074, 防守启发 0.0001→0.0001
2026-03-05 16:59:30,562 - INFO - 📈 全局进攻倾向提升至 1.20
2026-03-05 16:59:30,563 - INFO - 
⚖️ 平衡调整 #7: 差距<10% (拉开) 差距=5.0% 平局率=91.0% 强力进攻(全局倾向 x1.20)
2026-03-05 16:59:30,563 - INFO -   AI2(强): ε 0.010→0.009, lr 0.014→0.012, 攻击权 0.95→0.95, 防守权 0.07→0.06, 进攻启发 0.0074→0.0089, 防守启发 0.0001→0.0001
2026-03-05 16:59:30,563 - INFO -   AI1(弱): ε 0.203→0.264, lr 0.300→0.300, 攻击权 0.95→0.95, 防守权 0.07→0.06, 进攻启发 0.0074→0.0089, 防守启发 0.0001→0.0001
2026-03-05 17:01:33,432 - INFO - 
==================================================
2026-03-05 17:01:33,433 - INFO - 第 500/19000 局 (2.6%)
2026-03-05 17:01:33,433 - INFO - 速度: 0.1局/秒, 已用: 87.2分钟
2026-03-05 17:01:33,433 - INFO - 总战绩: AI1 81胜, AI2 221胜, 平局 1198
2026-03-05 17:01:33,433 - INFO - 近期100局: AI1 1.0%, AI2 8.0%, 平局 91.0%
2026-03-05 17:01:33,433 - INFO - 胜率差距: 7.0%
2026-03-05 17:01:33,433 - INFO - 防守统计: 总22789次, 平均45.58次/局
2026-03-05 17:01:33,433 - INFO - 参数: AI1 ε=0.257, lr=0.300
2026-03-05 17:01:33,433 - INFO -        AI2 ε=0.010, lr=0.012
2026-03-05 17:01:33,433 - INFO - ==================================================
2026-03-05 18:01:28,700 - INFO - 
⚖️ 平衡调整 #8: 微调 差距=14.0% 平局率=82.0% 强力进攻(全局倾向 x1.19)
2026-03-05 18:01:28,700 - INFO -   AI2(强): ε 0.010→0.010, lr 0.012→0.010, 攻击权 0.95→0.95, 防守权 0.06→0.05, 进攻启发 0.0089→0.0100, 防守启发 0.0001→0.0001
2026-03-05 18:01:28,700 - INFO -   AI1(弱): ε 0.229→0.229, lr 0.300→0.300, 攻击权 0.95→0.95, 防守权 0.06→0.05, 进攻启发 0.0089→0.0100, 防守启发 0.0001→0.0001
2026-03-05 18:14:53,921 - INFO - 
⚖️ 平衡调整 #9: 差距<10% (拉开) 差距=6.0% 平局率=82.0% 强力进攻(全局倾向 x1.18)
2026-03-05 18:14:53,922 - INFO -   AI2(强): ε 0.010→0.009, lr 0.010→0.010, 攻击权 0.95→0.95, 防守权 0.05→0.05, 进攻启发 0.0100→0.0100, 防守启发 0.0001→0.0001
2026-03-05 18:14:53,922 - INFO -   AI1(弱): ε 0.195→0.254, lr 0.300→0.300, 攻击权 0.95→0.95, 防守权 0.05→0.05, 进攻启发 0.0100→0.0100, 防守启发 0.0001→0.0001
2026-03-05 18:28:56,564 - INFO - 
⚖️ 平衡调整 #10: 差距<10% (拉开) 差距=9.0% 平局率=75.0% 中等进攻
2026-03-05 18:28:56,564 - INFO -   AI2(强): ε 0.010→0.009, lr 0.010→0.010, 攻击权 0.95→0.95, 防守权 0.05→0.05, 进攻启发 0.0100→0.0100, 防守启发 0.0001→0.0001
2026-03-05 18:28:56,565 - INFO -   AI1(弱): ε 0.219→0.284, lr 0.300→0.285, 攻击权 0.95→0.95, 防守权 0.05→0.05, 进攻启发 0.0100→0.0100, 防守启发 0.0001→0.0001
2026-03-05 18:43:34,070 - INFO - 
⚖️ 平衡调整 #11: 微调 差距=15.0% 平局率=83.0% 强力进攻(全局倾向 x1.15)
2026-03-05 18:43:34,071 - INFO -   AI2(强): ε 0.010→0.010, lr 0.010→0.010, 攻击权 0.95→0.95, 防守权 0.05→0.05, 进攻启发 0.0100→0.0100, 防守启发 0.0001→0.0001
2026-03-05 18:43:34,071 - INFO -   AI1(弱): ε 0.244→0.244, lr 0.285→0.300, 攻击权 0.95→0.95, 防守权 0.05→0.05, 进攻启发 0.0100→0.0100, 防守启发 0.0001→0.0001
2026-03-05 18:57:45,134 - INFO - 
⚖️ 平衡调整 #12: 差距<10% (拉开) 差距=8.0% 平局率=88.0% 强力进攻(全局倾向 x1.14)
2026-03-05 18:57:45,134 - INFO -   AI2(强): ε 0.010→0.009, lr 0.010→0.010, 攻击权 0.95→0.95, 防守权 0.05→0.05, 进攻启发 0.0100→0.0100, 防守启发 0.0001→0.0001
2026-03-05 18:57:45,134 - INFO -   AI1(弱): ε 0.210→0.273, lr 0.300→0.300, 攻击权 0.95→0.95, 防守权 0.05→0.05, 进攻启发 0.0100→0.0100, 防守启发 0.0001→0.0001
2026-03-05 19:12:02,183 - INFO - 
⚖️ 平衡调整 #13: 微调 差距=16.0% 平局率=82.0% 强力进攻(全局倾向 x1.13)
2026-03-05 19:12:02,184 - INFO -   AI2(强): ε 0.010→0.010, lr 0.010→0.010, 攻击权 0.95→0.95, 防守权 0.05→0.05, 进攻启发 0.0100→0.0100, 防守启发 0.0001→0.0001
2026-03-05 19:12:02,184 - INFO -   AI1(弱): ε 0.240→0.240, lr 0.300→0.300, 攻击权 0.95→0.95, 防守权 0.05→0.05, 进攻启发 0.0100→0.0100, 防守启发 0.0001→0.0001
2026-03-05 19:26:41,118 - INFO - 
⚖️ 平衡调整 #14: 微调 差距=16.0% 平局率=80.0% 中等进攻
2026-03-05 19:26:41,119 - INFO -   AI2(强): ε 0.010→0.010, lr 0.010→0.010, 攻击权 0.95→0.95, 防守权 0.05→0.05, 进攻启发 0.0100→0.0100, 防守启发 0.0001→0.0001
2026-03-05 19:26:41,119 - INFO -   AI1(弱): ε 0.209→0.209, lr 0.300→0.280, 攻击权 0.95→0.95, 防守权 0.05→0.05, 进攻启发 0.0100→0.0100, 防守启发 0.0001→0.0001
2026-03-05 19:30:44,869 - INFO - 
==================================================
2026-03-05 19:30:44,870 - INFO - 第 1000/19000 局 (5.3%)
2026-03-05 19:30:44,870 - INFO - 速度: 0.1局/秒, 已用: 236.4分钟
2026-03-05 19:30:44,870 - INFO - 总战绩: AI1 97胜, AI2 303胜, 平局 1600
2026-03-05 19:30:44,870 - INFO - 近期100局: AI1 3.0%, AI2 16.0%, 平局 81.0%
2026-03-05 19:30:44,870 - INFO - 胜率差距: 13.0%
2026-03-05 19:30:44,870 - INFO - 防守统计: 总29939次, 平均29.94次/局
2026-03-05 19:30:44,870 - INFO - 参数: AI1 ε=0.199, lr=0.280
2026-03-05 19:30:44,870 - INFO -        AI2 ε=0.010, lr=0.010
2026-03-05 19:30:44,870 - INFO - ==================================================
2026-03-05 19:41:29,195 - INFO - 
⚖️ 平衡调整 #15: 微调 差距=10.0% 平局率=86.0% 强力进攻(全局倾向 x1.11)
2026-03-05 19:41:29,196 - INFO -   AI2(强): ε 0.010→0.010, lr 0.010→0.010, 攻击权 0.95→0.95, 防守权 0.05→0.05, 进攻启发 0.0100→0.0100, 防守启发 0.0001→0.0001
2026-03-05 19:41:29,196 - INFO -   AI1(弱): ε 0.179→0.179, lr 0.280→0.300, 攻击权 0.95→0.95, 防守权 0.05→0.05, 进攻启发 0.0100→0.0100, 防守启发 0.0001→0.0001
2026-03-05 19:57:05,661 - INFO - 
⚖️ 平衡调整 #16: 差距<10% (拉开) 差距=4.0% 平局率=92.0% 强力进攻(全局倾向 x1.10)
2026-03-05 19:57:05,661 - INFO -   AI2(强): ε 0.010→0.009, lr 0.010→0.010, 攻击权 0.95→0.95, 防守权 0.05→0.05, 进攻启发 0.0100→0.0100, 防守启发 0.0001→0.0001
2026-03-05 19:57:05,661 - INFO -   AI1(弱): ε 0.151→0.196, lr 0.300→0.300, 攻击权 0.95→0.95, 防守权 0.05→0.05, 进攻启发 0.0100→0.0100, 防守启发 0.0001→0.0001
2026-03-05 20:11:33,574 - INFO - 
⚖️ 平衡调整 #17: 差距<10% (拉开) 差距=7.0% 平局率=83.0% 强力进攻(全局倾向 x1.09)
2026-03-05 20:11:33,574 - INFO -   AI2(强): ε 0.010→0.009, lr 0.010→0.010, 攻击权 0.95→0.95, 防守权 0.05→0.05, 进攻启发 0.0100→0.0100, 防守启发 0.0001→0.0001
2026-03-05 20:11:33,574 - INFO -   AI1(弱): ε 0.169→0.220, lr 0.300→0.300, 攻击权 0.95→0.95, 防守权 0.05→0.05, 进攻启发 0.0100→0.0100, 防守启发 0.0001→0.0001
2026-03-05 20:26:13,302 - INFO - 
⚖️ 平衡调整 #18: 差距>20% 差距=21.0% 平局率=79.0% 中等进攻
2026-03-05 20:26:13,302 - INFO -   AI2(强): ε 0.010→0.009, lr 0.010→0.011, 攻击权 0.95→0.95, 防守权 0.05→0.05, 进攻启发 0.0100→0.0100, 防守启发 0.0001→0.0001
2026-03-05 20:26:13,302 - INFO -   AI1(弱): ε 0.190→0.152, lr 0.300→0.300, 攻击权 0.95→0.95, 防守权 0.05→0.05, 进攻启发 0.0100→0.0100, 防守启发 0.0001→0.0001
2026-03-05 20:41:39,953 - INFO - 
⚖️ 平衡调整 #19: 微调 差距=19.0% 平局率=81.0% 强力进攻(全局倾向 x1.06)
2026-03-05 20:41:39,954 - INFO -   AI2(强): ε 0.010→0.010, lr 0.011→0.010, 攻击权 0.95→0.95, 防守权 0.05→0.05, 进攻启发 0.0100→0.0100, 防守启发 0.0001→0.0001
2026-03-05 20:41:39,954 - INFO -   AI1(弱): ε 0.131→0.131, lr 0.300→0.300, 攻击权 0.95→0.95, 防守权 0.05→0.05, 进攻启发 0.0100→0.0100, 防守启发 0.0001→0.0001
2026-03-05 20:56:54,533 - INFO - 
⚖️ 平衡调整 #20: 差距<10% (拉开) 差距=6.0% 平局率=88.0% 强力进攻(全局倾向 x1.05)
2026-03-05 20:56:54,533 - INFO -   AI2(强): ε 0.010→0.009, lr 0.010→0.010, 攻击权 0.95→0.95, 防守权 0.05→0.05, 进攻启发 0.0100→0.0100, 防守启发 0.0001→0.0001
2026-03-05 20:56:54,533 - INFO -   AI1(弱): ε 0.109→0.142, lr 0.300→0.300, 攻击权 0.95→0.95, 防守权 0.05→0.05, 进攻启发 0.0100→0.0100, 防守启发 0.0001→0.0001
2026-03-05 21:12:24,482 - INFO - 
⚖️ 平衡调整 #21: 差距<10% (拉开) 差距=8.0% 平局率=84.0% 强力进攻(全局倾向 x1.04)
2026-03-05 21:12:24,483 - INFO -   AI2(强): ε 0.010→0.009, lr 0.010→0.010, 攻击权 0.95→0.95, 防守权 0.05→0.05, 进攻启发 0.0100→0.0100, 防守启发 0.0001→0.0001
2026-03-05 21:12:24,483 - INFO -   AI1(弱): ε 0.120→0.157, lr 0.300→0.300, 攻击权 0.95→0.95, 防守权 0.05→0.05, 进攻启发 0.0100→0.0100, 防守启发 0.0001→0.0001
2026-03-05 21:17:33,240 - INFO - 
==================================================
2026-03-05 21:17:33,240 - INFO - 第 1500/19000 局 (7.9%)
2026-03-05 21:17:33,240 - INFO - 速度: 0.1局/秒, 已用: 343.2分钟
2026-03-05 21:17:33,240 - INFO - 总战绩: AI1 110胜, AI2 365胜, 平局 2025
2026-03-05 21:17:33,240 - INFO - 近期100局: AI1 4.0%, AI2 11.0%, 平局 85.0%
2026-03-05 21:17:33,240 - INFO - 胜率差距: 7.0%
2026-03-05 21:17:33,240 - INFO - 防守统计: 总36910次, 平均24.61次/局
2026-03-05 21:17:33,240 - INFO - 参数: AI1 ε=0.147, lr=0.300
2026-03-05 21:17:33,240 - INFO -        AI2 ε=0.010, lr=0.010
2026-03-05 21:17:33,241 - INFO - ==================================================
2026-03-05 21:23:48,718 - INFO - 
⚖️ 平衡调整 #22: 差距<10% (拉开) 差距=8.0% 平局率=84.0% 强力进攻(全局倾向 x1.03)
2026-03-05 21:23:48,718 - INFO -   AI2(强): ε 0.010→0.009, lr 0.010→0.010, 攻击权 0.95→0.95, 防守权 0.05→0.05, 进攻启发 0.0100→0.0100, 防守启发 0.0001→0.0001
2026-03-05 21:23:48,718 - INFO -   AI1(弱): ε 0.133→0.173, lr 0.300→0.300, 攻击权 0.95→0.95, 防守权 0.05→0.05, 进攻启发 0.0100→0.0100, 防守启发 0.0001→0.0001
2026-03-05 21:35:07,435 - INFO - 📈 全局进攻倾向提升至 1.24
2026-03-05 21:35:07,436 - INFO - 
⚖️ 平衡调整 #23: 差距<10% (拉开) 差距=2.0% 平局率=88.0% 强力进攻(全局倾向 x1.24)
2026-03-05 21:35:07,436 - INFO -   AI2(强): ε 0.010→0.009, lr 0.010→0.010, 攻击权 0.95→0.95, 防守权 0.05→0.05, 进攻启发 0.0100→0.0100, 防守启发 0.0001→0.0001
2026-03-05 21:35:07,436 - INFO -   AI1(弱): ε 0.146→0.189, lr 0.300→0.300, 攻击权 0.95→0.95, 防守权 0.05→0.05, 进攻启发 0.0100→0.0100, 防守启发 0.0001→0.0001
2026-03-05 21:46:08,515 - INFO - 
⚖️ 平衡调整 #24: 差距<10% (拉开) 差距=7.0% 平局率=87.0% 强力进攻(全局倾向 x1.23)
2026-03-05 21:46:08,515 - INFO -   AI2(强): ε 0.010→0.009, lr 0.010→0.010, 攻击权 0.95→0.95, 防守权 0.05→0.05, 进攻启发 0.0100→0.0100, 防守启发 0.0001→0.0001
2026-03-05 21:46:08,515 - INFO -   AI1(弱): ε 0.161→0.209, lr 0.300→0.300, 攻击权 0.95→0.95, 防守权 0.05→0.05, 进攻启发 0.0100→0.0100, 防守启发 0.0001→0.0001
2026-03-05 21:57:06,269 - INFO - 
⚖️ 平衡调整 #25: 微调 差距=13.0% 平局率=83.0% 强力进攻(全局倾向 x1.21)
2026-03-05 21:57:06,269 - INFO -   AI2(强): ε 0.010→0.010, lr 0.010→0.010, 攻击权 0.95→0.95, 防守权 0.05→0.05, 进攻启发 0.0100→0.0100, 防守启发 0.0001→0.0001
2026-03-05 21:57:06,269 - INFO -   AI1(弱): ε 0.181→0.181, lr 0.300→0.300, 攻击权 0.95→0.95, 防守权 0.05→0.05, 进攻启发 0.0100→0.0100, 防守启发 0.0001→0.0001
2026-03-05 22:08:21,515 - INFO - 
⚖️ 平衡调整 #26: 微调 差距=12.0% 平局率=86.0% 强力进攻(全局倾向 x1.20)
2026-03-05 22:08:21,516 - INFO -   AI2(强): ε 0.010→0.010, lr 0.010→0.010, 攻击权 0.95→0.95, 防守权 0.05→0.05, 进攻启发 0.0100→0.0100, 防守启发 0.0001→0.0001
2026-03-05 22:08:21,516 - INFO -   AI1(弱): ε 0.153→0.153, lr 0.300→0.300, 攻击权 0.95→0.95, 防守权 0.05→0.05, 进攻启发 0.0100→0.0100, 防守启发 0.0001→0.0001
2026-03-05 22:19:36,754 - INFO - 
⚖️ 平衡调整 #27: 差距<10% (拉开) 差距=8.0% 平局率=88.0% 强力进攻(全局倾向 x1.19)
2026-03-05 22:19:36,754 - INFO -   AI2(强): ε 0.010→0.009, lr 0.010→0.010, 攻击权 0.95→0.95, 防守权 0.05→0.05, 进攻启发 0.0100→0.0100, 防守启发 0.0001→0.0001
2026-03-05 22:19:36,754 - INFO -   AI1(弱): ε 0.129→0.168, lr 0.300→0.300, 攻击权 0.95→0.95, 防守权 0.05→0.05, 进攻启发 0.0100→0.0100, 防守启发 0.0001→0.0001
2026-03-05 22:30:57,316 - INFO - 📈 全局进攻倾向提升至 1.43
2026-03-05 22:30:57,316 - INFO - 
⚖️ 平衡调整 #28: 微调 差距=11.0% 平局率=81.0% 强力进攻(全局倾向 x1.43)
2026-03-05 22:30:57,316 - INFO -   AI2(强): ε 0.010→0.010, lr 0.010→0.010, 攻击权 0.95→0.95, 防守权 0.05→0.05, 进攻启发 0.0100→0.0100, 防守启发 0.0001→0.0001
2026-03-05 22:30:57,316 - INFO -   AI1(弱): ε 0.143→0.143, lr 0.300→0.300, 攻击权 0.95→0.95, 防守权 0.05→0.05, 进攻启发 0.0100→0.0100, 防守启发 0.0001→0.0001
2026-03-05 22:37:40,558 - INFO - 
==================================================
2026-03-05 22:37:40,558 - INFO - 第 2000/19000 局 (10.5%)
2026-03-05 22:37:40,558 - INFO - 速度: 0.1局/秒, 已用: 423.3分钟
2026-03-05 22:37:40,558 - INFO - 总战绩: AI1 124胜, AI2 420胜, 平局 2456
2026-03-05 22:37:40,558 - INFO - 近期100局: AI1 2.0%, AI2 12.0%, 平局 86.0%
2026-03-05 22:37:40,558 - INFO - 胜率差距: 10.0%
2026-03-05 22:37:40,558 - INFO - 防守统计: 总43881次, 平均21.94次/局
2026-03-05 22:37:40,558 - INFO - 参数: AI1 ε=0.129, lr=0.300
2026-03-05 22:37:40,558 - INFO -        AI2 ε=0.010, lr=0.010
2026-03-05 22:37:40,558 - INFO - ==================================================
2026-03-05 22:42:31,544 - INFO - 
⚖️ 平衡调整 #29: 差距<10% (拉开) 差距=8.0% 平局率=86.0% 强力进攻(全局倾向 x1.41)
2026-03-05 22:42:31,545 - INFO -   AI2(强): ε 0.010→0.009, lr 0.010→0.010, 攻击权 0.95→0.95, 防守权 0.05→0.05, 进攻启发 0.0100→0.0100, 防守启发 0.0001→0.0001
2026-03-05 22:42:31,545 - INFO -   AI1(弱): ε 0.120→0.156, lr 0.300→0.300, 攻击权 0.95→0.95, 防守权 0.05→0.05, 进攻启发 0.0100→0.0100, 防守启发 0.0001→0.0001
2026-03-05 22:54:08,080 - INFO - 
⚖️ 平衡调整 #30: 差距<10% (拉开) 差距=6.0% 平局率=86.0% 强力进攻(全局倾向 x1.40)
2026-03-05 22:54:08,080 - INFO -   AI2(强): ε 0.010→0.009, lr 0.010→0.010, 攻击权 0.95→0.95, 防守权 0.05→0.05, 进攻启发 0.0100→0.0100, 防守启发 0.0001→0.0001
2026-03-05 22:54:08,080 - INFO -   AI1(弱): ε 0.131→0.171, lr 0.300→0.300, 攻击权 0.95→0.95, 防守权 0.05→0.05, 进攻启发 0.0100→0.0100, 防守启发 0.0001→0.0001
2026-03-05 23:05:35,455 - INFO - 
⚖️ 平衡调整 #31: 差距<10% (拉开) 差距=4.0% 平局率=88.0% 强力进攻(全局倾向 x1.39)
2026-03-05 23:05:35,455 - INFO -   AI2(强): ε 0.010→0.009, lr 0.010→0.010, 攻击权 0.95→0.95, 防守权 0.05→0.05, 进攻启发 0.0100→0.0100, 防守启发 0.0001→0.0001
2026-03-05 23:05:35,455 - INFO -   AI1(弱): ε 0.144→0.187, lr 0.300→0.300, 攻击权 0.95→0.95, 防守权 0.05→0.05, 进攻启发 0.0100→0.0100, 防守启发 0.0001→0.0001
2026-03-05 23:16:58,871 - INFO - 
⚖️ 平衡调整 #32: 差距<10% (拉开) 差距=4.0% 平局率=88.0% 强力进攻(全局倾向 x1.37)
2026-03-05 23:16:58,871 - INFO -   AI2(强): ε 0.010→0.009, lr 0.010→0.010, 攻击权 0.95→0.95, 防守权 0.05→0.05, 进攻启发 0.0100→0.0100, 防守启发 0.0001→0.0001
2026-03-05 23:16:58,872 - INFO -   AI1(弱): ε 0.160→0.208, lr 0.300→0.300, 攻击权 0.95→0.95, 防守权 0.05→0.05, 进攻启发 0.0100→0.0100, 防守启发 0.0001→0.0001
2026-03-05 23:28:21,923 - INFO - 📈 全局进攻倾向提升至 1.65
2026-03-05 23:28:21,923 - INFO - 
⚖️ 平衡调整 #33: 差距<10% (拉开) 差距=9.0% 平局率=87.0% 强力进攻(全局倾向 x1.65)
2026-03-05 23:28:21,923 - INFO -   AI2(强): ε 0.010→0.009, lr 0.010→0.010, 攻击权 0.95→0.95, 防守权 0.05→0.05, 进攻启发 0.0100→0.0100, 防守启发 0.0001→0.0001
2026-03-05 23:28:21,924 - INFO -   AI1(弱): ε 0.180→0.234, lr 0.300→0.300, 攻击权 0.95→0.95, 防守权 0.05→0.05, 进攻启发 0.0100→0.0100, 防守启发 0.0001→0.0001
2026-03-05 23:39:54,210 - INFO - 
⚖️ 平衡调整 #34: 差距<10% (拉开) 差距=7.0% 平局率=83.0% 强力进攻(全局倾向 x1.63)
2026-03-05 23:39:54,210 - INFO -   AI2(强): ε 0.010→0.009, lr 0.010→0.010, 攻击权 0.95→0.95, 防守权 0.05→0.05, 进攻启发 0.0100→0.0100, 防守启发 0.0001→0.0001
2026-03-05 23:39:54,210 - INFO -   AI1(弱): ε 0.195→0.254, lr 0.300→0.300, 攻击权 0.95→0.95, 防守权 0.05→0.05, 进攻启发 0.0100→0.0100, 防守启发 0.0001→0.0001
2026-03-05 23:51:25,467 - INFO - 
⚖️ 平衡调整 #35: 微调 差距=12.0% 平局率=82.0% 强力进攻(全局倾向 x1.61)
2026-03-05 23:51:25,467 - INFO -   AI2(强): ε 0.010→0.010, lr 0.010→0.010, 攻击权 0.95→0.95, 防守权 0.05→0.05, 进攻启发 0.0100→0.0100, 防守启发 0.0001→0.0001
2026-03-05 23:51:25,468 - INFO -   AI1(弱): ε 0.221→0.221, lr 0.300→0.300, 攻击权 0.95→0.95, 防守权 0.05→0.05, 进攻启发 0.0100→0.0100, 防守启发 0.0001→0.0001
2026-03-05 23:59:29,556 - INFO - 
==================================================
2026-03-05 23:59:29,557 - INFO - 第 2500/19000 局 (13.2%)
2026-03-05 23:59:29,557 - INFO - 速度: 0.1局/秒, 已用: 505.1分钟
2026-03-05 23:59:29,557 - INFO - 总战绩: AI1 143胜, AI2 473胜, 平局 2884
2026-03-05 23:59:29,557 - INFO - 近期100局: AI1 4.0%, AI2 14.0%, 平局 82.0%
2026-03-05 23:59:29,557 - INFO - 胜率差距: 10.0%
2026-03-05 23:59:29,557 - INFO - 防守统计: 总50928次, 平均20.37次/局
2026-03-05 23:59:29,557 - INFO - 参数: AI1 ε=0.199, lr=0.300
2026-03-05 23:59:29,557 - INFO -        AI2 ε=0.010, lr=0.010
2026-03-05 23:59:29,557 - INFO - ==================================================
2026-03-06 00:02:44,732 - INFO - 
⚖️ 平衡调整 #36: 微调 差距=12.0% 平局率=82.0% 强力进攻(全局倾向 x1.60)
2026-03-06 00:02:44,732 - INFO -   AI2(强): ε 0.010→0.010, lr 0.010→0.010, 攻击权 0.95→0.95, 防守权 0.05→0.05, 进攻启发 0.0100→0.0100, 防守启发 0.0001→0.0001
2026-03-06 00:02:44,732 - INFO -   AI1(弱): ε 0.192→0.192, lr 0.300→0.300, 攻击权 0.95→0.95, 防守权 0.05→0.05, 进攻启发 0.0100→0.0100, 防守启发 0.0001→0.0001
2026-03-06 00:14:27,458 - INFO - 
⚖️ 平衡调整 #37: 差距<10% (拉开) 差距=6.0% 平局率=88.0% 强力进攻(全局倾向 x1.58)
2026-03-06 00:14:27,458 - INFO -   AI2(强): ε 0.010→0.009, lr 0.010→0.010, 攻击权 0.95→0.95, 防守权 0.05→0.05, 进攻启发 0.0100→0.0100, 防守启发 0.0001→0.0001
2026-03-06 00:14:27,458 - INFO -   AI1(弱): ε 0.163→0.212, lr 0.300→0.300, 攻击权 0.95→0.95, 防守权 0.05→0.05, 进攻启发 0.0100→0.0100, 防守启发 0.0001→0.0001
2026-03-06 00:26:07,070 - INFO - 📈 全局进攻倾向提升至 1.90
2026-03-06 00:26:07,070 - INFO - 
⚖️ 平衡调整 #38: 差距<10% (拉开) 差距=7.0% 平局率=91.0% 强力进攻(全局倾向 x1.90)
2026-03-06 00:26:07,070 - INFO -   AI2(强): ε 0.010→0.009, lr 0.010→0.010, 攻击权 0.95→0.95, 防守权 0.05→0.05, 进攻启发 0.0100→0.0100, 防守启发 0.0001→0.0001
2026-03-06 00:26:07,070 - INFO -   AI1(弱): ε 0.180→0.234, lr 0.300→0.300, 攻击权 0.95→0.95, 防守权 0.05→0.05, 进攻启发 0.0100→0.0100, 防守启发 0.0001→0.0001
2026-03-06 00:37:41,742 - INFO - 
⚖️ 平衡调整 #39: 差距<10% (拉开) 差距=8.0% 平局率=90.0% 强力进攻(全局倾向 x1.88)
2026-03-06 00:37:41,742 - INFO -   AI2(强): ε 0.010→0.009, lr 0.010→0.010, 攻击权 0.95→0.95, 防守权 0.05→0.05, 进攻启发 0.0100→0.0100, 防守启发 0.0001→0.0001
2026-03-06 00:37:41,742 - INFO -   AI1(弱): ε 0.200→0.260, lr 0.300→0.300, 攻击权 0.95→0.95, 防守权 0.05→0.05, 进攻启发 0.0100→0.0100, 防守启发 0.0001→0.0001
2026-03-06 00:49:13,702 - INFO - 
⚖️ 平衡调整 #40: 微调 差距=10.0% 平局率=86.0% 强力进攻(全局倾向 x1.86)
2026-03-06 00:49:13,702 - INFO -   AI2(强): ε 0.010→0.010, lr 0.010→0.010, 攻击权 0.95→0.95, 防守权 0.05→0.05, 进攻启发 0.0100→0.0100, 防守启发 0.0001→0.0001
2026-03-06 00:49:13,702 - INFO -   AI1(弱): ε 0.223→0.223, lr 0.300→0.300, 攻击权 0.95→0.95, 防守权 0.05→0.05, 进攻启发 0.0100→0.0100, 防守启发 0.0001→0.0001
2026-03-06 01:00:44,091 - INFO - 
⚖️ 平衡调整 #41: 差距<10% (拉开) 差距=6.0% 平局率=90.0% 强力进攻(全局倾向 x1.84)
2026-03-06 01:00:44,091 - INFO -   AI2(强): ε 0.010→0.009, lr 0.010→0.010, 攻击权 0.95→0.95, 防守权 0.05→0.05, 进攻启发 0.0100→0.0100, 防守启发 0.0001→0.0001
2026-03-06 01:00:44,091 - INFO -   AI1(弱): ε 0.189→0.246, lr 0.300→0.300, 攻击权 0.95→0.95, 防守权 0.05→0.05, 进攻启发 0.0100→0.0100, 防守启发 0.0001→0.0001
2026-03-06 01:12:22,118 - INFO - 
⚖️ 平衡调整 #42: 差距<10% (拉开) 差距=9.0% 平局率=87.0% 强力进攻(全局倾向 x1.82)
2026-03-06 01:12:22,118 - INFO -   AI2(强): ε 0.010→0.009, lr 0.010→0.010, 攻击权 0.95→0.95, 防守权 0.05→0.05, 进攻启发 0.0100→0.0100, 防守启发 0.0001→0.0001
2026-03-06 01:12:22,118 - INFO -   AI1(弱): ε 0.208→0.271, lr 0.300→0.300, 攻击权 0.95→0.95, 防守权 0.05→0.05, 进攻启发 0.0100→0.0100, 防守启发 0.0001→0.0001
2026-03-06 01:21:54,375 - INFO - 
==================================================
2026-03-06 01:21:54,375 - INFO - 第 3000/19000 局 (15.8%)
2026-03-06 01:21:54,375 - INFO - 速度: 0.1局/秒, 已用: 587.5分钟
2026-03-06 01:21:54,375 - INFO - 总战绩: AI1 152胜, AI2 532胜, 平局 3316
2026-03-06 01:21:54,375 - INFO - 近期100局: AI1 2.0%, AI2 16.0%, 平局 82.0%
2026-03-06 01:21:54,375 - INFO - 胜率差距: 14.0%
2026-03-06 01:21:54,375 - INFO - 防守统计: 总58253次, 平均19.42次/局
2026-03-06 01:21:54,375 - INFO - 参数: AI1 ε=0.241, lr=0.300
2026-03-06 01:21:54,375 - INFO -        AI2 ε=0.010, lr=0.010
2026-03-06 01:21:54,375 - INFO - ==================================================
2026-03-06 01:23:33,749 - INFO - 📈 全局进攻倾向提升至 2.19
2026-03-06 01:23:33,750 - INFO - 
⚖️ 平衡调整 #43: 微调 差距=15.0% 平局率=81.0% 强力进攻(全局倾向 x2.19)
2026-03-06 01:23:33,750 - INFO -   AI2(强): ε 0.010→0.010, lr 0.010→0.010, 攻击权 0.95→0.95, 防守权 0.05→0.05, 进攻启发 0.0100→0.0100, 防守启发 0.0001→0.0001
2026-03-06 01:23:33,750 - INFO -   AI1(弱): ε 0.235→0.235, lr 0.300→0.300, 攻击权 0.95→0.95, 防守权 0.05→0.05, 进攻启发 0.0100→0.0100, 防守启发 0.0001→0.0001
2026-03-06 01:34:54,077 - INFO - 
⚖️ 平衡调整 #44: 微调 差距=13.0% 平局率=85.0% 强力进攻(全局倾向 x2.16)
2026-03-06 01:34:54,077 - INFO -   AI2(强): ε 0.010→0.010, lr 0.010→0.010, 攻击权 0.95→0.95, 防守权 0.05→0.05, 进攻启发 0.0100→0.0100, 防守启发 0.0001→0.0001
2026-03-06 01:34:54,077 - INFO -   AI1(弱): ε 0.201→0.201, lr 0.300→0.300, 攻击权 0.95→0.95, 防守权 0.05→0.05, 进攻启发 0.0100→0.0100, 防守启发 0.0001→0.0001
2026-03-06 01:46:42,337 - INFO - 
⚖️ 平衡调整 #45: 差距<10% (拉开) 差距=7.0% 平局率=89.0% 强力进攻(全局倾向 x2.14)
2026-03-06 01:46:42,338 - INFO -   AI2(强): ε 0.010→0.009, lr 0.010→0.010, 攻击权 0.95→0.95, 防守权 0.05→0.05, 进攻启发 0.0100→0.0100, 防守启发 0.0001→0.0001
2026-03-06 01:46:42,338 - INFO -   AI1(弱): ε 0.170→0.221, lr 0.300→0.300, 攻击权 0.95→0.95, 防守权 0.05→0.05, 进攻启发 0.0100→0.0100, 防守启发 0.0001→0.0001
2026-03-06 01:57:56,998 - INFO - 
⚖️ 平衡调整 #46: 差距<10% (拉开) 差距=9.0% 平局率=85.0% 强力进攻(全局倾向 x2.12)
2026-03-06 01:57:56,998 - INFO -   AI2(强): ε 0.010→0.009, lr 0.010→0.010, 攻击权 0.95→0.95, 防守权 0.05→0.05, 进攻启发 0.0100→0.0100, 防守启发 0.0001→0.0001
2026-03-06 01:57:56,998 - INFO -   AI1(弱): ε 0.188→0.244, lr 0.300→0.300, 攻击权 0.95→0.95, 防守权 0.05→0.05, 进攻启发 0.0100→0.0100, 防守启发 0.0001→0.0001
2026-03-06 02:09:39,019 - INFO - 
⚖️ 平衡调整 #47: 微调 差距=11.0% 平局率=85.0% 强力进攻(全局倾向 x2.10)
2026-03-06 02:09:39,019 - INFO -   AI2(强): ε 0.010→0.010, lr 0.010→0.010, 攻击权 0.95→0.95, 防守权 0.05→0.05, 进攻启发 0.0100→0.0100, 防守启发 0.0001→0.0001
2026-03-06 02:09:39,019 - INFO -   AI1(弱): ε 0.206→0.206, lr 0.300→0.300, 攻击权 0.95→0.95, 防守权 0.05→0.05, 进攻启发 0.0100→0.0100, 防守启发 0.0001→0.0001
2026-03-06 02:21:19,211 - INFO - 📈 全局进攻倾向提升至 2.52
2026-03-06 02:21:19,212 - INFO - 
⚖️ 平衡调整 #48: 微调 差距=13.0% 平局率=87.0% 强力进攻(全局倾向 x2.52)
2026-03-06 02:21:19,212 - INFO -   AI2(强): ε 0.010→0.010, lr 0.010→0.010, 攻击权 0.95→0.95, 防守权 0.05→0.05, 进攻启发 0.0100→0.0100, 防守启发 0.0001→0.0001
2026-03-06 02:21:19,212 - INFO -   AI1(弱): ε 0.176→0.176, lr 0.300→0.300, 攻击权 0.95→0.95, 防守权 0.05→0.05, 进攻启发 0.0100→0.0100, 防守启发 0.0001→0.0001
2026-03-06 02:33:10,257 - INFO - 
⚖️ 平衡调整 #49: 差距<10% (拉开) 差距=5.0% 平局率=93.0% 强力进攻(全局倾向 x2.50)
2026-03-06 02:33:10,258 - INFO -   AI2(强): ε 0.010→0.009, lr 0.010→0.010, 攻击权 0.95→0.95, 防守权 0.05→0.05, 进攻启发 0.0100→0.0100, 防守启发 0.0001→0.0001
2026-03-06 02:33:10,258 - INFO -   AI1(弱): ε 0.148→0.192, lr 0.300→0.300, 攻击权 0.95→0.95, 防守权 0.05→0.05, 进攻启发 0.0100→0.0100, 防守启发 0.0001→0.0001
2026-03-06 02:45:03,609 - INFO - 
⚖️ 平衡调整 #50: 差距<10% (拉开) 差距=2.0% 平局率=90.0% 强力进攻(全局倾向 x2.47)
2026-03-06 02:45:03,609 - INFO -   AI2(强): ε 0.010→0.009, lr 0.010→0.010, 攻击权 0.95→0.95, 防守权 0.05→0.05, 进攻启发 0.0100→0.0100, 防守启发 0.0001→0.0001
2026-03-06 02:45:03,609 - INFO -   AI1(弱): ε 0.159→0.207, lr 0.300→0.300, 攻击权 0.95→0.95, 防守权 0.05→0.05, 进攻启发 0.0100→0.0100, 防守启发 0.0001→0.0001
2026-03-06 02:45:03,609 - INFO - 
==================================================
2026-03-06 02:45:03,610 - INFO - 第 3500/19000 局 (18.4%)
2026-03-06 02:45:03,610 - INFO - 速度: 0.1局/秒, 已用: 670.7分钟
2026-03-06 02:45:03,610 - INFO - 总战绩: AI1 164胜, AI2 581胜, 平局 3755
2026-03-06 02:45:03,610 - INFO - 近期100局: AI1 4.0%, AI2 6.0%, 平局 90.0%
2026-03-06 02:45:03,610 - INFO - 胜率差距: 2.0%
2026-03-06 02:45:03,610 - INFO - 防守统计: 总65608次, 平均18.75次/局
2026-03-06 02:45:03,610 - INFO - 参数: AI1 ε=0.207, lr=0.300
2026-03-06 02:45:03,610 - INFO -        AI2 ε=0.009, lr=0.010
2026-03-06 02:45:03,610 - INFO - ==================================================
2026-03-06 02:56:31,353 - INFO - 
⚖️ 平衡调整 #51: 微调 差距=10.0% 平局率=82.0% 强力进攻(全局倾向 x2.45)
2026-03-06 02:56:31,353 - INFO -   AI2(强): ε 0.010→0.010, lr 0.010→0.010, 攻击权 0.95→0.95, 防守权 0.05→0.05, 进攻启发 0.0100→0.0100, 防守启发 0.0001→0.0001
2026-03-06 02:56:31,353 - INFO -   AI1(弱): ε 0.175→0.175, lr 0.300→0.300, 攻击权 0.95→0.95, 防守权 0.05→0.05, 进攻启发 0.0100→0.0100, 防守启发 0.0001→0.0001
2026-03-06 03:08:05,169 - INFO - 
⚖️ 平衡调整 #52: 差距<10% (拉开) 差距=9.0% 平局率=89.0% 强力进攻(全局倾向 x2.42)
2026-03-06 03:08:05,170 - INFO -   AI2(强): ε 0.010→0.009, lr 0.010→0.010, 攻击权 0.95→0.95, 防守权 0.05→0.05, 进攻启发 0.0100→0.0100, 防守启发 0.0001→0.0001
2026-03-06 03:08:05,170 - INFO -   AI1(弱): ε 0.149→0.193, lr 0.300→0.300, 攻击权 0.95→0.95, 防守权 0.05→0.05, 进攻启发 0.0100→0.0100, 防守启发 0.0001→0.0001
2026-03-06 03:19:56,099 - INFO - 📈 全局进攻倾向提升至 2.91
2026-03-06 03:19:56,100 - INFO - 
⚖️ 平衡调整 #53: 差距<10% (拉开) 差距=2.0% 平局率=94.0% 强力进攻(全局倾向 x2.91)
2026-03-06 03:19:56,100 - INFO -   AI2(强): ε 0.010→0.009, lr 0.010→0.010, 攻击权 0.95→0.95, 防守权 0.05→0.05, 进攻启发 0.0100→0.0100, 防守启发 0.0001→0.0001
2026-03-06 03:19:56,100 - INFO -   AI1(弱): ε 0.162→0.211, lr 0.300→0.300, 攻击权 0.95→0.95, 防守权 0.05→0.05, 进攻启发 0.0100→0.0100, 防守启发 0.0001→0.0001
2026-03-06 03:31:20,161 - INFO - 
⚖️ 平衡调整 #54: 差距<10% (拉开) 差距=7.0% 平局率=89.0% 强力进攻(全局倾向 x2.88)
2026-03-06 03:31:20,161 - INFO -   AI2(强): ε 0.010→0.009, lr 0.010→0.010, 攻击权 0.95→0.95, 防守权 0.05→0.05, 进攻启发 0.0100→0.0100, 防守启发 0.0001→0.0001
2026-03-06 03:31:20,161 - INFO -   AI1(弱): ε 0.181→0.236, lr 0.300→0.300, 攻击权 0.95→0.95, 防守权 0.05→0.05, 进攻启发 0.0100→0.0100, 防守启发 0.0001→0.0001
2026-03-06 03:42:21,456 - INFO - 
⚖️ 平衡调整 #55: 微调 差距=12.0% 平局率=80.0% 中等进攻
2026-03-06 03:42:21,457 - INFO -   AI2(强): ε 0.010→0.010, lr 0.010→0.010, 攻击权 0.95→0.95, 防守权 0.05→0.05, 进攻启发 0.0100→0.0100, 防守启发 0.0001→0.0001
2026-03-06 03:42:21,457 - INFO -   AI1(弱): ε 0.201→0.201, lr 0.300→0.280, 攻击权 0.95→0.95, 防守权 0.05→0.05, 进攻启发 0.0100→0.0100, 防守启发 0.0001→0.0001
2026-03-06 03:53:51,468 - INFO - 
⚖️ 平衡调整 #56: 微调 差距=10.0% 平局率=88.0% 强力进攻(全局倾向 x2.82)
2026-03-06 03:53:51,468 - INFO -   AI2(强): ε 0.010→0.010, lr 0.010→0.010, 攻击权 0.95→0.95, 防守权 0.05→0.05, 进攻启发 0.0100→0.0100, 防守启发 0.0001→0.0001
2026-03-06 03:53:51,468 - INFO -   AI1(弱): ε 0.173→0.173, lr 0.280→0.300, 攻击权 0.95→0.95, 防守权 0.05→0.05, 进攻启发 0.0100→0.0100, 防守启发 0.0001→0.0001
2026-03-06 04:05:13,987 - INFO - 
⚖️ 平衡调整 #57: 微调 差距=12.0% 平局率=82.0% 强力进攻(全局倾向 x2.79)
2026-03-06 04:05:13,987 - INFO -   AI2(强): ε 0.010→0.010, lr 0.010→0.010, 攻击权 0.95→0.95, 防守权 0.05→0.05, 进攻启发 0.0100→0.0100, 防守启发 0.0001→0.0001
2026-03-06 04:05:13,987 - INFO -   AI1(弱): ε 0.146→0.146, lr 0.300→0.300, 攻击权 0.95→0.95, 防守权 0.05→0.05, 进攻启发 0.0100→0.0100, 防守启发 0.0001→0.0001
2026-03-06 04:06:54,350 - INFO - 
==================================================
2026-03-06 04:06:54,350 - INFO - 第 4000/19000 局 (21.1%)
2026-03-06 04:06:54,350 - INFO - 速度: 0.1局/秒, 已用: 752.5分钟
2026-03-06 04:06:54,350 - INFO - 总战绩: AI1 177胜, AI2 637胜, 平局 4186
2026-03-06 04:06:54,351 - INFO - 近期100局: AI1 3.0%, AI2 12.0%, 平局 85.0%
2026-03-06 04:06:54,351 - INFO - 胜率差距: 9.0%
2026-03-06 04:06:54,351 - INFO - 防守统计: 总72690次, 平均18.17次/局
2026-03-06 04:06:54,351 - INFO - 参数: AI1 ε=0.143, lr=0.300
2026-03-06 04:06:54,351 - INFO -        AI2 ε=0.010, lr=0.010
2026-03-06 04:06:54,351 - INFO - ==================================================
2026-03-06 04:16:50,296 - INFO - 
⚖️ 平衡调整 #58: 差距<10% (拉开) 差距=6.0% 平局率=90.0% 强力进攻(全局倾向 x2.76)
2026-03-06 04:16:50,297 - INFO -   AI2(强): ε 0.010→0.009, lr 0.010→0.010, 攻击权 0.95→0.95, 防守权 0.05→0.05, 进攻启发 0.0100→0.0100, 防守启发 0.0001→0.0001
2026-03-06 04:16:50,297 - INFO -   AI1(弱): ε 0.125→0.163, lr 0.300→0.300, 攻击权 0.95→0.95, 防守权 0.05→0.05, 进攻启发 0.0100→0.0100, 防守启发 0.0001→0.0001
2026-03-06 04:28:15,556 - INFO - 
⚖️ 平衡调整 #59: 差距<10% (拉开) 差距=7.0% 平局率=89.0% 强力进攻(全局倾向 x2.74)
2026-03-06 04:28:15,557 - INFO -   AI2(强): ε 0.010→0.009, lr 0.010→0.010, 攻击权 0.95→0.95, 防守权 0.05→0.05, 进攻启发 0.0100→0.0100, 防守启发 0.0001→0.0001
2026-03-06 04:28:15,557 - INFO -   AI1(弱): ε 0.139→0.180, lr 0.300→0.300, 攻击权 0.95→0.95, 防守权 0.05→0.05, 进攻启发 0.0100→0.0100, 防守启发 0.0001→0.0001
2026-03-06 04:39:58,525 - INFO - 📈 全局进攻倾向提升至 3.00
2026-03-06 04:39:58,525 - INFO - 
⚖️ 平衡调整 #60: 差距<10% (拉开) 差距=9.0% 平局率=89.0% 强力进攻(全局倾向 x3.00)
2026-03-06 04:39:58,525 - INFO -   AI2(强): ε 0.010→0.009, lr 0.010→0.010, 攻击权 0.95→0.95, 防守权 0.05→0.05, 进攻启发 0.0100→0.0100, 防守启发 0.0001→0.0001
2026-03-06 04:39:58,525 - INFO -   AI1(弱): ε 0.153→0.199, lr 0.300→0.300, 攻击权 0.95→0.95, 防守权 0.05→0.05, 进攻启发 0.0100→0.0100, 防守启发 0.0001→0.0001
2026-03-06 04:51:31,457 - INFO - 
⚖️ 平衡调整 #61: 差距<10% (拉开) 差距=6.0% 平局率=88.0% 强力进攻(全局倾向 x2.97)
2026-03-06 04:51:31,457 - INFO -   AI2(强): ε 0.010→0.009, lr 0.010→0.010, 攻击权 0.95→0.95, 防守权 0.05→0.05, 进攻启发 0.0100→0.0100, 防守启发 0.0001→0.0001
2026-03-06 04:51:31,457 - INFO -   AI1(弱): ε 0.169→0.220, lr 0.300→0.300, 攻击权 0.95→0.95, 防守权 0.05→0.05, 进攻启发 0.0100→0.0100, 防守启发 0.0001→0.0001
2026-03-06 05:02:53,602 - INFO - 
⚖️ 平衡调整 #62: 差距<10% (拉开) 差距=7.0% 平局率=87.0% 强力进攻(全局倾向 x2.94)
2026-03-06 05:02:53,602 - INFO -   AI2(强): ε 0.010→0.009, lr 0.010→0.010, 攻击权 0.95→0.95, 防守权 0.05→0.05, 进攻启发 0.0100→0.0100, 防守启发 0.0001→0.0001
2026-03-06 05:02:53,602 - INFO -   AI1(弱): ε 0.187→0.244, lr 0.300→0.300, 攻击权 0.95→0.95, 防守权 0.05→0.05, 进攻启发 0.0100→0.0100, 防守启发 0.0001→0.0001
2026-03-06 05:14:12,748 - INFO - 
⚖️ 平衡调整 #63: 差距<10% (拉开) 差距=6.0% 平局率=88.0% 强力进攻(全局倾向 x2.91)
2026-03-06 05:14:12,749 - INFO -   AI2(强): ε 0.010→0.009, lr 0.010→0.010, 攻击权 0.95→0.95, 防守权 0.05→0.05, 进攻启发 0.0100→0.0100, 防守启发 0.0001→0.0001
2026-03-06 05:14:12,749 - INFO -   AI1(弱): ε 0.204→0.266, lr 0.300→0.300, 攻击权 0.95→0.95, 防守权 0.05→0.05, 进攻启发 0.0100→0.0100, 防守启发 0.0001→0.0001
2026-03-06 05:25:29,835 - INFO - 
⚖️ 平衡调整 #64: 微调 差距=13.0% 平局率=83.0% 强力进攻(全局倾向 x2.88)
2026-03-06 05:25:29,836 - INFO -   AI2(强): ε 0.010→0.010, lr 0.010→0.010, 攻击权 0.95→0.95, 防守权 0.05→0.05, 进攻启发 0.0100→0.0100, 防守启发 0.0001→0.0001
2026-03-06 05:25:29,836 - INFO -   AI1(弱): ε 0.230→0.230, lr 0.300→0.300, 攻击权 0.95→0.95, 防守权 0.05→0.05, 进攻启发 0.0100→0.0100, 防守启发 0.0001→0.0001
2026-03-06 05:28:51,977 - INFO - 
==================================================
2026-03-06 05:28:51,977 - INFO - 第 4500/19000 局 (23.7%)
2026-03-06 05:28:51,977 - INFO - 速度: 0.1局/秒, 已用: 834.5分钟
2026-03-06 05:28:51,977 - INFO - 总战绩: AI1 188胜, AI2 690胜, 平局 4622
2026-03-06 05:28:51,978 - INFO - 近期100局: AI1 2.0%, AI2 12.0%, 平局 86.0%
2026-03-06 05:28:51,978 - INFO - 胜率差距: 10.0%
2026-03-06 05:28:51,978 - INFO - 防守统计: 总79823次, 平均17.74次/局
2026-03-06 05:28:51,978 - INFO - 参数: AI1 ε=0.219, lr=0.300
2026-03-06 05:28:51,978 - INFO -        AI2 ε=0.010, lr=0.010
2026-03-06 05:28:51,978 - INFO - ==================================================
2026-03-06 05:37:09,818 - INFO - 📈 全局进攻倾向提升至 3.00
2026-03-06 05:37:09,818 - INFO - 
⚖️ 平衡调整 #65: 差距<10% (拉开) 差距=6.0% 平局率=88.0% 强力进攻(全局倾向 x3.00)
2026-03-06 05:37:09,819 - INFO -   AI2(强): ε 0.010→0.009, lr 0.010→0.010, 攻击权 0.95→0.95, 防守权 0.05→0.05, 进攻启发 0.0100→0.0100, 防守启发 0.0001→0.0001
2026-03-06 05:37:09,819 - INFO -   AI1(弱): ε 0.195→0.253, lr 0.300→0.300, 攻击权 0.95→0.95, 防守权 0.05→0.05, 进攻启发 0.0100→0.0100, 防守启发 0.0001→0.0001
2026-03-06 05:48:00,852 - INFO - 
⚖️ 平衡调整 #66: 差距<10% (拉开) 差距=4.0% 平局率=78.0% 中等进攻
2026-03-06 05:48:00,853 - INFO -   AI2(强): ε 0.010→0.009, lr 0.010→0.010, 攻击权 0.95→0.95, 防守权 0.05→0.05, 进攻启发 0.0100→0.0100, 防守启发 0.0001→0.0001
2026-03-06 05:48:00,853 - INFO -   AI1(弱): ε 0.216→0.280, lr 0.300→0.285, 攻击权 0.95→0.95, 防守权 0.05→0.05, 进攻启发 0.0100→0.0100, 防守启发 0.0001→0.0001
2026-03-06 05:59:04,843 - INFO - 
⚖️ 平衡调整 #67: 差距<10% (拉开) 差距=4.0% 平局率=78.0% 中等进攻
2026-03-06 05:59:04,843 - INFO -   AI2(强): ε 0.010→0.009, lr 0.010→0.010, 攻击权 0.95→0.95, 防守权 0.05→0.05, 进攻启发 0.0100→0.0100, 防守启发 0.0001→0.0001
2026-03-06 05:59:04,843 - INFO -   AI1(弱): ε 0.239→0.311, lr 0.285→0.271, 攻击权 0.95→0.95, 防守权 0.05→0.05, 进攻启发 0.0100→0.0100, 防守启发 0.0001→0.0001
2026-03-06 06:10:46,835 - INFO - 
⚖️ 平衡调整 #68: 差距<10% (拉开) 差距=5.0% 平局率=85.0% 强力进攻(全局倾向 x2.91)
2026-03-06 06:10:46,835 - INFO -   AI2(强): ε 0.010→0.009, lr 0.010→0.010, 攻击权 0.95→0.95, 防守权 0.05→0.05, 进攻启发 0.0100→0.0100, 防守启发 0.0001→0.0001
2026-03-06 06:10:46,835 - INFO -   AI1(弱): ε 0.265→0.344, lr 0.271→0.300, 攻击权 0.95→0.95, 防守权 0.05→0.05, 进攻启发 0.0100→0.0100, 防守启发 0.0001→0.0001
2026-03-06 06:22:08,222 - INFO - 
⚖️ 平衡调整 #69: 微调 差距=13.0% 平局率=85.0% 强力进攻(全局倾向 x2.88)
2026-03-06 06:22:08,223 - INFO -   AI2(强): ε 0.010→0.010, lr 0.010→0.010, 攻击权 0.95→0.95, 防守权 0.05→0.05, 进攻启发 0.0100→0.0100, 防守启发 0.0001→0.0001
2026-03-06 06:22:08,223 - INFO -   AI1(弱): ε 0.296→0.296, lr 0.300→0.300, 攻击权 0.95→0.95, 防守权 0.05→0.05, 进攻启发 0.0100→0.0100, 防守启发 0.0001→0.0001
2026-03-06 06:33:42,784 - INFO - 
⚖️ 平衡调整 #70: 微调 差距=11.0% 平局率=87.0% 强力进攻(全局倾向 x2.85)
2026-03-06 06:33:42,784 - INFO -   AI2(强): ε 0.010→0.010, lr 0.010→0.010, 攻击权 0.95→0.95, 防守权 0.05→0.05, 进攻启发 0.0100→0.0100, 防守启发 0.0001→0.0001
2026-03-06 06:33:42,784 - INFO -   AI1(弱): ε 0.251→0.251, lr 0.300→0.300, 攻击权 0.95→0.95, 防守权 0.05→0.05, 进攻启发 0.0100→0.0100, 防守启发 0.0001→0.0001
2026-03-06 06:44:50,516 - INFO - 
⚖️ 平衡调整 #71: 微调 差距=14.0% 平局率=82.0% 强力进攻(全局倾向 x2.82)
2026-03-06 06:44:50,516 - INFO -   AI2(强): ε 0.010→0.010, lr 0.010→0.010, 攻击权 0.95→0.95, 防守权 0.05→0.05, 进攻启发 0.0100→0.0100, 防守启发 0.0001→0.0001
2026-03-06 06:44:50,516 - INFO -   AI1(弱): ε 0.211→0.211, lr 0.300→0.300, 攻击权 0.95→0.95, 防守权 0.05→0.05, 进攻启发 0.0100→0.0100, 防守启发 0.0001→0.0001
2026-03-06 06:49:44,843 - INFO - 
==================================================
2026-03-06 06:49:44,844 - INFO - 第 5000/19000 局 (26.3%)
2026-03-06 06:49:44,844 - INFO - 速度: 0.1局/秒, 已用: 915.4分钟
2026-03-06 06:49:44,844 - INFO - 总战绩: AI1 208胜, AI2 754胜, 平局 5038
2026-03-06 06:49:44,844 - INFO - 近期100局: AI1 2.0%, AI2 14.0%, 平局 84.0%
2026-03-06 06:49:44,844 - INFO - 胜率差距: 12.0%
2026-03-06 06:49:44,844 - INFO - 防守统计: 总87224次, 平均17.44次/局
2026-03-06 06:49:44,844 - INFO - 参数: AI1 ε=0.196, lr=0.300
2026-03-06 06:49:44,844 - INFO -        AI2 ε=0.010, lr=0.010
2026-03-06 06:49:44,844 - INFO - ==================================================
2026-03-06 06:49:44,844 - INFO - 
📊 第 5000 局检查点 速度:0.1局/秒
2026-03-06 06:49:44,846 - INFO -   战绩: AI1 208胜 AI2 754胜 平局 5038
2026-03-06 06:49:44,846 - INFO -   胜率: AI1 3.5% AI2 12.6% 平局 84.0%
2026-03-06 06:49:44,846 - INFO -   差距:9.1% 防守:87224次
2026-03-06 06:49:45,249 - INFO - 模型已保存: AI1_point_6000_20260306_064944.pkl (46.72 MB)
2026-03-06 06:49:45,478 - INFO - 模型已保存: AI2_point_6000_20260306_064944.pkl (46.92 MB)
2026-03-06 06:49:47,370 - INFO -   统计图已保存: stats_ep5000.png
2026-03-06 06:56:21,812 - INFO - 📈 全局进攻倾向提升至 3.00
2026-03-06 06:56:21,812 - INFO - 
⚖️ 平衡调整 #72: 差距<10% (拉开) 差距=8.0% 平局率=84.0% 强力进攻(全局倾向 x3.00)
2026-03-06 06:56:21,812 - INFO -   AI2(强): ε 0.010→0.009, lr 0.010→0.010, 攻击权 0.95→0.95, 防守权 0.05→0.05, 进攻启发 0.0100→0.0100, 防守启发 0.0001→0.0001
2026-03-06 06:56:21,812 - INFO -   AI1(弱): ε 0.178→0.232, lr 0.300→0.300, 攻击权 0.95→0.95, 防守权 0.05→0.05, 进攻启发 0.0100→0.0100, 防守启发 0.0001→0.0001
2026-03-06 07:07:57,863 - INFO - 
⚖️ 平衡调整 #73: 差距<10% (拉开) 差距=7.0% 平局率=85.0% 强力进攻(全局倾向 x2.97)
2026-03-06 07:07:57,863 - INFO -   AI2(强): ε 0.010→0.009, lr 0.010→0.010, 攻击权 0.95→0.95, 防守权 0.05→0.05, 进攻启发 0.0100→0.0100, 防守启发 0.0001→0.0001
2026-03-06 07:07:57,863 - INFO -   AI1(弱): ε 0.199→0.259, lr 0.300→0.300, 攻击权 0.95→0.95, 防守权 0.05→0.05, 进攻启发 0.0100→0.0100, 防守启发 0.0001→0.0001
2026-03-06 07:19:20,008 - INFO - 
⚖️ 平衡调整 #74: 微调 差距=15.0% 平局率=81.0% 强力进攻(全局倾向 x2.94)
2026-03-06 07:19:20,008 - INFO -   AI2(强): ε 0.010→0.010, lr 0.010→0.010, 攻击权 0.95→0.95, 防守权 0.05→0.05, 进攻启发 0.0100→0.0100, 防守启发 0.0001→0.0001
2026-03-06 07:19:20,009 - INFO -   AI1(弱): ε 0.226→0.226, lr 0.300→0.300, 攻击权 0.95→0.95, 防守权 0.05→0.05, 进攻启发 0.0100→0.0100, 防守启发 0.0001→0.0001
2026-03-06 07:30:35,127 - INFO - 
⚖️ 平衡调整 #75: 微调 差距=13.0% 平局率=85.0% 强力进攻(全局倾向 x2.91)
2026-03-06 07:30:35,128 - INFO -   AI2(强): ε 0.010→0.010, lr 0.010→0.010, 攻击权 0.95→0.95, 防守权 0.05→0.05, 进攻启发 0.0100→0.0100, 防守启发 0.0001→0.0001
2026-03-06 07:30:35,128 - INFO -   AI1(弱): ε 0.193→0.193, lr 0.300→0.300, 攻击权 0.95→0.95, 防守权 0.05→0.05, 进攻启发 0.0100→0.0100, 防守启发 0.0001→0.0001
2026-03-06 07:41:56,763 - INFO - 
⚖️ 平衡调整 #76: 差距<10% (拉开) 差距=7.0% 平局率=85.0% 强力进攻(全局倾向 x2.88)
2026-03-06 07:41:56,764 - INFO -   AI2(强): ε 0.010→0.009, lr 0.010→0.010, 攻击权 0.95→0.95, 防守权 0.05→0.05, 进攻启发 0.0100→0.0100, 防守启发 0.0001→0.0001
2026-03-06 07:41:56,764 - INFO -   AI1(弱): ε 0.162→0.210, lr 0.300→0.300, 攻击权 0.95→0.95, 防守权 0.05→0.05, 进攻启发 0.0100→0.0100, 防守启发 0.0001→0.0001
2026-03-06 07:53:23,055 - INFO - 📈 全局进攻倾向提升至 3.00
2026-03-06 07:53:23,055 - INFO - 
⚖️ 平衡调整 #77: 差距<10% (拉开) 差距=8.0% 平局率=86.0% 强力进攻(全局倾向 x3.00)
2026-03-06 07:53:23,055 - INFO -   AI2(强): ε 0.010→0.009, lr 0.010→0.010, 攻击权 0.95→0.95, 防守权 0.05→0.05, 进攻启发 0.0100→0.0100, 防守启发 0.0001→0.0001
2026-03-06 07:53:23,055 - INFO -   AI1(弱): ε 0.181→0.235, lr 0.300→0.300, 攻击权 0.95→0.95, 防守权 0.05→0.05, 进攻启发 0.0100→0.0100, 防守启发 0.0001→0.0001
2026-03-06 08:04:47,704 - INFO - 
⚖️ 平衡调整 #78: 微调 差距=13.0% 平局率=85.0% 强力进攻(全局倾向 x2.97)
2026-03-06 08:04:47,704 - INFO -   AI2(强): ε 0.010→0.010, lr 0.010→0.010, 攻击权 0.95→0.95, 防守权 0.05→0.05, 进攻启发 0.0100→0.0100, 防守启发 0.0001→0.0001
2026-03-06 08:04:47,704 - INFO -   AI1(弱): ε 0.202→0.202, lr 0.300→0.300, 攻击权 0.95→0.95, 防守权 0.05→0.05, 进攻启发 0.0100→0.0100, 防守启发 0.0001→0.0001
2026-03-06 08:11:17,280 - INFO - 
==================================================
2026-03-06 08:11:17,280 - INFO - 第 5500/19000 局 (28.9%)
2026-03-06 08:11:17,280 - INFO - 速度: 0.1局/秒, 已用: 996.9分钟
2026-03-06 08:11:17,280 - INFO - 总战绩: AI1 219胜, AI2 820胜, 平局 5461
2026-03-06 08:11:17,281 - INFO - 近期100局: AI1 1.0%, AI2 12.0%, 平局 87.0%
2026-03-06 08:11:17,281 - INFO - 胜率差距: 11.0%
2026-03-06 08:11:17,281 - INFO - 防守统计: 总94501次, 平均17.18次/局
2026-03-06 08:11:17,281 - INFO - 参数: AI1 ε=0.184, lr=0.300
2026-03-06 08:11:17,281 - INFO -        AI2 ε=0.010, lr=0.010
2026-03-06 08:11:17,281 - INFO - ==================================================
2026-03-06 08:16:03,371 - INFO - 
⚖️ 平衡调整 #79: 差距<10% (拉开) 差距=7.0% 平局率=89.0% 强力进攻(全局倾向 x2.94)
2026-03-06 08:16:03,371 - INFO -   AI2(强): ε 0.010→0.009, lr 0.010→0.010, 攻击权 0.95→0.95, 防守权 0.05→0.05, 进攻启发 0.0100→0.0100, 防守启发 0.0001→0.0001
2026-03-06 08:16:03,371 - INFO -   AI1(弱): ε 0.172→0.223, lr 0.300→0.300, 攻击权 0.95→0.95, 防守权 0.05→0.05, 进攻启发 0.0100→0.0100, 防守启发 0.0001→0.0001
2026-03-06 08:27:32,812 - INFO - 
⚖️ 平衡调整 #80: 微调 差距=12.0% 平局率=86.0% 强力进攻(全局倾向 x2.91)
2026-03-06 08:27:32,812 - INFO -   AI2(强): ε 0.010→0.010, lr 0.010→0.010, 攻击权 0.95→0.95, 防守权 0.05→0.05, 进攻启发 0.0100→0.0100, 防守启发 0.0001→0.0001
2026-03-06 08:27:32,812 - INFO -   AI1(弱): ε 0.192→0.192, lr 0.300→0.300, 攻击权 0.95→0.95, 防守权 0.05→0.05, 进攻启发 0.0100→0.0100, 防守启发 0.0001→0.0001
2026-03-06 08:39:13,713 - INFO - 
⚖️ 平衡调整 #81: 差距<10% (拉开) 差距=5.0% 平局率=87.0% 强力进攻(全局倾向 x2.88)
2026-03-06 08:39:13,713 - INFO -   AI2(强): ε 0.010→0.009, lr 0.010→0.010, 攻击权 0.95→0.95, 防守权 0.05→0.05, 进攻启发 0.0100→0.0100, 防守启发 0.0001→0.0001
2026-03-06 08:39:13,713 - INFO -   AI1(弱): ε 0.163→0.212, lr 0.300→0.300, 攻击权 0.95→0.95, 防守权 0.05→0.05, 进攻启发 0.0100→0.0100, 防守启发 0.0001→0.0001
2026-03-06 08:50:37,052 - INFO - 📈 全局进攻倾向提升至 3.00
2026-03-06 08:50:37,053 - INFO - 
⚖️ 平衡调整 #82: 差距<10% (拉开) 差距=5.0% 平局率=85.0% 强力进攻(全局倾向 x3.00)
2026-03-06 08:50:37,053 - INFO -   AI2(强): ε 0.010→0.009, lr 0.010→0.010, 攻击权 0.95→0.95, 防守权 0.05→0.05, 进攻启发 0.0100→0.0100, 防守启发 0.0001→0.0001
2026-03-06 08:50:37,053 - INFO -   AI1(弱): ε 0.180→0.234, lr 0.300→0.300, 攻击权 0.95→0.95, 防守权 0.05→0.05, 进攻启发 0.0100→0.0100, 防守启发 0.0001→0.0001
2026-03-06 09:01:44,163 - INFO - 
⚖️ 平衡调整 #83: 微调 差距=10.0% 平局率=84.0% 强力进攻(全局倾向 x2.97)
2026-03-06 09:01:44,163 - INFO -   AI2(强): ε 0.010→0.010, lr 0.010→0.010, 攻击权 0.95→0.95, 防守权 0.05→0.05, 进攻启发 0.0100→0.0100, 防守启发 0.0001→0.0001
2026-03-06 09:01:44,164 - INFO -   AI1(弱): ε 0.201→0.201, lr 0.300→0.300, 攻击权 0.95→0.95, 防守权 0.05→0.05, 进攻启发 0.0100→0.0100, 防守启发 0.0001→0.0001
2026-03-06 09:13:26,481 - INFO - 
⚖️ 平衡调整 #84: 差距<10% (拉开) 差距=5.0% 平局率=83.0% 强力进攻(全局倾向 x2.94)
2026-03-06 09:13:26,481 - INFO -   AI2(强): ε 0.010→0.009, lr 0.010→0.010, 攻击权 0.95→0.95, 防守权 0.05→0.05, 进攻启发 0.0100→0.0100, 防守启发 0.0001→0.0001
2026-03-06 09:13:26,481 - INFO -   AI1(弱): ε 0.169→0.220, lr 0.300→0.300, 攻击权 0.95→0.95, 防守权 0.05→0.05, 进攻启发 0.0100→0.0100, 防守启发 0.0001→0.0001
2026-03-06 09:24:48,105 - INFO - 
⚖️ 平衡调整 #85: 微调 差距=10.0% 平局率=82.0% 强力进攻(全局倾向 x2.91)
2026-03-06 09:24:48,106 - INFO -   AI2(强): ε 0.010→0.010, lr 0.010→0.010, 攻击权 0.95→0.95, 防守权 0.05→0.05, 进攻启发 0.0100→0.0100, 防守启发 0.0001→0.0001
2026-03-06 09:24:48,106 - INFO -   AI1(弱): ε 0.186→0.186, lr 0.300→0.300, 攻击权 0.95→0.95, 防守权 0.05→0.05, 进攻启发 0.0100→0.0100, 防守启发 0.0001→0.0001
2026-03-06 09:32:47,485 - INFO - 
==================================================
2026-03-06 09:32:47,485 - INFO - 第 6000/19000 局 (31.6%)
2026-03-06 09:32:47,486 - INFO - 速度: 0.1局/秒, 已用: 1078.4分钟
2026-03-06 09:32:47,486 - INFO - 总战绩: AI1 235胜, AI2 884胜, 平局 5881
2026-03-06 09:32:47,486 - INFO - 近期100局: AI1 3.0%, AI2 18.0%, 平局 79.0%
2026-03-06 09:32:47,486 - INFO - 胜率差距: 15.0%
2026-03-06 09:32:47,486 - INFO - 防守统计: 总101910次, 平均16.98次/局
2026-03-06 09:32:47,486 - INFO - 参数: AI1 ε=0.169, lr=0.300
2026-03-06 09:32:47,486 - INFO -        AI2 ε=0.010, lr=0.010
2026-03-06 09:32:47,486 - INFO - ==================================================
2026-03-06 09:36:10,837 - INFO - 
⚖️ 平衡调整 #86: 微调 差距=12.0% 平局率=82.0% 强力进攻(全局倾向 x2.88)
2026-03-06 09:36:10,837 - INFO -   AI2(强): ε 0.010→0.010, lr 0.010→0.010, 攻击权 0.95→0.95, 防守权 0.05→0.05, 进攻启发 0.0100→0.0100, 防守启发 0.0001→0.0001
2026-03-06 09:36:10,837 - INFO -   AI1(弱): ε 0.161→0.161, lr 0.300→0.300, 攻击权 0.95→0.95, 防守权 0.05→0.05, 进攻启发 0.0100→0.0100, 防守启发 0.0001→0.0001
2026-03-06 09:47:35,308 - INFO - 📈 全局进攻倾向提升至 3.00
2026-03-06 09:47:35,308 - INFO - 
⚖️ 平衡调整 #87: 微调 差距=12.0% 平局率=86.0% 强力进攻(全局倾向 x3.00)
2026-03-06 09:47:35,309 - INFO -   AI2(强): ε 0.010→0.010, lr 0.010→0.010, 攻击权 0.95→0.95, 防守权 0.05→0.05, 进攻启发 0.0100→0.0100, 防守启发 0.0001→0.0001
2026-03-06 09:47:35,309 - INFO -   AI1(弱): ε 0.137→0.137, lr 0.300→0.300, 攻击权 0.95→0.95, 防守权 0.05→0.05, 进攻启发 0.0100→0.0100, 防守启发 0.0001→0.0001
2026-03-06 09:58:53,045 - INFO - 
⚖️ 平衡调整 #88: 微调 差距=10.0% 平局率=84.0% 强力进攻(全局倾向 x2.97)
2026-03-06 09:58:53,045 - INFO -   AI2(强): ε 0.010→0.010, lr 0.010→0.010, 攻击权 0.95→0.95, 防守权 0.05→0.05, 进攻启发 0.0100→0.0100, 防守启发 0.0001→0.0001
2026-03-06 09:58:53,045 - INFO -   AI1(弱): ε 0.114→0.114, lr 0.300→0.300, 攻击权 0.95→0.95, 防守权 0.05→0.05, 进攻启发 0.0100→0.0100, 防守启发 0.0001→0.0001
2026-03-06 10:10:29,879 - INFO - 
⚖️ 平衡调整 #89: 差距<10% (拉开) 差距=7.0% 平局率=87.0% 强力进攻(全局倾向 x2.94)
2026-03-06 10:10:29,880 - INFO -   AI2(强): ε 0.010→0.009, lr 0.010→0.010, 攻击权 0.95→0.95, 防守权 0.05→0.05, 进攻启发 0.0100→0.0100, 防守启发 0.0001→0.0001
2026-03-06 10:10:29,880 - INFO -   AI1(弱): ε 0.097→0.126, lr 0.300→0.300, 攻击权 0.95→0.95, 防守权 0.05→0.05, 进攻启发 0.0100→0.0100, 防守启发 0.0001→0.0001
2026-03-06 10:21:57,881 - INFO - 
⚖️ 平衡调整 #90: 微调 差距=10.0% 平局率=86.0% 强力进攻(全局倾向 x2.91)
2026-03-06 10:21:57,881 - INFO -   AI2(强): ε 0.010→0.010, lr 0.010→0.010, 攻击权 0.95→0.95, 防守权 0.05→0.05, 进攻启发 0.0100→0.0100, 防守启发 0.0001→0.0001
2026-03-06 10:21:57,882 - INFO -   AI1(弱): ε 0.107→0.107, lr 0.300→0.300, 攻击权 0.95→0.95, 防守权 0.05→0.05, 进攻启发 0.0100→0.0100, 防守启发 0.0001→0.0001
2026-03-06 10:33:41,395 - INFO - 
⚖️ 平衡调整 #91: 差距<10% (拉开) 差距=9.0% 平局率=87.0% 强力进攻(全局倾向 x2.88)
2026-03-06 10:33:41,395 - INFO -   AI2(强): ε 0.010→0.009, lr 0.010→0.010, 攻击权 0.95→0.95, 防守权 0.05→0.05, 进攻启发 0.0100→0.0100, 防守启发 0.0001→0.0001
2026-03-06 10:33:41,395 - INFO -   AI1(弱): ε 0.091→0.118, lr 0.300→0.300, 攻击权 0.95→0.95, 防守权 0.05→0.05, 进攻启发 0.0100→0.0100, 防守启发 0.0001→0.0001
2026-03-06 10:45:08,613 - INFO - 📈 全局进攻倾向提升至 3.00
2026-03-06 10:45:08,613 - INFO - 
⚖️ 平衡调整 #92: 差距<10% (拉开) 差距=5.0% 平局率=91.0% 强力进攻(全局倾向 x3.00)
2026-03-06 10:45:08,613 - INFO -   AI2(强): ε 0.010→0.009, lr 0.010→0.010, 攻击权 0.95→0.95, 防守权 0.05→0.05, 进攻启发 0.0100→0.0100, 防守启发 0.0001→0.0001
2026-03-06 10:45:08,614 - INFO -   AI1(弱): ε 0.100→0.131, lr 0.300→0.300, 攻击权 0.95→0.95, 防守权 0.05→0.05, 进攻启发 0.0100→0.0100, 防守启发 0.0001→0.0001
2026-03-06 10:55:10,709 - INFO - 
==================================================
2026-03-06 10:55:10,709 - INFO - 第 6500/19000 局 (34.2%)
2026-03-06 10:55:10,709 - INFO - 速度: 0.1局/秒, 已用: 1160.8分钟
2026-03-06 10:55:10,710 - INFO - 总战绩: AI1 246胜, AI2 937胜, 平局 6317
2026-03-06 10:55:10,710 - INFO - 近期100局: AI1 4.0%, AI2 7.0%, 平局 89.0%
2026-03-06 10:55:10,710 - INFO - 胜率差距: 3.0%
2026-03-06 10:55:10,710 - INFO - 防守统计: 总108928次, 平均16.76次/局
2026-03-06 10:55:10,710 - INFO - 参数: AI1 ε=0.114, lr=0.300
2026-03-06 10:55:10,710 - INFO -        AI2 ε=0.010, lr=0.010
2026-03-06 10:55:10,710 - INFO - ==================================================
2026-03-06 10:57:00,689 - INFO - 
⚖️ 平衡调整 #93: 差距<10% (拉开) 差距=4.0% 平局率=88.0% 强力进攻(全局倾向 x2.97)
2026-03-06 10:57:00,689 - INFO -   AI2(强): ε 0.010→0.009, lr 0.010→0.010, 攻击权 0.95→0.95, 防守权 0.05→0.05, 进攻启发 0.0100→0.0100, 防守启发 0.0001→0.0001
2026-03-06 10:57:00,689 - INFO -   AI1(弱): ε 0.112→0.145, lr 0.300→0.300, 攻击权 0.95→0.95, 防守权 0.05→0.05, 进攻启发 0.0100→0.0100, 防守启发 0.0001→0.0001
2026-03-06 11:09:56,099 - INFO - 
⚖️ 平衡调整 #94: 差距<10% (拉开) 差距=4.0% 平局率=90.0% 强力进攻(全局倾向 x2.94)
2026-03-06 11:09:56,099 - INFO -   AI2(强): ε 0.010→0.009, lr 0.010→0.010, 攻击权 0.95→0.95, 防守权 0.05→0.05, 进攻启发 0.0100→0.0100, 防守启发 0.0001→0.0001
2026-03-06 11:09:56,099 - INFO -   AI1(弱): ε 0.123→0.159, lr 0.300→0.300, 攻击权 0.95→0.95, 防守权 0.05→0.05, 进攻启发 0.0100→0.0100, 防守启发 0.0001→0.0001
2026-03-06 11:22:00,037 - INFO - 
⚖️ 平衡调整 #95: 差距<10% (拉开) 差距=7.0% 平局率=89.0% 强力进攻(全局倾向 x2.91)
2026-03-06 11:22:00,038 - INFO -   AI2(强): ε 0.010→0.009, lr 0.010→0.010, 攻击权 0.95→0.95, 防守权 0.05→0.05, 进攻启发 0.0100→0.0100, 防守启发 0.0001→0.0001
2026-03-06 11:22:00,038 - INFO -   AI1(弱): ε 0.134→0.174, lr 0.300→0.300, 攻击权 0.95→0.95, 防守权 0.05→0.05, 进攻启发 0.0100→0.0100, 防守启发 0.0001→0.0001
2026-03-06 11:33:17,484 - INFO - 
⚖️ 平衡调整 #96: 差距<10% (拉开) 差距=6.0% 平局率=84.0% 强力进攻(全局倾向 x2.88)
2026-03-06 11:33:17,484 - INFO -   AI2(强): ε 0.010→0.009, lr 0.010→0.010, 攻击权 0.95→0.95, 防守权 0.05→0.05, 进攻启发 0.0100→0.0100, 防守启发 0.0001→0.0001
2026-03-06 11:33:17,485 - INFO -   AI1(弱): ε 0.148→0.192, lr 0.300→0.300, 攻击权 0.95→0.95, 防守权 0.05→0.05, 进攻启发 0.0100→0.0100, 防守启发 0.0001→0.0001
2026-03-06 11:44:32,398 - INFO - 
⚖️ 平衡调整 #97: 差距>20% 差距=22.0% 平局率=78.0% 中等进攻
2026-03-06 11:44:32,399 - INFO -   AI2(强): ε 0.010→0.009, lr 0.010→0.011, 攻击权 0.95→0.95, 防守权 0.05→0.05, 进攻启发 0.0100→0.0100, 防守启发 0.0001→0.0001
2026-03-06 11:44:32,399 - INFO -   AI1(弱): ε 0.171→0.137, lr 0.300→0.300, 攻击权 0.95→0.95, 防守权 0.05→0.05, 进攻启发 0.0100→0.0100, 防守启发 0.0001→0.0001
2026-03-06 11:55:56,715 - INFO - 
⚖️ 平衡调整 #98: 微调 差距=12.0% 平局率=82.0% 强力进攻(全局倾向 x2.82)
2026-03-06 11:55:56,715 - INFO -   AI2(强): ε 0.010→0.010, lr 0.011→0.010, 攻击权 0.95→0.95, 防守权 0.05→0.05, 进攻启发 0.0100→0.0100, 防守启发 0.0001→0.0001
2026-03-06 11:55:56,715 - INFO -   AI1(弱): ε 0.117→0.117, lr 0.300→0.300, 攻击权 0.95→0.95, 防守权 0.05→0.05, 进攻启发 0.0100→0.0100, 防守启发 0.0001→0.0001
2026-03-06 12:07:32,394 - INFO - 
⚖️ 平衡调整 #99: 微调 差距=12.0% 平局率=84.0% 强力进攻(全局倾向 x2.80)
2026-03-06 12:07:32,394 - INFO -   AI2(强): ε 0.010→0.010, lr 0.010→0.010, 攻击权 0.95→0.95, 防守权 0.05→0.05, 进攻启发 0.0100→0.0100, 防守启发 0.0001→0.0001
2026-03-06 12:07:32,394 - INFO -   AI1(弱): ε 0.101→0.101, lr 0.300→0.300, 攻击权 0.95→0.95, 防守权 0.05→0.05, 进攻启发 0.0100→0.0100, 防守启发 0.0001→0.0001
2026-03-06 12:19:16,959 - INFO - 
⚖️ 平衡调整 #100: 差距<10% (拉开) 差距=6.0% 平局率=88.0% 强力进攻(全局倾向 x2.77)
2026-03-06 12:19:16,960 - INFO -   AI2(强): ε 0.010→0.009, lr 0.010→0.010, 攻击权 0.95→0.95, 防守权 0.05→0.05, 进攻启发 0.0100→0.0100, 防守启发 0.0001→0.0001
2026-03-06 12:19:16,960 - INFO -   AI1(弱): ε 0.084→0.110, lr 0.300→0.300, 攻击权 0.95→0.95, 防守权 0.05→0.05, 进攻启发 0.0100→0.0100, 防守启发 0.0001→0.0001
2026-03-06 12:19:16,960 - INFO - 
==================================================
2026-03-06 12:19:16,960 - INFO - 第 7000/19000 局 (36.8%)
2026-03-06 12:19:16,960 - INFO - 速度: 0.1局/秒, 已用: 1244.9分钟
2026-03-06 12:19:16,960 - INFO - 总战绩: AI1 260胜, AI2 998胜, 平局 6742
2026-03-06 12:19:16,960 - INFO - 近期100局: AI1 3.0%, AI2 9.0%, 平局 88.0%
2026-03-06 12:19:16,960 - INFO - 胜率差距: 6.0%
2026-03-06 12:19:16,960 - INFO - 防守统计: 总116068次, 平均16.58次/局
2026-03-06 12:19:16,960 - INFO - 参数: AI1 ε=0.110, lr=0.300
2026-03-06 12:19:16,960 - INFO -        AI2 ε=0.009, lr=0.010
2026-03-06 12:19:16,960 - INFO - ==================================================
2026-03-06 12:31:44,016 - INFO - 
⚖️ 平衡调整 #101: 差距<10% (拉开) 差距=9.0% 平局率=87.0% 强力进攻(全局倾向 x2.74)
2026-03-06 12:31:44,017 - INFO -   AI2(强): ε 0.010→0.009, lr 0.010→0.010, 攻击权 0.95→0.95, 防守权 0.05→0.05, 进攻启发 0.0100→0.0100, 防守启发 0.0001→0.0001
2026-03-06 12:31:44,017 - INFO -   AI1(弱): ε 0.093→0.121, lr 0.300→0.300, 攻击权 0.95→0.95, 防守权 0.05→0.05, 进攻启发 0.0100→0.0100, 防守启发 0.0001→0.0001
2026-03-06 12:45:24,940 - INFO - 📈 全局进攻倾向提升至 3.00
2026-03-06 12:45:24,941 - INFO - 
⚖️ 平衡调整 #102: 差距<10% (拉开) 差距=5.0% 平局率=89.0% 强力进攻(全局倾向 x3.00)
2026-03-06 12:45:24,941 - INFO -   AI2(强): ε 0.010→0.009, lr 0.010→0.010, 攻击权 0.95→0.95, 防守权 0.05→0.05, 进攻启发 0.0100→0.0100, 防守启发 0.0001→0.0001
2026-03-06 12:45:24,941 - INFO -   AI1(弱): ε 0.103→0.134, lr 0.300→0.300, 攻击权 0.95→0.95, 防守权 0.05→0.05, 进攻启发 0.0100→0.0100, 防守启发 0.0001→0.0001
2026-03-06 12:57:57,488 - INFO - 
⚖️ 平衡调整 #103: 微调 差距=14.0% 平局率=80.0% 中等进攻
2026-03-06 12:57:57,488 - INFO -   AI2(强): ε 0.010→0.010, lr 0.010→0.010, 攻击权 0.95→0.95, 防守权 0.05→0.05, 进攻启发 0.0100→0.0100, 防守启发 0.0001→0.0001
2026-03-06 12:57:57,488 - INFO -   AI1(弱): ε 0.115→0.115, lr 0.300→0.280, 攻击权 0.95→0.95, 防守权 0.05→0.05, 进攻启发 0.0100→0.0100, 防守启发 0.0001→0.0001
2026-03-06 13:12:14,301 - INFO - 
⚖️ 平衡调整 #104: 微调 差距=12.0% 平局率=86.0% 强力进攻(全局倾向 x2.94)
2026-03-06 13:12:14,302 - INFO -   AI2(强): ε 0.010→0.010, lr 0.010→0.010, 攻击权 0.95→0.95, 防守权 0.05→0.05, 进攻启发 0.0100→0.0100, 防守启发 0.0001→0.0001
2026-03-06 13:12:14,302 - INFO -   AI1(弱): ε 0.099→0.099, lr 0.280→0.300, 攻击权 0.95→0.95, 防守权 0.05→0.05, 进攻启发 0.0100→0.0100, 防守启发 0.0001→0.0001
2026-03-06 13:27:38,683 - INFO - 
⚖️ 平衡调整 #105: 差距<10% (拉开) 差距=7.0% 平局率=85.0% 强力进攻(全局倾向 x2.91)
2026-03-06 13:27:38,683 - INFO -   AI2(强): ε 0.010→0.009, lr 0.010→0.010, 攻击权 0.95→0.95, 防守权 0.05→0.05, 进攻启发 0.0100→0.0100, 防守启发 0.0001→0.0001
2026-03-06 13:27:38,683 - INFO -   AI1(弱): ε 0.084→0.110, lr 0.300→0.300, 攻击权 0.95→0.95, 防守权 0.05→0.05, 进攻启发 0.0100→0.0100, 防守启发 0.0001→0.0001
2026-03-06 13:42:59,640 - INFO - 
⚖️ 平衡调整 #106: 差距<10% (拉开) 差距=4.0% 平局率=86.0% 强力进攻(全局倾向 x2.88)
2026-03-06 13:42:59,640 - INFO -   AI2(强): ε 0.010→0.009, lr 0.010→0.010, 攻击权 0.95→0.95, 防守权 0.05→0.05, 进攻启发 0.0100→0.0100, 防守启发 0.0001→0.0001
2026-03-06 13:42:59,641 - INFO -   AI1(弱): ε 0.093→0.121, lr 0.300→0.300, 攻击权 0.95→0.95, 防守权 0.05→0.05, 进攻启发 0.0100→0.0100, 防守启发 0.0001→0.0001
2026-03-06 14:01:01,630 - INFO - 
⚖️ 平衡调整 #107: 差距<10% (拉开) 差距=5.0% 平局率=89.0% 强力进攻(全局倾向 x2.85)
2026-03-06 14:01:01,631 - INFO -   AI2(强): ε 0.010→0.009, lr 0.010→0.010, 攻击权 0.95→0.95, 防守权 0.05→0.05, 进攻启发 0.0100→0.0100, 防守启发 0.0001→0.0001
2026-03-06 14:01:01,631 - INFO -   AI1(弱): ε 0.101→0.132, lr 0.300→0.300, 攻击权 0.95→0.95, 防守权 0.05→0.05, 进攻启发 0.0100→0.0100, 防守启发 0.0001→0.0001
2026-03-06 14:03:22,109 - INFO - 
==================================================
2026-03-06 14:03:22,109 - INFO - 第 7500/19000 局 (39.5%)
2026-03-06 14:03:22,110 - INFO - 速度: 0.1局/秒, 已用: 1349.0分钟
2026-03-06 14:03:22,110 - INFO - 总战绩: AI1 275胜, AI2 1053胜, 平局 7172
2026-03-06 14:03:22,111 - INFO - 近期100局: AI1 2.0%, AI2 9.0%, 平局 89.0%
2026-03-06 14:03:22,111 - INFO - 胜率差距: 7.0%
2026-03-06 14:03:22,112 - INFO - 防守统计: 总123172次, 平均16.42次/局
2026-03-06 14:03:22,112 - INFO - 参数: AI1 ε=0.129, lr=0.300
2026-03-06 14:03:22,112 - INFO -        AI2 ε=0.010, lr=0.010
2026-03-06 14:03:22,113 - INFO - ==================================================
2026-03-06 14:18:21,736 - INFO - 📈 全局进攻倾向提升至 3.00
2026-03-06 14:18:21,736 - INFO - 
⚖️ 平衡调整 #108: 差距<10% (拉开) 差距=6.0% 平局率=90.0% 强力进攻(全局倾向 x3.00)
2026-03-06 14:18:21,736 - INFO -   AI2(强): ε 0.010→0.009, lr 0.010→0.010, 攻击权 0.95→0.95, 防守权 0.05→0.05, 进攻启发 0.0100→0.0100, 防守启发 0.0001→0.0001
2026-03-06 14:18:21,736 - INFO -   AI1(弱): ε 0.112→0.146, lr 0.300→0.300, 攻击权 0.95→0.95, 防守权 0.05→0.05, 进攻启发 0.0100→0.0100, 防守启发 0.0001→0.0001
2026-03-06 14:36:45,866 - INFO - 
⚖️ 平衡调整 #109: 差距<10% (拉开) 差距=8.0% 平局率=90.0% 强力进攻(全局倾向 x2.97)
2026-03-06 14:36:45,867 - INFO -   AI2(强): ε 0.010→0.009, lr 0.010→0.010, 攻击权 0.95→0.95, 防守权 0.05→0.05, 进攻启发 0.0100→0.0100, 防守启发 0.0001→0.0001
2026-03-06 14:36:45,867 - INFO -   AI1(弱): ε 0.125→0.162, lr 0.300→0.300, 攻击权 0.95→0.95, 防守权 0.05→0.05, 进攻启发 0.0100→0.0100, 防守启发 0.0001→0.0001
2026-03-06 14:51:47,799 - INFO - 
⚖️ 平衡调整 #110: 微调 差距=11.0% 平局率=87.0% 强力进攻(全局倾向 x2.94)
2026-03-06 14:51:47,800 - INFO -   AI2(强): ε 0.010→0.010, lr 0.010→0.010, 攻击权 0.95→0.95, 防守权 0.05→0.05, 进攻启发 0.0100→0.0100, 防守启发 0.0001→0.0001
2026-03-06 14:51:47,800 - INFO -   AI1(弱): ε 0.140→0.140, lr 0.300→0.300, 攻击权 0.95→0.95, 防守权 0.05→0.05, 进攻启发 0.0100→0.0100, 防守启发 0.0001→0.0001
2026-03-06 15:05:42,828 - INFO - 
⚖️ 平衡调整 #111: 微调 差距=10.0% 平局率=84.0% 强力进攻(全局倾向 x2.91)
2026-03-06 15:05:42,828 - INFO -   AI2(强): ε 0.010→0.010, lr 0.010→0.010, 攻击权 0.95→0.95, 防守权 0.05→0.05, 进攻启发 0.0100→0.0100, 防守启发 0.0001→0.0001
2026-03-06 15:05:42,828 - INFO -   AI1(弱): ε 0.118→0.118, lr 0.300→0.300, 攻击权 0.95→0.95, 防守权 0.05→0.05, 进攻启发 0.0100→0.0100, 防守启发 0.0001→0.0001
2026-03-06 15:21:23,648 - INFO - 
⚖️ 平衡调整 #112: 差距<10% (拉开) 差距=7.0% 平局率=89.0% 强力进攻(全局倾向 x2.88)
2026-03-06 15:21:23,649 - INFO -   AI2(强): ε 0.010→0.009, lr 0.010→0.010, 攻击权 0.95→0.95, 防守权 0.05→0.05, 进攻启发 0.0100→0.0100, 防守启发 0.0001→0.0001
2026-03-06 15:21:23,649 - INFO -   AI1(弱): ε 0.100→0.130, lr 0.300→0.300, 攻击权 0.95→0.95, 防守权 0.05→0.05, 进攻启发 0.0100→0.0100, 防守启发 0.0001→0.0001
2026-03-06 15:36:36,335 - INFO - 📈 全局进攻倾向提升至 3.00
2026-03-06 15:36:36,336 - INFO - 
⚖️ 平衡调整 #113: 差距<10% (拉开) 差距=8.0% 平局率=86.0% 强力进攻(全局倾向 x3.00)
2026-03-06 15:36:36,336 - INFO -   AI2(强): ε 0.010→0.009, lr 0.010→0.010, 攻击权 0.95→0.95, 防守权 0.05→0.05, 进攻启发 0.0100→0.0100, 防守启发 0.0001→0.0001
2026-03-06 15:36:36,336 - INFO -   AI1(弱): ε 0.110→0.143, lr 0.300→0.300, 攻击权 0.95→0.95, 防守权 0.05→0.05, 进攻启发 0.0100→0.0100, 防守启发 0.0001→0.0001
2026-03-06 15:50:56,189 - INFO - 
⚖️ 平衡调整 #114: 差距<10% (拉开) 差距=9.0% 平局率=87.0% 强力进攻(全局倾向 x2.97)
2026-03-06 15:50:56,190 - INFO -   AI2(强): ε 0.010→0.009, lr 0.010→0.010, 攻击权 0.95→0.95, 防守权 0.05→0.05, 进攻启发 0.0100→0.0100, 防守启发 0.0001→0.0001
2026-03-06 15:50:56,190 - INFO -   AI1(弱): ε 0.120→0.156, lr 0.300→0.300, 攻击权 0.95→0.95, 防守权 0.05→0.05, 进攻启发 0.0100→0.0100, 防守启发 0.0001→0.0001
2026-03-06 15:54:49,383 - INFO - 
==================================================
2026-03-06 15:54:49,384 - INFO - 第 8000/19000 局 (42.1%)
2026-03-06 15:54:49,384 - INFO - 速度: 0.1局/秒, 已用: 1460.4分钟
2026-03-06 15:54:49,384 - INFO - 总战绩: AI1 285胜, AI2 1103胜, 平局 7612
2026-03-06 15:54:49,384 - INFO - 近期100局: AI1 1.0%, AI2 10.0%, 平局 89.0%
2026-03-06 15:54:49,384 - INFO - 胜率差距: 9.0%
2026-03-06 15:54:49,384 - INFO - 防守统计: 总130382次, 平均16.30次/局
2026-03-06 15:54:49,385 - INFO - 参数: AI1 ε=0.148, lr=0.300
2026-03-06 15:54:49,385 - INFO -        AI2 ε=0.010, lr=0.010
2026-03-06 15:54:49,385 - INFO - ==================================================
2026-03-06 16:05:24,841 - INFO - 
⚖️ 平衡调整 #115: 微调 差距=13.0% 平局率=85.0% 强力进攻(全局倾向 x2.94)
2026-03-06 16:05:24,841 - INFO -   AI2(强): ε 0.010→0.010, lr 0.010→0.010, 攻击权 0.95→0.95, 防守权 0.05→0.05, 进攻启发 0.0100→0.0100, 防守启发 0.0001→0.0001
2026-03-06 16:05:24,841 - INFO -   AI1(弱): ε 0.135→0.135, lr 0.300→0.300, 攻击权 0.95→0.95, 防守权 0.05→0.05, 进攻启发 0.0100→0.0100, 防守启发 0.0001→0.0001
2026-03-06 16:21:26,794 - INFO - 
⚖️ 平衡调整 #116: 微调 差距=14.0% 平局率=86.0% 强力进攻(全局倾向 x2.91)
2026-03-06 16:21:26,794 - INFO -   AI2(强): ε 0.010→0.010, lr 0.010→0.010, 攻击权 0.95→0.95, 防守权 0.05→0.05, 进攻启发 0.0100→0.0100, 防守启发 0.0001→0.0001
2026-03-06 16:21:26,794 - INFO -   AI1(弱): ε 0.117→0.117, lr 0.300→0.300, 攻击权 0.95→0.95, 防守权 0.05→0.05, 进攻启发 0.0100→0.0100, 防守启发 0.0001→0.0001
2026-03-06 16:37:23,391 - INFO - 
⚖️ 平衡调整 #117: 微调 差距=15.0% 平局率=83.0% 强力进攻(全局倾向 x2.88)
2026-03-06 16:37:23,392 - INFO -   AI2(强): ε 0.010→0.010, lr 0.010→0.010, 攻击权 0.95→0.95, 防守权 0.05→0.05, 进攻启发 0.0100→0.0100, 防守启发 0.0001→0.0001
2026-03-06 16:37:23,392 - INFO -   AI1(弱): ε 0.101→0.101, lr 0.300→0.300, 攻击权 0.95→0.95, 防守权 0.05→0.05, 进攻启发 0.0100→0.0100, 防守启发 0.0001→0.0001
2026-03-06 16:54:12,146 - INFO - 📈 全局进攻倾向提升至 3.00
2026-03-06 16:54:12,148 - INFO - 
⚖️ 平衡调整 #118: 差距<10% (拉开) 差距=9.0% 平局率=87.0% 强力进攻(全局倾向 x3.00)
2026-03-06 16:54:12,149 - INFO -   AI2(强): ε 0.010→0.009, lr 0.010→0.010, 攻击权 0.95→0.95, 防守权 0.05→0.05, 进攻启发 0.0100→0.0100, 防守启发 0.0001→0.0001
2026-03-06 16:54:12,149 - INFO -   AI1(弱): ε 0.085→0.110, lr 0.300→0.300, 攻击权 0.95→0.95, 防守权 0.05→0.05, 进攻启发 0.0100→0.0100, 防守启发 0.0001→0.0001
2026-03-06 17:08:44,607 - INFO - 
⚖️ 平衡调整 #119: 微调 差距=11.0% 平局率=83.0% 强力进攻(全局倾向 x2.97)
2026-03-06 17:08:44,608 - INFO -   AI2(强): ε 0.010→0.010, lr 0.010→0.010, 攻击权 0.95→0.95, 防守权 0.05→0.05, 进攻启发 0.0100→0.0100, 防守启发 0.0001→0.0001
2026-03-06 17:08:44,608 - INFO -   AI1(弱): ε 0.094→0.094, lr 0.300→0.300, 攻击权 0.95→0.95, 防守权 0.05→0.05, 进攻启发 0.0100→0.0100, 防守启发 0.0001→0.0001
2026-03-06 17:21:02,286 - INFO - 
⚖️ 平衡调整 #120: 微调 差距=13.0% 平局率=85.0% 强力进攻(全局倾向 x2.94)
2026-03-06 17:21:02,286 - INFO -   AI2(强): ε 0.010→0.010, lr 0.010→0.010, 攻击权 0.95→0.95, 防守权 0.05→0.05, 进攻启发 0.0100→0.0100, 防守启发 0.0001→0.0001
2026-03-06 17:21:02,286 - INFO -   AI1(弱): ε 0.080→0.080, lr 0.300→0.300, 攻击权 0.95→0.95, 防守权 0.05→0.05, 进攻启发 0.0100→0.0100, 防守启发 0.0001→0.0001
2026-03-06 17:33:17,484 - INFO - 
⚖️ 平衡调整 #121: 差距<10% (拉开) 差距=0.0% 平局率=90.0% 强力进攻(全局倾向 x2.91)
2026-03-06 17:33:17,484 - INFO -   AI2(强): ε 0.010→0.009, lr 0.010→0.010, 攻击权 0.95→0.95, 防守权 0.05→0.05, 进攻启发 0.0100→0.0100, 防守启发 0.0001→0.0001
2026-03-06 17:33:17,485 - INFO -   AI1(弱): ε 0.067→0.087, lr 0.300→0.300, 攻击权 0.95→0.95, 防守权 0.05→0.05, 进攻启发 0.0100→0.0100, 防守启发 0.0001→0.0001
2026-03-06 17:38:35,236 - INFO - 
==================================================
2026-03-06 17:38:35,236 - INFO - 第 8500/19000 局 (44.7%)
2026-03-06 17:38:35,236 - INFO - 速度: 0.1局/秒, 已用: 1564.2分钟
2026-03-06 17:38:35,236 - INFO - 总战绩: AI1 295胜, AI2 1163胜, 平局 8042
2026-03-06 17:38:35,236 - INFO - 近期100局: AI1 6.0%, AI2 3.0%, 平局 91.0%
2026-03-06 17:38:35,236 - INFO - 胜率差距: 3.0%
2026-03-06 17:38:35,236 - INFO - 防守统计: 总137357次, 平均16.16次/局
2026-03-06 17:38:35,237 - INFO - 参数: AI1 ε=0.081, lr=0.300
2026-03-06 17:38:35,237 - INFO -        AI2 ε=0.010, lr=0.010
2026-03-06 17:38:35,237 - INFO - ==================================================
2026-03-06 17:45:44,565 - INFO - 
⚖️ 平衡调整 #122: 差距<10% (拉开) 差距=2.0% 平局率=92.0% 强力进攻(全局倾向 x2.88)
2026-03-06 17:45:44,565 - INFO -   AI2(强): ε 0.010→0.009, lr 0.010→0.010, 攻击权 0.95→0.95, 防守权 0.05→0.05, 进攻启发 0.0100→0.0100, 防守启发 0.0001→0.0001
2026-03-06 17:45:44,565 - INFO -   AI1(弱): ε 0.075→0.097, lr 0.300→0.300, 攻击权 0.95→0.95, 防守权 0.05→0.05, 进攻启发 0.0100→0.0100, 防守启发 0.0001→0.0001
2026-03-06 17:57:45,210 - INFO - 📈 全局进攻倾向提升至 3.00
2026-03-06 17:57:45,210 - INFO - 
⚖️ 平衡调整 #123: 微调 差距=10.0% 平局率=86.0% 强力进攻(全局倾向 x3.00)
2026-03-06 17:57:45,210 - INFO -   AI2(强): ε 0.010→0.010, lr 0.010→0.010, 攻击权 0.95→0.95, 防守权 0.05→0.05, 进攻启发 0.0100→0.0100, 防守启发 0.0001→0.0001
2026-03-06 17:57:45,210 - INFO -   AI1(弱): ε 0.084→0.084, lr 0.300→0.300, 攻击权 0.95→0.95, 防守权 0.05→0.05, 进攻启发 0.0100→0.0100, 防守启发 0.0001→0.0001
2026-03-06 18:09:57,806 - INFO - 
⚖️ 平衡调整 #124: 微调 差距=11.0% 平局率=85.0% 强力进攻(全局倾向 x2.97)
2026-03-06 18:09:57,806 - INFO -   AI2(强): ε 0.010→0.010, lr 0.010→0.010, 攻击权 0.95→0.95, 防守权 0.05→0.05, 进攻启发 0.0100→0.0100, 防守启发 0.0001→0.0001
2026-03-06 18:09:57,807 - INFO -   AI1(弱): ε 0.072→0.072, lr 0.300→0.300, 攻击权 0.95→0.95, 防守权 0.05→0.05, 进攻启发 0.0100→0.0100, 防守启发 0.0001→0.0001
2026-03-06 18:22:09,441 - INFO - 
⚖️ 平衡调整 #125: 微调 差距=11.0% 平局率=85.0% 强力进攻(全局倾向 x2.94)
2026-03-06 18:22:09,442 - INFO -   AI2(强): ε 0.010→0.010, lr 0.010→0.010, 攻击权 0.95→0.95, 防守权 0.05→0.05, 进攻启发 0.0100→0.0100, 防守启发 0.0001→0.0001
2026-03-06 18:22:09,442 - INFO -   AI1(弱): ε 0.063→0.063, lr 0.300→0.300, 攻击权 0.95→0.95, 防守权 0.05→0.05, 进攻启发 0.0100→0.0100, 防守启发 0.0001→0.0001
2026-03-06 18:34:37,375 - INFO - 
⚖️ 平衡调整 #126: 差距<10% (拉开) 差距=9.0% 平局率=89.0% 强力进攻(全局倾向 x2.91)
2026-03-06 18:34:37,375 - INFO -   AI2(强): ε 0.010→0.009, lr 0.010→0.010, 攻击权 0.95→0.95, 防守权 0.05→0.05, 进攻启发 0.0100→0.0100, 防守启发 0.0001→0.0001
2026-03-06 18:34:37,375 - INFO -   AI1(弱): ε 0.053→0.069, lr 0.300→0.300, 攻击权 0.95→0.95, 防守权 0.05→0.05, 进攻启发 0.0100→0.0100, 防守启发 0.0001→0.0001
2026-03-06 18:46:42,616 - INFO - 
⚖️ 平衡调整 #127: 微调 差距=10.0% 平局率=86.0% 强力进攻(全局倾向 x2.88)
2026-03-06 18:46:42,616 - INFO -   AI2(强): ε 0.010→0.010, lr 0.010→0.010, 攻击权 0.95→0.95, 防守权 0.05→0.05, 进攻启发 0.0100→0.0100, 防守启发 0.0001→0.0001
2026-03-06 18:46:42,616 - INFO -   AI1(弱): ε 0.059→0.059, lr 0.300→0.300, 攻击权 0.95→0.95, 防守权 0.05→0.05, 进攻启发 0.0100→0.0100, 防守启发 0.0001→0.0001
2026-03-06 18:58:59,829 - INFO - 📈 全局进攻倾向提升至 3.00
2026-03-06 18:58:59,830 - INFO - 
⚖️ 平衡调整 #128: 差距<10% (拉开) 差距=8.0% 平局率=90.0% 强力进攻(全局倾向 x3.00)
2026-03-06 18:58:59,830 - INFO -   AI2(强): ε 0.010→0.009, lr 0.010→0.010, 攻击权 0.95→0.95, 防守权 0.05→0.05, 进攻启发 0.0100→0.0100, 防守启发 0.0001→0.0001
2026-03-06 18:58:59,830 - INFO -   AI1(弱): ε 0.051→0.066, lr 0.300→0.300, 攻击权 0.95→0.95, 防守权 0.05→0.05, 进攻启发 0.0100→0.0100, 防守启发 0.0001→0.0001
2026-03-06 19:06:13,639 - INFO - 
==================================================
2026-03-06 19:06:13,639 - INFO - 第 9000/19000 局 (47.4%)
2026-03-06 19:06:13,639 - INFO - 速度: 0.1局/秒, 已用: 1651.8分钟
2026-03-06 19:06:13,639 - INFO - 总战绩: AI1 302胜, AI2 1215胜, 平局 8483
2026-03-06 19:06:13,639 - INFO - 近期100局: AI1 0.0%, AI2 6.0%, 平局 94.0%
2026-03-06 19:06:13,639 - INFO - 胜率差距: 6.0%
2026-03-06 19:06:13,639 - INFO - 防守统计: 总144474次, 平均16.05次/局
2026-03-06 19:06:13,639 - INFO - 参数: AI1 ε=0.060, lr=0.300
2026-03-06 19:06:13,639 - INFO -        AI2 ε=0.010, lr=0.010
2026-03-06 19:06:13,639 - INFO - ==================================================
2026-03-06 19:11:30,137 - INFO - 
⚖️ 平衡调整 #129: 差距<10% (拉开) 差距=3.0% 平局率=97.0% 强力进攻(全局倾向 x2.97)
2026-03-06 19:11:30,138 - INFO -   AI2(强): ε 0.010→0.009, lr 0.010→0.010, 攻击权 0.95→0.95, 防守权 0.05→0.05, 进攻启发 0.0100→0.0100, 防守启发 0.0001→0.0001
2026-03-06 19:11:30,138 - INFO -   AI1(弱): ε 0.055→0.072, lr 0.300→0.300, 攻击权 0.95→0.95, 防守权 0.05→0.05, 进攻启发 0.0100→0.0100, 防守启发 0.0001→0.0001
2026-03-06 19:24:28,525 - INFO - 
⚖️ 平衡调整 #130: 差距<10% (拉开) 差距=5.0% 平局率=93.0% 强力进攻(全局倾向 x2.94)
2026-03-06 19:24:28,525 - INFO -   AI2(强): ε 0.010→0.009, lr 0.010→0.010, 攻击权 0.95→0.95, 防守权 0.05→0.05, 进攻启发 0.0100→0.0100, 防守启发 0.0001→0.0001
2026-03-06 19:24:28,526 - INFO -   AI1(弱): ε 0.061→0.079, lr 0.300→0.300, 攻击权 0.95→0.95, 防守权 0.05→0.05, 进攻启发 0.0100→0.0100, 防守启发 0.0001→0.0001
2026-03-06 19:38:09,672 - INFO - 
⚖️ 平衡调整 #131: 差距<10% (拉开) 差距=7.0% 平局率=83.0% 强力进攻(全局倾向 x2.91)
2026-03-06 19:38:09,672 - INFO -   AI2(强): ε 0.010→0.009, lr 0.010→0.010, 攻击权 0.95→0.95, 防守权 0.05→0.05, 进攻启发 0.0100→0.0100, 防守启发 0.0001→0.0001
2026-03-06 19:38:09,672 - INFO -   AI1(弱): ε 0.067→0.087, lr 0.300→0.300, 攻击权 0.95→0.95, 防守权 0.05→0.05, 进攻启发 0.0100→0.0100, 防守启发 0.0001→0.0001
2026-03-06 19:52:26,930 - INFO - 
⚖️ 平衡调整 #132: 微调 差距=11.0% 平局率=79.0% 中等进攻
2026-03-06 19:52:26,930 - INFO -   AI2(强): ε 0.010→0.010, lr 0.010→0.010, 攻击权 0.95→0.95, 防守权 0.05→0.05, 进攻启发 0.0100→0.0100, 防守启发 0.0001→0.0001
2026-03-06 19:52:26,930 - INFO -   AI1(弱): ε 0.075→0.075, lr 0.300→0.280, 攻击权 0.95→0.95, 防守权 0.05→0.05, 进攻启发 0.0100→0.0100, 防守启发 0.0001→0.0001
2026-03-06 20:07:07,992 - INFO - 
⚖️ 平衡调整 #133: 微调 差距=11.0% 平局率=85.0% 强力进攻(全局倾向 x2.85)
2026-03-06 20:07:07,992 - INFO -   AI2(强): ε 0.010→0.010, lr 0.010→0.010, 攻击权 0.95→0.95, 防守权 0.05→0.05, 进攻启发 0.0100→0.0100, 防守启发 0.0001→0.0001
2026-03-06 20:07:07,993 - INFO -   AI1(弱): ε 0.064→0.064, lr 0.280→0.300, 攻击权 0.95→0.95, 防守权 0.05→0.05, 进攻启发 0.0100→0.0100, 防守启发 0.0001→0.0001
2026-03-06 20:21:27,203 - INFO - 
⚖️ 平衡调整 #134: 微调 差距=10.0% 平局率=88.0% 强力进攻(全局倾向 x2.82)
2026-03-06 20:21:27,203 - INFO -   AI2(强): ε 0.010→0.010, lr 0.010→0.010, 攻击权 0.95→0.95, 防守权 0.05→0.05, 进攻启发 0.0100→0.0100, 防守启发 0.0001→0.0001
2026-03-06 20:21:27,203 - INFO -   AI1(弱): ε 0.055→0.055, lr 0.300→0.300, 攻击权 0.95→0.95, 防守权 0.05→0.05, 进攻启发 0.0100→0.0100, 防守启发 0.0001→0.0001
2026-03-06 20:35:57,215 - INFO - 
⚖️ 平衡调整 #135: 微调 差距=11.0% 平局率=89.0% 强力进攻(全局倾向 x2.80)
2026-03-06 20:35:57,216 - INFO -   AI2(强): ε 0.010→0.010, lr 0.010→0.010, 攻击权 0.95→0.95, 防守权 0.05→0.05, 进攻启发 0.0100→0.0100, 防守启发 0.0001→0.0001
2026-03-06 20:35:57,216 - INFO -   AI1(弱): ε 0.047→0.047, lr 0.300→0.300, 攻击权 0.95→0.95, 防守权 0.05→0.05, 进攻启发 0.0100→0.0100, 防守启发 0.0001→0.0001
2026-03-06 20:46:23,647 - INFO - 
==================================================
2026-03-06 20:46:23,647 - INFO - 第 9500/19000 局 (50.0%)
2026-03-06 20:46:23,647 - INFO - 速度: 0.1局/秒, 已用: 1752.0分钟
2026-03-06 20:46:23,647 - INFO - 总战绩: AI1 311胜, AI2 1268胜, 平局 8921
2026-03-06 20:46:23,647 - INFO - 近期100局: AI1 1.0%, AI2 9.0%, 平局 90.0%
2026-03-06 20:46:23,647 - INFO - 胜率差距: 8.0%
2026-03-06 20:46:23,647 - INFO - 防守统计: 总151597次, 平均15.96次/局
2026-03-06 20:46:23,647 - INFO - 参数: AI1 ε=0.041, lr=0.300
2026-03-06 20:46:23,647 - INFO -        AI2 ε=0.010, lr=0.010
2026-03-06 20:46:23,648 - INFO - ==================================================
2026-03-06 20:50:26,203 - INFO - 
⚖️ 平衡调整 #136: 差距<10% (拉开) 差距=8.0% 平局率=90.0% 强力进攻(全局倾向 x2.77)
2026-03-06 20:50:26,203 - INFO -   AI2(强): ε 0.010→0.009, lr 0.010→0.010, 攻击权 0.95→0.95, 防守权 0.05→0.05, 进攻启发 0.0100→0.0100, 防守启发 0.0001→0.0001
2026-03-06 20:50:26,204 - INFO -   AI1(弱): ε 0.040→0.052, lr 0.300→0.300, 攻击权 0.95→0.95, 防守权 0.05→0.05, 进攻启发 0.0100→0.0100, 防守启发 0.0001→0.0001
2026-03-06 21:03:19,918 - INFO - 📈 全局进攻倾向提升至 3.00
2026-03-06 21:03:19,918 - INFO - 
⚖️ 平衡调整 #137: 差距<10% (拉开) 差距=8.0% 平局率=90.0% 强力进攻(全局倾向 x3.00)
2026-03-06 21:03:19,919 - INFO -   AI2(强): ε 0.010→0.009, lr 0.010→0.010, 攻击权 0.95→0.95, 防守权 0.05→0.05, 进攻启发 0.0100→0.0100, 防守启发 0.0001→0.0001
2026-03-06 21:03:19,919 - INFO -   AI1(弱): ε 0.043→0.057, lr 0.300→0.300, 攻击权 0.95→0.95, 防守权 0.05→0.05, 进攻启发 0.0100→0.0100, 防守启发 0.0001→0.0001
2026-03-06 21:16:34,090 - INFO - 
⚖️ 平衡调整 #138: 差距<10% (拉开) 差距=3.0% 平局率=93.0% 强力进攻(全局倾向 x2.97)
2026-03-06 21:16:34,090 - INFO -   AI2(强): ε 0.010→0.009, lr 0.010→0.010, 攻击权 0.95→0.95, 防守权 0.05→0.05, 进攻启发 0.0100→0.0100, 防守启发 0.0001→0.0001
2026-03-06 21:16:34,090 - INFO -   AI1(弱): ε 0.047→0.062, lr 0.300→0.300, 攻击权 0.95→0.95, 防守权 0.05→0.05, 进攻启发 0.0100→0.0100, 防守启发 0.0001→0.0001
2026-03-06 21:29:55,545 - INFO - 
⚖️ 平衡调整 #139: 微调 差距=12.0% 平局率=88.0% 强力进攻(全局倾向 x2.94)
2026-03-06 21:29:55,545 - INFO -   AI2(强): ε 0.010→0.010, lr 0.010→0.010, 攻击权 0.95→0.95, 防守权 0.05→0.05, 进攻启发 0.0100→0.0100, 防守启发 0.0001→0.0001
2026-03-06 21:29:55,545 - INFO -   AI1(弱): ε 0.052→0.052, lr 0.300→0.300, 攻击权 0.95→0.95, 防守权 0.05→0.05, 进攻启发 0.0100→0.0100, 防守启发 0.0001→0.0001
2026-03-06 21:49:14,458 - INFO - 
⚖️ 平衡调整 #140: 差距<10% (拉开) 差距=8.0% 平局率=92.0% 强力进攻(全局倾向 x2.91)
2026-03-06 21:49:14,459 - INFO -   AI2(强): ε 0.010→0.009, lr 0.010→0.010, 攻击权 0.95→0.95, 防守权 0.05→0.05, 进攻启发 0.0100→0.0100, 防守启发 0.0001→0.0001
2026-03-06 21:49:14,459 - INFO -   AI1(弱): ε 0.044→0.057, lr 0.300→0.300, 攻击权 0.95→0.95, 防守权 0.05→0.05, 进攻启发 0.0100→0.0100, 防守启发 0.0001→0.0001
2026-03-06 22:00:57,386 - INFO - 
⚖️ 平衡调整 #141: 差距<10% (拉开) 差距=1.0% 平局率=95.0% 强力进攻(全局倾向 x2.88)
2026-03-06 22:00:57,386 - INFO -   AI2(强): ε 0.010→0.009, lr 0.010→0.010, 攻击权 0.95→0.95, 防守权 0.05→0.05, 进攻启发 0.0100→0.0100, 防守启发 0.0001→0.0001
2026-03-06 22:00:57,386 - INFO -   AI1(弱): ε 0.048→0.062, lr 0.300→0.300, 攻击权 0.95→0.95, 防守权 0.05→0.05, 进攻启发 0.0100→0.0100, 防守启发 0.0001→0.0001
2026-03-06 22:12:58,291 - INFO - 📈 全局进攻倾向提升至 3.00
2026-03-06 22:12:58,291 - INFO - 
⚖️ 平衡调整 #142: 差距<10% (拉开) 差距=0.0% 平局率=92.0% 强力进攻(全局倾向 x3.00)
2026-03-06 22:12:58,291 - INFO -   AI2(强): ε 0.010→0.009, lr 0.010→0.010, 攻击权 0.95→0.95, 防守权 0.05→0.05, 进攻启发 0.0100→0.0100, 防守启发 0.0001→0.0001
2026-03-06 22:12:58,291 - INFO -   AI1(弱): ε 0.052→0.068, lr 0.300→0.300, 攻击权 0.95→0.95, 防守权 0.05→0.05, 进攻启发 0.0100→0.0100, 防守启发 0.0001→0.0001
2026-03-06 22:22:40,201 - INFO - 
==================================================
2026-03-06 22:22:40,201 - INFO - 第 10000/19000 局 (52.6%)
2026-03-06 22:22:40,201 - INFO - 速度: 0.1局/秒, 已用: 1848.3分钟
2026-03-06 22:22:40,201 - INFO - 总战绩: AI1 323胜, AI2 1304胜, 平局 9373
2026-03-06 22:22:40,201 - INFO - 近期100局: AI1 6.0%, AI2 10.0%, 平局 84.0%
2026-03-06 22:22:40,201 - INFO - 胜率差距: 4.0%
2026-03-06 22:22:40,201 - INFO - 防守统计: 总158726次, 平均15.87次/局
2026-03-06 22:22:40,201 - INFO - 参数: AI1 ε=0.059, lr=0.300
2026-03-06 22:22:40,202 - INFO -        AI2 ε=0.010, lr=0.010
2026-03-06 22:22:40,202 - INFO - ==================================================
2026-03-06 22:22:40,204 - INFO - 
📊 第 10000 局检查点 速度:0.1局/秒
2026-03-06 22:22:40,205 - INFO -   战绩: AI1 323胜 AI2 1304胜 平局 9373
2026-03-06 22:22:40,205 - INFO -   胜率: AI1 2.9% AI2 11.9% 平局 85.2%
2026-03-06 22:22:40,206 - INFO -   差距:8.9% 防守:158726次
2026-03-06 22:22:40,517 - INFO - 模型已保存: AI1_point_11000_20260306_222240.pkl (46.72 MB)
2026-03-06 22:22:40,765 - INFO - 模型已保存: AI2_point_11000_20260306_222240.pkl (46.92 MB)
2026-03-06 22:22:43,279 - INFO -   统计图已保存: stats_ep10000.png
2026-03-06 22:24:24,941 - INFO - 
⚖️ 平衡调整 #143: 差距<10% (拉开) 差距=7.0% 平局率=85.0% 强力进攻(全局倾向 x2.97)
2026-03-06 22:24:24,941 - INFO -   AI2(强): ε 0.010→0.009, lr 0.010→0.010, 攻击权 0.95→0.95, 防守权 0.05→0.05, 进攻启发 0.0100→0.0100, 防守启发 0.0001→0.0001
2026-03-06 22:24:24,941 - INFO -   AI1(弱): ε 0.057→0.075, lr 0.300→0.300, 攻击权 0.95→0.95, 防守权 0.05→0.05, 进攻启发 0.0100→0.0100, 防守启发 0.0001→0.0001
2026-03-06 22:36:06,559 - INFO - 
⚖️ 平衡调整 #144: 微调 差距=10.0% 平局率=82.0% 强力进攻(全局倾向 x2.94)
2026-03-06 22:36:06,559 - INFO -   AI2(强): ε 0.010→0.010, lr 0.010→0.010, 攻击权 0.95→0.95, 防守权 0.05→0.05, 进攻启发 0.0100→0.0100, 防守启发 0.0001→0.0001
2026-03-06 22:36:06,559 - INFO -   AI1(弱): ε 0.063→0.063, lr 0.300→0.300, 攻击权 0.95→0.95, 防守权 0.05→0.05, 进攻启发 0.0100→0.0100, 防守启发 0.0001→0.0001
2026-03-06 22:48:00,931 - INFO - 
⚖️ 平衡调整 #145: 差距<10% (拉开) 差距=7.0% 平局率=85.0% 强力进攻(全局倾向 x2.91)
2026-03-06 22:48:00,931 - INFO -   AI2(强): ε 0.010→0.009, lr 0.010→0.010, 攻击权 0.95→0.95, 防守权 0.05→0.05, 进攻启发 0.0100→0.0100, 防守启发 0.0001→0.0001
2026-03-06 22:48:00,931 - INFO -   AI1(弱): ε 0.054→0.070, lr 0.300→0.300, 攻击权 0.95→0.95, 防守权 0.05→0.05, 进攻启发 0.0100→0.0100, 防守启发 0.0001→0.0001
2026-03-06 23:00:40,054 - INFO - 
⚖️ 平衡调整 #146: 差距<10% (拉开) 差距=7.0% 平局率=89.0% 强力进攻(全局倾向 x2.88)
2026-03-06 23:00:40,054 - INFO -   AI2(强): ε 0.010→0.009, lr 0.010→0.010, 攻击权 0.95→0.95, 防守权 0.05→0.05, 进攻启发 0.0100→0.0100, 防守启发 0.0001→0.0001
2026-03-06 23:00:40,055 - INFO -   AI1(弱): ε 0.059→0.077, lr 0.300→0.300, 攻击权 0.95→0.95, 防守权 0.05→0.05, 进攻启发 0.0100→0.0100, 防守启发 0.0001→0.0001
2026-03-06 23:12:50,518 - INFO - 📈 全局进攻倾向提升至 3.00
2026-03-06 23:12:50,518 - INFO - 
⚖️ 平衡调整 #147: 差距<10% (拉开) 差距=9.0% 平局率=89.0% 强力进攻(全局倾向 x3.00)
2026-03-06 23:12:50,518 - INFO -   AI2(强): ε 0.010→0.009, lr 0.010→0.010, 攻击权 0.95→0.95, 防守权 0.05→0.05, 进攻启发 0.0100→0.0100, 防守启发 0.0001→0.0001
2026-03-06 23:12:50,518 - INFO -   AI1(弱): ε 0.066→0.086, lr 0.300→0.300, 攻击权 0.95→0.95, 防守权 0.05→0.05, 进攻启发 0.0100→0.0100, 防守启发 0.0001→0.0001
2026-03-06 23:25:12,184 - INFO - 
⚖️ 平衡调整 #148: 差距<10% (拉开) 差距=6.0% 平局率=92.0% 强力进攻(全局倾向 x2.97)
2026-03-06 23:25:12,184 - INFO -   AI2(强): ε 0.010→0.009, lr 0.010→0.010, 攻击权 0.95→0.95, 防守权 0.05→0.05, 进攻启发 0.0100→0.0100, 防守启发 0.0001→0.0001
2026-03-06 23:25:12,184 - INFO -   AI1(弱): ε 0.073→0.095, lr 0.300→0.300, 攻击权 0.95→0.95, 防守权 0.05→0.05, 进攻启发 0.0100→0.0100, 防守启发 0.0001→0.0001
2026-03-06 23:37:38,824 - INFO - 
⚖️ 平衡调整 #149: 差距<10% (拉开) 差距=3.0% 平局率=91.0% 强力进攻(全局倾向 x2.94)
2026-03-06 23:37:38,824 - INFO -   AI2(强): ε 0.010→0.009, lr 0.010→0.010, 攻击权 0.95→0.95, 防守权 0.05→0.05, 进攻启发 0.0100→0.0100, 防守启发 0.0001→0.0001
2026-03-06 23:37:38,824 - INFO -   AI1(弱): ε 0.079→0.103, lr 0.300→0.300, 攻击权 0.95→0.95, 防守权 0.05→0.05, 进攻启发 0.0100→0.0100, 防守启发 0.0001→0.0001
2026-03-06 23:49:52,819 - INFO - 
⚖️ 平衡调整 #150: 差距<10% (拉开) 差距=3.0% 平局率=91.0% 强力进攻(全局倾向 x2.91)
2026-03-06 23:49:52,819 - INFO -   AI2(强): ε 0.010→0.009, lr 0.010→0.010, 攻击权 0.95→0.95, 防守权 0.05→0.05, 进攻启发 0.0100→0.0100, 防守启发 0.0001→0.0001
2026-03-06 23:49:52,820 - INFO -   AI1(弱): ε 0.088→0.114, lr 0.300→0.300, 攻击权 0.95→0.95, 防守权 0.05→0.05, 进攻启发 0.0100→0.0100, 防守启发 0.0001→0.0001
2026-03-06 23:49:52,820 - INFO - 
==================================================
2026-03-06 23:49:52,820 - INFO - 第 10500/19000 局 (55.3%)
2026-03-06 23:49:52,820 - INFO - 速度: 0.1局/秒, 已用: 1935.5分钟
2026-03-06 23:49:52,820 - INFO - 总战绩: AI1 338胜, AI2 1346胜, 平局 9816
2026-03-06 23:49:52,820 - INFO - 近期100局: AI1 3.0%, AI2 6.0%, 平局 91.0%
2026-03-06 23:49:52,820 - INFO - 胜率差距: 3.0%
2026-03-06 23:49:52,820 - INFO - 防守统计: 总165674次, 平均15.78次/局
2026-03-06 23:49:52,820 - INFO - 参数: AI1 ε=0.114, lr=0.300
2026-03-06 23:49:52,820 - INFO -        AI2 ε=0.009, lr=0.010
2026-03-06 23:49:52,820 - INFO - ==================================================
2026-03-07 00:02:14,974 - INFO - 
⚖️ 平衡调整 #151: 差距<10% (拉开) 差距=8.0% 平局率=90.0% 强力进攻(全局倾向 x2.88)
2026-03-07 00:02:14,974 - INFO -   AI2(强): ε 0.010→0.009, lr 0.010→0.010, 攻击权 0.95→0.95, 防守权 0.05→0.05, 进攻启发 0.0100→0.0100, 防守启发 0.0001→0.0001
2026-03-07 00:02:14,975 - INFO -   AI1(弱): ε 0.097→0.125, lr 0.300→0.300, 攻击权 0.95→0.95, 防守权 0.05→0.05, 进攻启发 0.0100→0.0100, 防守启发 0.0001→0.0001
2026-03-07 00:14:32,464 - INFO - 📈 全局进攻倾向提升至 3.00
2026-03-07 00:14:32,464 - INFO - 
⚖️ 平衡调整 #152: 差距<10% (拉开) 差距=4.0% 平局率=92.0% 强力进攻(全局倾向 x3.00)
2026-03-07 00:14:32,464 - INFO -   AI2(强): ε 0.010→0.009, lr 0.010→0.010, 攻击权 0.95→0.95, 防守权 0.05→0.05, 进攻启发 0.0100→0.0100, 防守启发 0.0001→0.0001
2026-03-07 00:14:32,464 - INFO -   AI1(弱): ε 0.106→0.138, lr 0.300→0.300, 攻击权 0.95→0.95, 防守权 0.05→0.05, 进攻启发 0.0100→0.0100, 防守启发 0.0001→0.0001
2026-03-07 00:26:43,521 - INFO - 
⚖️ 平衡调整 #153: 差距<10% (拉开) 差距=9.0% 平局率=85.0% 强力进攻(全局倾向 x2.97)
2026-03-07 00:26:43,521 - INFO -   AI2(强): ε 0.010→0.009, lr 0.010→0.010, 攻击权 0.95→0.95, 防守权 0.05→0.05, 进攻启发 0.0100→0.0100, 防守启发 0.0001→0.0001
2026-03-07 00:26:43,522 - INFO -   AI1(弱): ε 0.117→0.152, lr 0.300→0.300, 攻击权 0.95→0.95, 防守权 0.05→0.05, 进攻启发 0.0100→0.0100, 防守启发 0.0001→0.0001
2026-03-07 00:38:58,641 - INFO - 
⚖️ 平衡调整 #154: 微调 差距=10.0% 平局率=86.0% 强力进攻(全局倾向 x2.94)
2026-03-07 00:38:58,642 - INFO -   AI2(强): ε 0.010→0.010, lr 0.010→0.010, 攻击权 0.95→0.95, 防守权 0.05→0.05, 进攻启发 0.0100→0.0100, 防守启发 0.0001→0.0001
2026-03-07 00:38:58,642 - INFO -   AI1(弱): ε 0.130→0.130, lr 0.300→0.300, 攻击权 0.95→0.95, 防守权 0.05→0.05, 进攻启发 0.0100→0.0100, 防守启发 0.0001→0.0001
2026-03-07 00:50:55,426 - INFO - 
⚖️ 平衡调整 #155: 微调 差距=11.0% 平局率=85.0% 强力进攻(全局倾向 x2.91)
2026-03-07 00:50:55,426 - INFO -   AI2(强): ε 0.010→0.010, lr 0.010→0.010, 攻击权 0.95→0.95, 防守权 0.05→0.05, 进攻启发 0.0100→0.0100, 防守启发 0.0001→0.0001
2026-03-07 00:50:55,427 - INFO -   AI1(弱): ε 0.112→0.112, lr 0.300→0.300, 攻击权 0.95→0.95, 防守权 0.05→0.05, 进攻启发 0.0100→0.0100, 防守启发 0.0001→0.0001
2026-03-07 01:03:17,212 - INFO - 
⚖️ 平衡调整 #156: 微调 差距=10.0% 平局率=90.0% 强力进攻(全局倾向 x2.88)
2026-03-07 01:03:17,212 - INFO -   AI2(强): ε 0.010→0.010, lr 0.010→0.010, 攻击权 0.95→0.95, 防守权 0.05→0.05, 进攻启发 0.0100→0.0100, 防守启发 0.0001→0.0001
2026-03-07 01:03:17,212 - INFO -   AI1(弱): ε 0.095→0.095, lr 0.300→0.300, 攻击权 0.95→0.95, 防守权 0.05→0.05, 进攻启发 0.0100→0.0100, 防守启发 0.0001→0.0001
2026-03-07 01:16:11,295 - INFO - 📈 全局进攻倾向提升至 3.00
2026-03-07 01:16:11,296 - INFO - 
⚖️ 平衡调整 #157: 差距<10% (拉开) 差距=7.0% 平局率=91.0% 强力进攻(全局倾向 x3.00)
2026-03-07 01:16:11,296 - INFO -   AI2(强): ε 0.010→0.009, lr 0.010→0.010, 攻击权 0.95→0.95, 防守权 0.05→0.05, 进攻启发 0.0100→0.0100, 防守启发 0.0001→0.0001
2026-03-07 01:16:11,296 - INFO -   AI1(弱): ε 0.081→0.105, lr 0.300→0.300, 攻击权 0.95→0.95, 防守权 0.05→0.05, 进攻启发 0.0100→0.0100, 防守启发 0.0001→0.0001
2026-03-07 01:17:49,679 - INFO - 
==================================================
2026-03-07 01:17:49,679 - INFO - 第 11000/19000 局 (57.9%)
2026-03-07 01:17:49,679 - INFO - 速度: 0.1局/秒, 已用: 2023.4分钟
2026-03-07 01:17:49,679 - INFO - 总战绩: AI1 346胜, AI2 1395胜, 平局 10259
2026-03-07 01:17:49,679 - INFO - 近期100局: AI1 1.0%, AI2 11.0%, 平局 88.0%
2026-03-07 01:17:49,679 - INFO - 胜率差距: 10.0%
2026-03-07 01:17:49,679 - INFO - 防守统计: 总172866次, 平均15.72次/局
2026-03-07 01:17:49,679 - INFO - 参数: AI1 ε=0.103, lr=0.300
2026-03-07 01:17:49,679 - INFO -        AI2 ε=0.010, lr=0.010
2026-03-07 01:17:49,679 - INFO - ==================================================
2026-03-07 01:28:15,575 - INFO - 
⚖️ 平衡调整 #158: 微调 差距=13.0% 平局率=87.0% 强力进攻(全局倾向 x2.97)
2026-03-07 01:28:15,575 - INFO -   AI2(强): ε 0.010→0.010, lr 0.010→0.010, 攻击权 0.95→0.95, 防守权 0.05→0.05, 进攻启发 0.0100→0.0100, 防守启发 0.0001→0.0001
2026-03-07 01:28:15,575 - INFO -   AI1(弱): ε 0.090→0.090, lr 0.300→0.300, 攻击权 0.95→0.95, 防守权 0.05→0.05, 进攻启发 0.0100→0.0100, 防守启发 0.0001→0.0001
2026-03-07 01:40:12,211 - INFO - 
⚖️ 平衡调整 #159: 微调 差距=17.0% 平局率=79.0% 中等进攻
2026-03-07 01:40:12,211 - INFO -   AI2(强): ε 0.010→0.010, lr 0.010→0.010, 攻击权 0.95→0.95, 防守权 0.05→0.05, 进攻启发 0.0100→0.0100, 防守启发 0.0001→0.0001
2026-03-07 01:40:12,211 - INFO -   AI1(弱): ε 0.079→0.079, lr 0.300→0.280, 攻击权 0.95→0.95, 防守权 0.05→0.05, 进攻启发 0.0100→0.0100, 防守启发 0.0001→0.0001
2026-03-07 01:52:20,549 - INFO - 
⚖️ 平衡调整 #160: 差距<10% (拉开) 差距=9.0% 平局率=85.0% 强力进攻(全局倾向 x2.91)
2026-03-07 01:52:20,549 - INFO -   AI2(强): ε 0.010→0.009, lr 0.010→0.010, 攻击权 0.95→0.95, 防守权 0.05→0.05, 进攻启发 0.0100→0.0100, 防守启发 0.0001→0.0001
2026-03-07 01:52:20,549 - INFO -   AI1(弱): ε 0.067→0.087, lr 0.280→0.300, 攻击权 0.95→0.95, 防守权 0.05→0.05, 进攻启发 0.0100→0.0100, 防守启发 0.0001→0.0001
2026-03-07 02:04:52,718 - INFO - 
⚖️ 平衡调整 #161: 差距<10% (拉开) 差距=7.0% 平局率=89.0% 强力进攻(全局倾向 x2.88)
2026-03-07 02:04:52,718 - INFO -   AI2(强): ε 0.010→0.009, lr 0.010→0.010, 攻击权 0.95→0.95, 防守权 0.05→0.05, 进攻启发 0.0100→0.0100, 防守启发 0.0001→0.0001
2026-03-07 02:04:52,718 - INFO -   AI1(弱): ε 0.074→0.096, lr 0.300→0.300, 攻击权 0.95→0.95, 防守权 0.05→0.05, 进攻启发 0.0100→0.0100, 防守启发 0.0001→0.0001
2026-03-07 02:17:02,018 - INFO - 
⚖️ 平衡调整 #162: 微调 差距=10.0% 平局率=90.0% 强力进攻(全局倾向 x2.85)
2026-03-07 02:17:02,019 - INFO -   AI2(强): ε 0.010→0.010, lr 0.010→0.010, 攻击权 0.95→0.95, 防守权 0.05→0.05, 进攻启发 0.0100→0.0100, 防守启发 0.0001→0.0001
2026-03-07 02:17:02,019 - INFO -   AI1(弱): ε 0.081→0.081, lr 0.300→0.300, 攻击权 0.95→0.95, 防守权 0.05→0.05, 进攻启发 0.0100→0.0100, 防守启发 0.0001→0.0001
2026-03-07 02:29:13,585 - INFO - 
⚖️ 平衡调整 #163: 差距<10% (拉开) 差距=4.0% 平局率=88.0% 强力进攻(全局倾向 x2.82)
2026-03-07 02:29:13,586 - INFO -   AI2(强): ε 0.010→0.009, lr 0.010→0.010, 攻击权 0.95→0.95, 防守权 0.05→0.05, 进攻启发 0.0100→0.0100, 防守启发 0.0001→0.0001
2026-03-07 02:29:13,586 - INFO -   AI1(弱): ε 0.067→0.087, lr 0.300→0.300, 攻击权 0.95→0.95, 防守权 0.05→0.05, 进攻启发 0.0100→0.0100, 防守启发 0.0001→0.0001
2026-03-07 02:41:40,173 - INFO - 📈 全局进攻倾向提升至 3.00
2026-03-07 02:41:40,173 - INFO - 
⚖️ 平衡调整 #164: 差距<10% (拉开) 差距=2.0% 平局率=92.0% 强力进攻(全局倾向 x3.00)
2026-03-07 02:41:40,173 - INFO -   AI2(强): ε 0.010→0.009, lr 0.010→0.010, 攻击权 0.95→0.95, 防守权 0.05→0.05, 进攻启发 0.0100→0.0100, 防守启发 0.0001→0.0001
2026-03-07 02:41:40,173 - INFO -   AI1(弱): ε 0.074→0.096, lr 0.300→0.300, 攻击权 0.95→0.95, 防守权 0.05→0.05, 进攻启发 0.0100→0.0100, 防守启发 0.0001→0.0001
2026-03-07 02:45:13,000 - INFO - 
==================================================
2026-03-07 02:45:13,000 - INFO - 第 11500/19000 局 (60.5%)
2026-03-07 02:45:13,001 - INFO - 速度: 0.1局/秒, 已用: 2110.8分钟
2026-03-07 02:45:13,001 - INFO - 总战绩: AI1 355胜, AI2 1445胜, 平局 10700
2026-03-07 02:45:13,001 - INFO - 近期100局: AI1 2.0%, AI2 6.0%, 平局 92.0%
2026-03-07 02:45:13,001 - INFO - 胜率差距: 4.0%
2026-03-07 02:45:13,001 - INFO - 防守统计: 总179758次, 平均15.63次/局
2026-03-07 02:45:13,001 - INFO - 参数: AI1 ε=0.092, lr=0.300
2026-03-07 02:45:13,001 - INFO -        AI2 ε=0.010, lr=0.010
2026-03-07 02:45:13,001 - INFO - ==================================================
2026-03-07 02:53:52,946 - INFO - 
⚖️ 平衡调整 #165: 差距<10% (拉开) 差距=2.0% 平局率=90.0% 强力进攻(全局倾向 x2.97)
2026-03-07 02:53:52,946 - INFO -   AI2(强): ε 0.010→0.009, lr 0.010→0.010, 攻击权 0.95→0.95, 防守权 0.05→0.05, 进攻启发 0.0100→0.0100, 防守启发 0.0001→0.0001
2026-03-07 02:53:52,946 - INFO -   AI1(弱): ε 0.082→0.106, lr 0.300→0.300, 攻击权 0.95→0.95, 防守权 0.05→0.05, 进攻启发 0.0100→0.0100, 防守启发 0.0001→0.0001
2026-03-07 03:06:07,605 - INFO - 
⚖️ 平衡调整 #166: 差距<10% (拉开) 差距=4.0% 平局率=90.0% 强力进攻(全局倾向 x2.94)
2026-03-07 03:06:07,605 - INFO -   AI2(强): ε 0.010→0.009, lr 0.010→0.010, 攻击权 0.95→0.95, 防守权 0.05→0.05, 进攻启发 0.0100→0.0100, 防守启发 0.0001→0.0001
2026-03-07 03:06:07,605 - INFO -   AI1(弱): ε 0.090→0.116, lr 0.300→0.300, 攻击权 0.95→0.95, 防守权 0.05→0.05, 进攻启发 0.0100→0.0100, 防守启发 0.0001→0.0001
2026-03-07 03:18:17,591 - INFO - 
⚖️ 平衡调整 #167: 差距<10% (拉开) 差距=8.0% 平局率=90.0% 强力进攻(全局倾向 x2.91)
2026-03-07 03:18:17,591 - INFO -   AI2(强): ε 0.010→0.009, lr 0.010→0.010, 攻击权 0.95→0.95, 防守权 0.05→0.05, 进攻启发 0.0100→0.0100, 防守启发 0.0001→0.0001
2026-03-07 03:18:17,591 - INFO -   AI1(弱): ε 0.099→0.128, lr 0.300→0.300, 攻击权 0.95→0.95, 防守权 0.05→0.05, 进攻启发 0.0100→0.0100, 防守启发 0.0001→0.0001
2026-03-07 03:30:35,729 - INFO - 
⚖️ 平衡调整 #168: 差距<10% (拉开) 差距=7.0% 平局率=87.0% 强力进攻(全局倾向 x2.88)
2026-03-07 03:30:35,729 - INFO -   AI2(强): ε 0.010→0.009, lr 0.010→0.010, 攻击权 0.95→0.95, 防守权 0.05→0.05, 进攻启发 0.0100→0.0100, 防守启发 0.0001→0.0001
2026-03-07 03:30:35,729 - INFO -   AI1(弱): ε 0.108→0.140, lr 0.300→0.300, 攻击权 0.95→0.95, 防守权 0.05→0.05, 进攻启发 0.0100→0.0100, 防守启发 0.0001→0.0001
2026-03-07 03:42:59,719 - INFO - 📈 全局进攻倾向提升至 3.00
2026-03-07 03:42:59,719 - INFO - 
⚖️ 平衡调整 #169: 差距<10% (拉开) 差距=7.0% 平局率=91.0% 强力进攻(全局倾向 x3.00)
2026-03-07 03:42:59,719 - INFO -   AI2(强): ε 0.010→0.009, lr 0.010→0.010, 攻击权 0.95→0.95, 防守权 0.05→0.05, 进攻启发 0.0100→0.0100, 防守启发 0.0001→0.0001
2026-03-07 03:42:59,719 - INFO -   AI1(弱): ε 0.120→0.157, lr 0.300→0.300, 攻击权 0.95→0.95, 防守权 0.05→0.05, 进攻启发 0.0100→0.0100, 防守启发 0.0001→0.0001
2026-03-07 03:55:04,654 - INFO - 
⚖️ 平衡调整 #170: 差距<10% (拉开) 差距=6.0% 平局率=86.0% 强力进攻(全局倾向 x2.97)
2026-03-07 03:55:04,654 - INFO -   AI2(强): ε 0.010→0.009, lr 0.010→0.010, 攻击权 0.95→0.95, 防守权 0.05→0.05, 进攻启发 0.0100→0.0100, 防守启发 0.0001→0.0001
2026-03-07 03:55:04,654 - INFO -   AI1(弱): ε 0.133→0.173, lr 0.300→0.300, 攻击权 0.95→0.95, 防守权 0.05→0.05, 进攻启发 0.0100→0.0100, 防守启发 0.0001→0.0001
2026-03-07 04:07:05,799 - INFO - 
⚖️ 平衡调整 #171: 微调 差距=10.0% 平局率=84.0% 强力进攻(全局倾向 x2.94)
2026-03-07 04:07:05,799 - INFO -   AI2(强): ε 0.010→0.010, lr 0.010→0.010, 攻击权 0.95→0.95, 防守权 0.05→0.05, 进攻启发 0.0100→0.0100, 防守启发 0.0001→0.0001
2026-03-07 04:07:05,799 - INFO -   AI1(弱): ε 0.147→0.147, lr 0.300→0.300, 攻击权 0.95→0.95, 防守权 0.05→0.05, 进攻启发 0.0100→0.0100, 防守启发 0.0001→0.0001
2026-03-07 04:12:08,552 - INFO - 
==================================================
2026-03-07 04:12:08,552 - INFO - 第 12000/19000 局 (63.2%)
2026-03-07 04:12:08,552 - INFO - 速度: 0.1局/秒, 已用: 2197.8分钟
2026-03-07 04:12:08,552 - INFO - 总战绩: AI1 368胜, AI2 1496胜, 平局 11136
2026-03-07 04:12:08,552 - INFO - 近期100局: AI1 1.0%, AI2 15.0%, 平局 84.0%
2026-03-07 04:12:08,553 - INFO - 胜率差距: 14.0%
2026-03-07 04:12:08,553 - INFO - 防守统计: 总187006次, 平均15.58次/局
2026-03-07 04:12:08,553 - INFO - 参数: AI1 ε=0.138, lr=0.300
2026-03-07 04:12:08,553 - INFO -        AI2 ε=0.010, lr=0.010
2026-03-07 04:12:08,553 - INFO - ==================================================
2026-03-07 04:19:26,476 - INFO - 
⚖️ 平衡调整 #172: 微调 差距=13.0% 平局率=87.0% 强力进攻(全局倾向 x2.91)
2026-03-07 04:19:26,476 - INFO -   AI2(强): ε 0.010→0.010, lr 0.010→0.010, 攻击权 0.95→0.95, 防守权 0.05→0.05, 进攻启发 0.0100→0.0100, 防守启发 0.0001→0.0001
2026-03-07 04:19:26,476 - INFO -   AI1(弱): ε 0.126→0.126, lr 0.300→0.300, 攻击权 0.95→0.95, 防守权 0.05→0.05, 进攻启发 0.0100→0.0100, 防守启发 0.0001→0.0001
2026-03-07 04:31:19,252 - INFO - 
⚖️ 平衡调整 #173: 微调 差距=13.0% 平局率=85.0% 强力进攻(全局倾向 x2.88)
2026-03-07 04:31:19,252 - INFO -   AI2(强): ε 0.010→0.010, lr 0.010→0.010, 攻击权 0.95→0.95, 防守权 0.05→0.05, 进攻启发 0.0100→0.0100, 防守启发 0.0001→0.0001
2026-03-07 04:31:19,252 - INFO -   AI1(弱): ε 0.109→0.109, lr 0.300→0.300, 攻击权 0.95→0.95, 防守权 0.05→0.05, 进攻启发 0.0100→0.0100, 防守启发 0.0001→0.0001
2026-03-07 04:43:35,388 - INFO - 📈 全局进攻倾向提升至 3.00
2026-03-07 04:43:35,388 - INFO - 
⚖️ 平衡调整 #174: 微调 差距=11.0% 平局率=89.0% 强力进攻(全局倾向 x3.00)
2026-03-07 04:43:35,389 - INFO -   AI2(强): ε 0.010→0.010, lr 0.010→0.010, 攻击权 0.95→0.95, 防守权 0.05→0.05, 进攻启发 0.0100→0.0100, 防守启发 0.0001→0.0001
2026-03-07 04:43:35,389 - INFO -   AI1(弱): ε 0.094→0.094, lr 0.300→0.300, 攻击权 0.95→0.95, 防守权 0.05→0.05, 进攻启发 0.0100→0.0100, 防守启发 0.0001→0.0001
2026-03-07 04:55:39,814 - INFO - 
⚖️ 平衡调整 #175: 微调 差距=10.0% 平局率=86.0% 强力进攻(全局倾向 x2.97)
2026-03-07 04:55:39,814 - INFO -   AI2(强): ε 0.010→0.010, lr 0.010→0.010, 攻击权 0.95→0.95, 防守权 0.05→0.05, 进攻启发 0.0100→0.0100, 防守启发 0.0001→0.0001
2026-03-07 04:55:39,814 - INFO -   AI1(弱): ε 0.080→0.080, lr 0.300→0.300, 攻击权 0.95→0.95, 防守权 0.05→0.05, 进攻启发 0.0100→0.0100, 防守启发 0.0001→0.0001
2026-03-07 05:07:44,052 - INFO - 
⚖️ 平衡调整 #176: 差距<10% (拉开) 差距=6.0% 平局率=86.0% 强力进攻(全局倾向 x2.94)
2026-03-07 05:07:44,052 - INFO -   AI2(强): ε 0.010→0.009, lr 0.010→0.010, 攻击权 0.95→0.95, 防守权 0.05→0.05, 进攻启发 0.0100→0.0100, 防守启发 0.0001→0.0001
2026-03-07 05:07:44,052 - INFO -   AI1(弱): ε 0.067→0.087, lr 0.300→0.300, 攻击权 0.95→0.95, 防守权 0.05→0.05, 进攻启发 0.0100→0.0100, 防守启发 0.0001→0.0001
2026-03-07 05:19:53,411 - INFO - 
⚖️ 平衡调整 #177: 差距<10% (拉开) 差距=6.0% 平局率=88.0% 强力进攻(全局倾向 x2.91)
2026-03-07 05:19:53,411 - INFO -   AI2(强): ε 0.010→0.009, lr 0.010→0.010, 攻击权 0.95→0.95, 防守权 0.05→0.05, 进攻启发 0.0100→0.0100, 防守启发 0.0001→0.0001
2026-03-07 05:19:53,411 - INFO -   AI1(弱): ε 0.074→0.096, lr 0.300→0.300, 攻击权 0.95→0.95, 防守权 0.05→0.05, 进攻启发 0.0100→0.0100, 防守启发 0.0001→0.0001
2026-03-07 05:32:01,410 - INFO - 
⚖️ 平衡调整 #178: 差距<10% (拉开) 差距=7.0% 平局率=89.0% 强力进攻(全局倾向 x2.88)
2026-03-07 05:32:01,411 - INFO -   AI2(强): ε 0.010→0.009, lr 0.010→0.010, 攻击权 0.95→0.95, 防守权 0.05→0.05, 进攻启发 0.0100→0.0100, 防守启发 0.0001→0.0001
2026-03-07 05:32:01,411 - INFO -   AI1(弱): ε 0.082→0.107, lr 0.300→0.300, 攻击权 0.95→0.95, 防守权 0.05→0.05, 进攻启发 0.0100→0.0100, 防守启发 0.0001→0.0001
2026-03-07 05:39:07,146 - INFO - 
==================================================
2026-03-07 05:39:07,147 - INFO - 第 12500/19000 局 (65.8%)
2026-03-07 05:39:07,147 - INFO - 速度: 0.1局/秒, 已用: 2284.7分钟
2026-03-07 05:39:07,147 - INFO - 总战绩: AI1 380胜, AI2 1545胜, 平局 11575
2026-03-07 05:39:07,147 - INFO - 近期100局: AI1 3.0%, AI2 6.0%, 平局 91.0%
2026-03-07 05:39:07,147 - INFO - 胜率差距: 3.0%
2026-03-07 05:39:07,147 - INFO - 防守统计: 总193936次, 平均15.51次/局
2026-03-07 05:39:07,147 - INFO - 参数: AI1 ε=0.096, lr=0.300
2026-03-07 05:39:07,147 - INFO -        AI2 ε=0.010, lr=0.010
2026-03-07 05:39:07,147 - INFO - ==================================================
2026-03-07 05:44:26,592 - INFO - 📈 全局进攻倾向提升至 3.00
2026-03-07 05:44:26,593 - INFO - 
⚖️ 平衡调整 #179: 差距<10% (拉开) 差距=2.0% 平局率=92.0% 强力进攻(全局倾向 x3.00)
2026-03-07 05:44:26,593 - INFO -   AI2(强): ε 0.010→0.009, lr 0.010→0.010, 攻击权 0.95→0.95, 防守权 0.05→0.05, 进攻启发 0.0100→0.0100, 防守启发 0.0001→0.0001
2026-03-07 05:44:26,593 - INFO -   AI1(弱): ε 0.089→0.116, lr 0.300→0.300, 攻击权 0.95→0.95, 防守权 0.05→0.05, 进攻启发 0.0100→0.0100, 防守启发 0.0001→0.0001
2026-03-07 05:56:36,592 - INFO - 
⚖️ 平衡调整 #180: 差距<10% (拉开) 差距=6.0% 平局率=88.0% 强力进攻(全局倾向 x2.97)
2026-03-07 05:56:36,592 - INFO -   AI2(强): ε 0.010→0.009, lr 0.010→0.010, 攻击权 0.95→0.95, 防守权 0.05→0.05, 进攻启发 0.0100→0.0100, 防守启发 0.0001→0.0001
2026-03-07 05:56:36,592 - INFO -   AI1(弱): ε 0.099→0.128, lr 0.300→0.300, 攻击权 0.95→0.95, 防守权 0.05→0.05, 进攻启发 0.0100→0.0100, 防守启发 0.0001→0.0001
2026-03-07 06:08:39,232 - INFO - 
⚖️ 平衡调整 #181: 微调 差距=10.0% 平局率=84.0% 强力进攻(全局倾向 x2.94)
2026-03-07 06:08:39,232 - INFO -   AI2(强): ε 0.010→0.010, lr 0.010→0.010, 攻击权 0.95→0.95, 防守权 0.05→0.05, 进攻启发 0.0100→0.0100, 防守启发 0.0001→0.0001
2026-03-07 06:08:39,232 - INFO -   AI1(弱): ε 0.111→0.111, lr 0.300→0.300, 攻击权 0.95→0.95, 防守权 0.05→0.05, 进攻启发 0.0100→0.0100, 防守启发 0.0001→0.0001
2026-03-07 06:20:41,696 - INFO - 
⚖️ 平衡调整 #182: 差距<10% (拉开) 差距=8.0% 平局率=88.0% 强力进攻(全局倾向 x2.91)
2026-03-07 06:20:41,697 - INFO -   AI2(强): ε 0.010→0.009, lr 0.010→0.010, 攻击权 0.95→0.95, 防守权 0.05→0.05, 进攻启发 0.0100→0.0100, 防守启发 0.0001→0.0001
2026-03-07 06:20:41,697 - INFO -   AI1(弱): ε 0.095→0.124, lr 0.300→0.300, 攻击权 0.95→0.95, 防守权 0.05→0.05, 进攻启发 0.0100→0.0100, 防守启发 0.0001→0.0001
2026-03-07 06:33:03,925 - INFO - 
⚖️ 平衡调整 #183: 差距<10% (拉开) 差距=2.0% 平局率=90.0% 强力进攻(全局倾向 x2.88)
2026-03-07 06:33:03,925 - INFO -   AI2(强): ε 0.010→0.009, lr 0.010→0.010, 攻击权 0.95→0.95, 防守权 0.05→0.05, 进攻启发 0.0100→0.0100, 防守启发 0.0001→0.0001
2026-03-07 06:33:03,926 - INFO -   AI1(弱): ε 0.103→0.134, lr 0.300→0.300, 攻击权 0.95→0.95, 防守权 0.05→0.05, 进攻启发 0.0100→0.0100, 防守启发 0.0001→0.0001
2026-03-07 06:45:22,692 - INFO - 📈 全局进攻倾向提升至 3.00
2026-03-07 06:45:22,692 - INFO - 
⚖️ 平衡调整 #184: 差距<10% (拉开) 差距=7.0% 平局率=91.0% 强力进攻(全局倾向 x3.00)
2026-03-07 06:45:22,693 - INFO -   AI2(强): ε 0.010→0.009, lr 0.010→0.010, 攻击权 0.95→0.95, 防守权 0.05→0.05, 进攻启发 0.0100→0.0100, 防守启发 0.0001→0.0001
2026-03-07 06:45:22,693 - INFO -   AI1(弱): ε 0.114→0.148, lr 0.300→0.300, 攻击权 0.95→0.95, 防守权 0.05→0.05, 进攻启发 0.0100→0.0100, 防守启发 0.0001→0.0001
2026-03-07 06:57:37,718 - INFO - 
⚖️ 平衡调整 #185: 差距<10% (拉开) 差距=5.0% 平局率=91.0% 强力进攻(全局倾向 x2.97)
2026-03-07 06:57:37,718 - INFO -   AI2(强): ε 0.010→0.009, lr 0.010→0.010, 攻击权 0.95→0.95, 防守权 0.05→0.05, 进攻启发 0.0100→0.0100, 防守启发 0.0001→0.0001
2026-03-07 06:57:37,718 - INFO -   AI1(弱): ε 0.124→0.162, lr 0.300→0.300, 攻击权 0.95→0.95, 防守权 0.05→0.05, 进攻启发 0.0100→0.0100, 防守启发 0.0001→0.0001
2026-03-07 07:06:08,309 - INFO - 
==================================================
2026-03-07 07:06:08,309 - INFO - 第 13000/19000 局 (68.4%)
2026-03-07 07:06:08,310 - INFO - 速度: 0.1局/秒, 已用: 2371.8分钟
2026-03-07 07:06:08,310 - INFO - 总战绩: AI1 393胜, AI2 1593胜, 平局 12014
2026-03-07 07:06:08,310 - INFO - 近期100局: AI1 4.0%, AI2 9.0%, 平局 87.0%
2026-03-07 07:06:08,310 - INFO - 胜率差距: 5.0%
2026-03-07 07:06:08,310 - INFO - 防守统计: 总200954次, 平均15.46次/局
2026-03-07 07:06:08,310 - INFO - 参数: AI1 ε=0.143, lr=0.300
2026-03-07 07:06:08,310 - INFO -        AI2 ε=0.010, lr=0.010
2026-03-07 07:06:08,310 - INFO - ==================================================
2026-03-07 07:09:36,687 - INFO - 
⚖️ 平衡调整 #186: 差距<10% (拉开) 差距=8.0% 平局率=84.0% 强力进攻(全局倾向 x2.94)
2026-03-07 07:09:36,687 - INFO -   AI2(强): ε 0.010→0.009, lr 0.010→0.010, 攻击权 0.95→0.95, 防守权 0.05→0.05, 进攻启发 0.0100→0.0100, 防守启发 0.0001→0.0001
2026-03-07 07:09:36,687 - INFO -   AI1(弱): ε 0.136→0.177, lr 0.300→0.300, 攻击权 0.95→0.95, 防守权 0.05→0.05, 进攻启发 0.0100→0.0100, 防守启发 0.0001→0.0001
2026-03-07 07:21:57,928 - INFO - 
⚖️ 平衡调整 #187: 微调 差距=13.0% 平局率=87.0% 强力进攻(全局倾向 x2.91)
2026-03-07 07:21:57,928 - INFO -   AI2(强): ε 0.010→0.010, lr 0.010→0.010, 攻击权 0.95→0.95, 防守权 0.05→0.05, 进攻启发 0.0100→0.0100, 防守启发 0.0001→0.0001
2026-03-07 07:21:57,928 - INFO -   AI1(弱): ε 0.151→0.151, lr 0.300→0.300, 攻击权 0.95→0.95, 防守权 0.05→0.05, 进攻启发 0.0100→0.0100, 防守启发 0.0001→0.0001
2026-03-07 07:33:46,835 - INFO - 
⚖️ 平衡调整 #188: 微调 差距=11.0% 平局率=81.0% 强力进攻(全局倾向 x2.88)
2026-03-07 07:33:46,835 - INFO -   AI2(强): ε 0.010→0.010, lr 0.010→0.010, 攻击权 0.95→0.95, 防守权 0.05→0.05, 进攻启发 0.0100→0.0100, 防守启发 0.0001→0.0001
2026-03-07 07:33:46,835 - INFO -   AI1(弱): ε 0.129→0.129, lr 0.300→0.300, 攻击权 0.95→0.95, 防守权 0.05→0.05, 进攻启发 0.0100→0.0100, 防守启发 0.0001→0.0001
2026-03-07 07:46:03,124 - INFO - 📈 全局进攻倾向提升至 3.00
2026-03-07 07:46:03,124 - INFO - 
⚖️ 平衡调整 #189: 差距<10% (拉开) 差距=8.0% 平局率=86.0% 强力进攻(全局倾向 x3.00)
2026-03-07 07:46:03,125 - INFO -   AI2(强): ε 0.010→0.009, lr 0.010→0.010, 攻击权 0.95→0.95, 防守权 0.05→0.05, 进攻启发 0.0100→0.0100, 防守启发 0.0001→0.0001
2026-03-07 07:46:03,125 - INFO -   AI1(弱): ε 0.111→0.145, lr 0.300→0.300, 攻击权 0.95→0.95, 防守权 0.05→0.05, 进攻启发 0.0100→0.0100, 防守启发 0.0001→0.0001
2026-03-07 07:58:12,550 - INFO - 
⚖️ 平衡调整 #190: 差距<10% (拉开) 差距=8.0% 平局率=88.0% 强力进攻(全局倾向 x2.97)
2026-03-07 07:58:12,551 - INFO -   AI2(强): ε 0.010→0.009, lr 0.010→0.010, 攻击权 0.95→0.95, 防守权 0.05→0.05, 进攻启发 0.0100→0.0100, 防守启发 0.0001→0.0001
2026-03-07 07:58:12,551 - INFO -   AI1(弱): ε 0.123→0.159, lr 0.300→0.300, 攻击权 0.95→0.95, 防守权 0.05→0.05, 进攻启发 0.0100→0.0100, 防守启发 0.0001→0.0001
2026-03-07 08:10:13,447 - INFO - 
⚖️ 平衡调整 #191: 微调 差距=13.0% 平局率=83.0% 强力进攻(全局倾向 x2.94)
2026-03-07 08:10:13,448 - INFO -   AI2(强): ε 0.010→0.010, lr 0.010→0.010, 攻击权 0.95→0.95, 防守权 0.05→0.05, 进攻启发 0.0100→0.0100, 防守启发 0.0001→0.0001
2026-03-07 08:10:13,448 - INFO -   AI1(弱): ε 0.138→0.138, lr 0.300→0.300, 攻击权 0.95→0.95, 防守权 0.05→0.05, 进攻启发 0.0100→0.0100, 防守启发 0.0001→0.0001
2026-03-07 08:22:01,816 - INFO - 
⚖️ 平衡调整 #192: 微调 差距=13.0% 平局率=81.0% 强力进攻(全局倾向 x2.91)
2026-03-07 08:22:01,816 - INFO -   AI2(强): ε 0.010→0.010, lr 0.010→0.010, 攻击权 0.95→0.95, 防守权 0.05→0.05, 进攻启发 0.0100→0.0100, 防守启发 0.0001→0.0001
2026-03-07 08:22:01,816 - INFO -   AI1(弱): ε 0.118→0.118, lr 0.300→0.300, 攻击权 0.95→0.95, 防守权 0.05→0.05, 进攻启发 0.0100→0.0100, 防守启发 0.0001→0.0001
2026-03-07 08:32:31,458 - INFO - 
==================================================
2026-03-07 08:32:31,458 - INFO - 第 13500/19000 局 (71.1%)
2026-03-07 08:32:31,458 - INFO - 速度: 0.1局/秒, 已用: 2458.1分钟
2026-03-07 08:32:31,458 - INFO - 总战绩: AI1 404胜, AI2 1659胜, 平局 12437
2026-03-07 08:32:31,458 - INFO - 近期100局: AI1 3.0%, AI2 12.0%, 平局 85.0%
2026-03-07 08:32:31,458 - INFO - 胜率差距: 9.0%
2026-03-07 08:32:31,458 - INFO - 防守统计: 总208321次, 平均15.43次/局
2026-03-07 08:32:31,459 - INFO - 参数: AI1 ε=0.103, lr=0.300
2026-03-07 08:32:31,459 - INFO -        AI2 ε=0.010, lr=0.010
2026-03-07 08:32:31,459 - INFO - ==================================================
2026-03-07 08:34:24,126 - INFO - 
⚖️ 平衡调整 #193: 差距<10% (拉开) 差距=8.0% 平局率=86.0% 强力进攻(全局倾向 x2.88)
2026-03-07 08:34:24,126 - INFO -   AI2(强): ε 0.010→0.009, lr 0.010→0.010, 攻击权 0.95→0.95, 防守权 0.05→0.05, 进攻启发 0.0100→0.0100, 防守启发 0.0001→0.0001
2026-03-07 08:34:24,126 - INFO -   AI1(弱): ε 0.100→0.131, lr 0.300→0.300, 攻击权 0.95→0.95, 防守权 0.05→0.05, 进攻启发 0.0100→0.0100, 防守启发 0.0001→0.0001
2026-03-07 08:46:48,975 - INFO - 📈 全局进攻倾向提升至 3.00
2026-03-07 08:46:48,976 - INFO - 
⚖️ 平衡调整 #194: 差距<10% (拉开) 差距=5.0% 平局率=91.0% 强力进攻(全局倾向 x3.00)
2026-03-07 08:46:48,976 - INFO -   AI2(强): ε 0.010→0.009, lr 0.010→0.010, 攻击权 0.95→0.95, 防守权 0.05→0.05, 进攻启发 0.0100→0.0100, 防守启发 0.0001→0.0001
2026-03-07 08:46:48,976 - INFO -   AI1(弱): ε 0.111→0.144, lr 0.300→0.300, 攻击权 0.95→0.95, 防守权 0.05→0.05, 进攻启发 0.0100→0.0100, 防守启发 0.0001→0.0001
2026-03-07 08:59:06,111 - INFO - 
⚖️ 平衡调整 #195: 微调 差距=10.0% 平局率=86.0% 强力进攻(全局倾向 x2.97)
2026-03-07 08:59:06,112 - INFO -   AI2(强): ε 0.010→0.010, lr 0.010→0.010, 攻击权 0.95→0.95, 防守权 0.05→0.05, 进攻启发 0.0100→0.0100, 防守启发 0.0001→0.0001
2026-03-07 08:59:06,112 - INFO -   AI1(弱): ε 0.124→0.124, lr 0.300→0.300, 攻击权 0.95→0.95, 防守权 0.05→0.05, 进攻启发 0.0100→0.0100, 防守启发 0.0001→0.0001
2026-03-07 09:12:05,145 - INFO - 
⚖️ 平衡调整 #196: 微调 差距=11.0% 平局率=83.0% 强力进攻(全局倾向 x2.94)
2026-03-07 09:12:05,145 - INFO -   AI2(强): ε 0.010→0.010, lr 0.010→0.010, 攻击权 0.95→0.95, 防守权 0.05→0.05, 进攻启发 0.0100→0.0100, 防守启发 0.0001→0.0001
2026-03-07 09:12:05,146 - INFO -   AI1(弱): ε 0.106→0.106, lr 0.300→0.300, 攻击权 0.95→0.95, 防守权 0.05→0.05, 进攻启发 0.0100→0.0100, 防守启发 0.0001→0.0001
2026-03-07 09:24:33,833 - INFO - 
⚖️ 平衡调整 #197: 微调 差距=11.0% 平局率=79.0% 中等进攻
2026-03-07 09:24:33,833 - INFO -   AI2(强): ε 0.010→0.010, lr 0.010→0.010, 攻击权 0.95→0.95, 防守权 0.05→0.05, 进攻启发 0.0100→0.0100, 防守启发 0.0001→0.0001
2026-03-07 09:24:33,833 - INFO -   AI1(弱): ε 0.090→0.090, lr 0.300→0.280, 攻击权 0.95→0.95, 防守权 0.05→0.05, 进攻启发 0.0100→0.0100, 防守启发 0.0001→0.0001
2026-03-07 09:37:06,191 - INFO - 
⚖️ 平衡调整 #198: 差距<10% (拉开) 差距=7.0% 平局率=83.0% 强力进攻(全局倾向 x2.88)
2026-03-07 09:37:06,191 - INFO -   AI2(强): ε 0.010→0.009, lr 0.010→0.010, 攻击权 0.95→0.95, 防守权 0.05→0.05, 进攻启发 0.0100→0.0100, 防守启发 0.0001→0.0001
2026-03-07 09:37:06,191 - INFO -   AI1(弱): ε 0.078→0.101, lr 0.280→0.300, 攻击权 0.95→0.95, 防守权 0.05→0.05, 进攻启发 0.0100→0.0100, 防守启发 0.0001→0.0001
2026-03-07 09:49:36,038 - INFO - 
⚖️ 平衡调整 #199: 差距<10% (拉开) 差距=3.0% 平局率=87.0% 强力进攻(全局倾向 x2.85)
2026-03-07 09:49:36,038 - INFO -   AI2(强): ε 0.010→0.009, lr 0.010→0.010, 攻击权 0.95→0.95, 防守权 0.05→0.05, 进攻启发 0.0100→0.0100, 防守启发 0.0001→0.0001
2026-03-07 09:49:36,038 - INFO -   AI1(弱): ε 0.085→0.111, lr 0.300→0.300, 攻击权 0.95→0.95, 防守权 0.05→0.05, 进攻启发 0.0100→0.0100, 防守启发 0.0001→0.0001
2026-03-07 10:02:11,816 - INFO - 
⚖️ 平衡调整 #200: 差距<10% (拉开) 差距=7.0% 平局率=87.0% 强力进攻(全局倾向 x2.82)
2026-03-07 10:02:11,816 - INFO -   AI2(强): ε 0.010→0.009, lr 0.010→0.010, 攻击权 0.95→0.95, 防守权 0.05→0.05, 进攻启发 0.0100→0.0100, 防守启发 0.0001→0.0001
2026-03-07 10:02:11,816 - INFO -   AI1(弱): ε 0.093→0.121, lr 0.300→0.300, 攻击权 0.95→0.95, 防守权 0.05→0.05, 进攻启发 0.0100→0.0100, 防守启发 0.0001→0.0001
2026-03-07 10:02:11,816 - INFO - 
==================================================
2026-03-07 10:02:11,817 - INFO - 第 14000/19000 局 (73.7%)
2026-03-07 10:02:11,817 - INFO - 速度: 0.1局/秒, 已用: 2547.8分钟
2026-03-07 10:02:11,817 - INFO - 总战绩: AI1 419胜, AI2 1712胜, 平局 12869
2026-03-07 10:02:11,817 - INFO - 近期100局: AI1 3.0%, AI2 10.0%, 平局 87.0%
2026-03-07 10:02:11,817 - INFO - 胜率差距: 7.0%
2026-03-07 10:02:11,817 - INFO - 防守统计: 总215439次, 平均15.39次/局
2026-03-07 10:02:11,817 - INFO - 参数: AI1 ε=0.121, lr=0.300
2026-03-07 10:02:11,817 - INFO -        AI2 ε=0.009, lr=0.010
2026-03-07 10:02:11,817 - INFO - ==================================================
2026-03-07 12:43:27,736 - INFO - 
⚖️ 平衡调整 #201: 差距<10% (拉开) 差距=8.0% 平局率=88.0% 强力进攻(全局倾向 x2.80)
2026-03-07 12:43:27,737 - INFO -   AI2(强): ε 0.010→0.009, lr 0.010→0.010, 攻击权 0.95→0.95, 防守权 0.05→0.05, 进攻启发 0.0100→0.0100, 防守启发 0.0001→0.0001
2026-03-07 12:43:27,737 - INFO -   AI1(弱): ε 0.103→0.134, lr 0.300→0.300, 攻击权 0.95→0.95, 防守权 0.05→0.05, 进攻启发 0.0100→0.0100, 防守启发 0.0001→0.0001
2026-03-07 12:54:26,948 - INFO - 📈 全局进攻倾向提升至 3.00
2026-03-07 12:54:26,948 - INFO - 
⚖️ 平衡调整 #202: 微调 差距=11.0% 平局率=83.0% 强力进攻(全局倾向 x3.00)
2026-03-07 12:54:26,948 - INFO -   AI2(强): ε 0.010→0.010, lr 0.010→0.010, 攻击权 0.95→0.95, 防守权 0.05→0.05, 进攻启发 0.0100→0.0100, 防守启发 0.0001→0.0001
2026-03-07 12:54:26,948 - INFO -   AI1(弱): ε 0.115→0.115, lr 0.300→0.300, 攻击权 0.95→0.95, 防守权 0.05→0.05, 进攻启发 0.0100→0.0100, 防守启发 0.0001→0.0001
2026-03-07 13:05:29,900 - INFO - 
⚖️ 平衡调整 #203: 差距<10% (拉开) 差距=7.0% 平局率=89.0% 强力进攻(全局倾向 x2.97)
2026-03-07 13:05:29,900 - INFO -   AI2(强): ε 0.010→0.009, lr 0.010→0.010, 攻击权 0.95→0.95, 防守权 0.05→0.05, 进攻启发 0.0100→0.0100, 防守启发 0.0001→0.0001
2026-03-07 13:05:29,900 - INFO -   AI1(弱): ε 0.098→0.127, lr 0.300→0.300, 攻击权 0.95→0.95, 防守权 0.05→0.05, 进攻启发 0.0100→0.0100, 防守启发 0.0001→0.0001
2026-03-07 13:16:24,880 - INFO - 
⚖️ 平衡调整 #204: 差距<10% (拉开) 差距=9.0% 平局率=89.0% 强力进攻(全局倾向 x2.94)
2026-03-07 13:16:24,880 - INFO -   AI2(强): ε 0.010→0.009, lr 0.010→0.010, 攻击权 0.95→0.95, 防守权 0.05→0.05, 进攻启发 0.0100→0.0100, 防守启发 0.0001→0.0001
2026-03-07 13:16:24,880 - INFO -   AI1(弱): ε 0.108→0.140, lr 0.300→0.300, 攻击权 0.95→0.95, 防守权 0.05→0.05, 进攻启发 0.0100→0.0100, 防守启发 0.0001→0.0001
2026-03-07 13:27:33,324 - INFO - 
⚖️ 平衡调整 #205: 差距<10% (拉开) 差距=7.0% 平局率=91.0% 强力进攻(全局倾向 x2.91)
2026-03-07 13:27:33,324 - INFO -   AI2(强): ε 0.010→0.009, lr 0.010→0.010, 攻击权 0.95→0.95, 防守权 0.05→0.05, 进攻启发 0.0100→0.0100, 防守启发 0.0001→0.0001
2026-03-07 13:27:33,324 - INFO -   AI1(弱): ε 0.119→0.155, lr 0.300→0.300, 攻击权 0.95→0.95, 防守权 0.05→0.05, 进攻启发 0.0100→0.0100, 防守启发 0.0001→0.0001
2026-03-07 13:38:29,874 - INFO - 
⚖️ 平衡调整 #206: 微调 差距=12.0% 平局率=82.0% 强力进攻(全局倾向 x2.88)
2026-03-07 13:38:29,875 - INFO -   AI2(强): ε 0.010→0.010, lr 0.010→0.010, 攻击权 0.95→0.95, 防守权 0.05→0.05, 进攻启发 0.0100→0.0100, 防守启发 0.0001→0.0001
2026-03-07 13:38:29,875 - INFO -   AI1(弱): ε 0.131→0.131, lr 0.300→0.300, 攻击权 0.95→0.95, 防守权 0.05→0.05, 进攻启发 0.0100→0.0100, 防守启发 0.0001→0.0001
2026-03-07 13:49:38,200 - INFO - 📈 全局进攻倾向提升至 3.00
2026-03-07 13:49:38,201 - INFO - 
⚖️ 平衡调整 #207: 差距<10% (拉开) 差距=8.0% 平局率=86.0% 强力进攻(全局倾向 x3.00)
2026-03-07 13:49:38,201 - INFO -   AI2(强): ε 0.010→0.009, lr 0.010→0.010, 攻击权 0.95→0.95, 防守权 0.05→0.05, 进攻启发 0.0100→0.0100, 防守启发 0.0001→0.0001
2026-03-07 13:49:38,201 - INFO -   AI1(弱): ε 0.112→0.145, lr 0.300→0.300, 攻击权 0.95→0.95, 防守权 0.05→0.05, 进攻启发 0.0100→0.0100, 防守启发 0.0001→0.0001
2026-03-07 13:51:18,834 - INFO - 
==================================================
2026-03-07 13:51:18,834 - INFO - 第 14500/19000 局 (76.3%)
2026-03-07 13:51:18,834 - INFO - 速度: 0.1局/秒, 已用: 2776.9分钟
2026-03-07 13:51:18,834 - INFO - 总战绩: AI1 431胜, AI2 1769胜, 平局 13300
2026-03-07 13:51:18,834 - INFO - 近期100局: AI1 3.0%, AI2 10.0%, 平局 87.0%
2026-03-07 13:51:18,834 - INFO - 胜率差距: 7.0%
2026-03-07 13:51:18,834 - INFO - 防守统计: 总222616次, 平均15.35次/局
2026-03-07 13:51:18,834 - INFO - 参数: AI1 ε=0.141, lr=0.300
2026-03-07 13:51:18,834 - INFO -        AI2 ε=0.010, lr=0.010
2026-03-07 13:51:18,834 - INFO - ==================================================
2026-03-07 14:01:51,629 - INFO - 
⚖️ 平衡调整 #208: 微调 差距=11.0% 平局率=87.0% 强力进攻(全局倾向 x2.97)
2026-03-07 14:01:51,629 - INFO -   AI2(强): ε 0.010→0.010, lr 0.010→0.010, 攻击权 0.95→0.95, 防守权 0.05→0.05, 进攻启发 0.0100→0.0100, 防守启发 0.0001→0.0001
2026-03-07 14:01:51,629 - INFO -   AI1(弱): ε 0.124→0.124, lr 0.300→0.300, 攻击权 0.95→0.95, 防守权 0.05→0.05, 进攻启发 0.0100→0.0100, 防守启发 0.0001→0.0001
2026-03-07 14:18:03,104 - INFO - 
⚖️ 平衡调整 #209: 差距<10% (拉开) 差距=9.0% 平局率=91.0% 强力进攻(全局倾向 x2.94)
2026-03-07 14:18:03,107 - INFO -   AI2(强): ε 0.010→0.009, lr 0.010→0.010, 攻击权 0.95→0.95, 防守权 0.05→0.05, 进攻启发 0.0100→0.0100, 防守启发 0.0001→0.0001
2026-03-07 14:18:03,107 - INFO -   AI1(弱): ε 0.105→0.137, lr 0.300→0.300, 攻击权 0.95→0.95, 防守权 0.05→0.05, 进攻启发 0.0100→0.0100, 防守启发 0.0001→0.0001
2026-03-07 14:35:20,189 - INFO - 
⚖️ 平衡调整 #210: 差距<10% (拉开) 差距=8.0% 平局率=90.0% 强力进攻(全局倾向 x2.91)
2026-03-07 14:35:20,190 - INFO -   AI2(强): ε 0.010→0.009, lr 0.010→0.010, 攻击权 0.95→0.95, 防守权 0.05→0.05, 进攻启发 0.0100→0.0100, 防守启发 0.0001→0.0001
2026-03-07 14:35:20,190 - INFO -   AI1(弱): ε 0.115→0.150, lr 0.300→0.300, 攻击权 0.95→0.95, 防守权 0.05→0.05, 进攻启发 0.0100→0.0100, 防守启发 0.0001→0.0001
2026-03-07 14:51:08,491 - INFO - 
⚖️ 平衡调整 #211: 差距<10% (拉开) 差距=6.0% 平局率=88.0% 强力进攻(全局倾向 x2.88)
2026-03-07 14:51:08,491 - INFO -   AI2(强): ε 0.010→0.009, lr 0.010→0.010, 攻击权 0.95→0.95, 防守权 0.05→0.05, 进攻启发 0.0100→0.0100, 防守启发 0.0001→0.0001
2026-03-07 14:51:08,491 - INFO -   AI1(弱): ε 0.128→0.166, lr 0.300→0.300, 攻击权 0.95→0.95, 防守权 0.05→0.05, 进攻启发 0.0100→0.0100, 防守启发 0.0001→0.0001
2026-03-07 15:07:25,657 - INFO - 📈 全局进攻倾向提升至 3.00
2026-03-07 15:07:25,658 - INFO - 
⚖️ 平衡调整 #212: 微调 差距=12.0% 平局率=82.0% 强力进攻(全局倾向 x3.00)
2026-03-07 15:07:25,658 - INFO -   AI2(强): ε 0.010→0.010, lr 0.010→0.010, 攻击权 0.95→0.95, 防守权 0.05→0.05, 进攻启发 0.0100→0.0100, 防守启发 0.0001→0.0001
2026-03-07 15:07:25,658 - INFO -   AI1(弱): ε 0.144→0.144, lr 0.300→0.300, 攻击权 0.95→0.95, 防守权 0.05→0.05, 进攻启发 0.0100→0.0100, 防守启发 0.0001→0.0001
2026-03-07 15:28:18,023 - INFO - 
⚖️ 平衡调整 #213: 微调 差距=15.0% 平局率=83.0% 强力进攻(全局倾向 x2.97)
2026-03-07 15:28:18,023 - INFO -   AI2(强): ε 0.010→0.010, lr 0.010→0.010, 攻击权 0.95→0.95, 防守权 0.05→0.05, 进攻启发 0.0100→0.0100, 防守启发 0.0001→0.0001
2026-03-07 15:28:18,023 - INFO -   AI1(弱): ε 0.125→0.125, lr 0.300→0.300, 攻击权 0.95→0.95, 防守权 0.05→0.05, 进攻启发 0.0100→0.0100, 防守启发 0.0001→0.0001
2026-03-07 15:50:11,952 - INFO - 
⚖️ 平衡调整 #214: 微调 差距=12.0% 平局率=82.0% 强力进攻(全局倾向 x2.94)
2026-03-07 15:50:11,952 - INFO -   AI2(强): ε 0.010→0.010, lr 0.010→0.010, 攻击权 0.95→0.95, 防守权 0.05→0.05, 进攻启发 0.0100→0.0100, 防守启发 0.0001→0.0001
2026-03-07 15:50:11,952 - INFO -   AI1(弱): ε 0.105→0.105, lr 0.300→0.300, 攻击权 0.95→0.95, 防守权 0.05→0.05, 进攻启发 0.0100→0.0100, 防守启发 0.0001→0.0001
2026-03-07 15:54:23,722 - INFO - 
==================================================
2026-03-07 15:54:23,722 - INFO - 第 15000/19000 局 (78.9%)
2026-03-07 15:54:23,723 - INFO - 速度: 0.1局/秒, 已用: 2900.0分钟
2026-03-07 15:54:23,723 - INFO - 总战绩: AI1 439胜, AI2 1830胜, 平局 13731
2026-03-07 15:54:23,723 - INFO - 近期100局: AI1 4.0%, AI2 11.0%, 平局 85.0%
2026-03-07 15:54:23,723 - INFO - 胜率差距: 7.0%
2026-03-07 15:54:23,723 - INFO - 防守统计: 总229895次, 平均15.33次/局
2026-03-07 15:54:23,723 - INFO - 参数: AI1 ε=0.100, lr=0.300
2026-03-07 15:54:23,723 - INFO -        AI2 ε=0.010, lr=0.010
2026-03-07 15:54:23,723 - INFO - ==================================================
2026-03-07 15:54:23,723 - INFO - 
📊 第 15000 局检查点 速度:0.1局/秒
2026-03-07 15:54:23,724 - INFO -   战绩: AI1 439胜 AI2 1830胜 平局 13731
2026-03-07 15:54:23,725 - INFO -   胜率: AI1 2.7% AI2 11.4% 平局 85.8%
2026-03-07 15:54:23,725 - INFO -   差距:8.7% 防守:229895次
2026-03-07 15:54:24,113 - INFO - 模型已保存: AI1_point_16000_20260307_155423.pkl (46.72 MB)
2026-03-07 15:54:24,432 - INFO - 模型已保存: AI2_point_16000_20260307_155423.pkl (46.92 MB)
2026-03-07 15:54:26,846 - INFO -   统计图已保存: stats_ep15000.png
2026-03-07 16:04:27,214 - INFO - 
⚖️ 平衡调整 #215: 差距<10% (拉开) 差距=5.0% 平局率=87.0% 强力进攻(全局倾向 x2.91)
2026-03-07 16:04:27,214 - INFO -   AI2(强): ε 0.010→0.009, lr 0.010→0.010, 攻击权 0.95→0.95, 防守权 0.05→0.05, 进攻启发 0.0100→0.0100, 防守启发 0.0001→0.0001
2026-03-07 16:04:27,215 - INFO -   AI1(弱): ε 0.088→0.115, lr 0.300→0.300, 攻击权 0.95→0.95, 防守权 0.05→0.05, 进攻启发 0.0100→0.0100, 防守启发 0.0001→0.0001
2026-03-07 16:19:56,035 - INFO - 
⚖️ 平衡调整 #216: 差距<10% (拉开) 差距=6.0% 平局率=90.0% 强力进攻(全局倾向 x2.88)
2026-03-07 16:19:56,036 - INFO -   AI2(强): ε 0.010→0.009, lr 0.010→0.010, 攻击权 0.95→0.95, 防守权 0.05→0.05, 进攻启发 0.0100→0.0100, 防守启发 0.0001→0.0001
2026-03-07 16:19:56,036 - INFO -   AI1(弱): ε 0.098→0.128, lr 0.300→0.300, 攻击权 0.95→0.95, 防守权 0.05→0.05, 进攻启发 0.0100→0.0100, 防守启发 0.0001→0.0001
2026-03-07 17:16:56,683 - INFO - 📈 全局进攻倾向提升至 3.00
2026-03-07 17:16:56,684 - INFO - 
⚖️ 平衡调整 #217: 微调 差距=10.0% 平局率=90.0% 强力进攻(全局倾向 x3.00)
2026-03-07 17:16:56,684 - INFO -   AI2(强): ε 0.010→0.010, lr 0.010→0.010, 攻击权 0.95→0.95, 防守权 0.05→0.05, 进攻启发 0.0100→0.0100, 防守启发 0.0001→0.0001
2026-03-07 17:16:56,684 - INFO -   AI1(弱): ε 0.109→0.109, lr 0.300→0.300, 攻击权 0.95→0.95, 防守权 0.05→0.05, 进攻启发 0.0100→0.0100, 防守启发 0.0001→0.0001
2026-03-07 17:28:34,035 - INFO - 
⚖️ 平衡调整 #218: 差距<10% (拉开) 差距=8.0% 平局率=86.0% 强力进攻(全局倾向 x2.97)
2026-03-07 17:28:34,035 - INFO -   AI2(强): ε 0.010→0.009, lr 0.010→0.010, 攻击权 0.95→0.95, 防守权 0.05→0.05, 进攻启发 0.0100→0.0100, 防守启发 0.0001→0.0001
2026-03-07 17:28:34,035 - INFO -   AI1(弱): ε 0.091→0.119, lr 0.300→0.300, 攻击权 0.95→0.95, 防守权 0.05→0.05, 进攻启发 0.0100→0.0100, 防守启发 0.0001→0.0001
2026-03-07 17:41:31,370 - INFO - 
⚖️ 平衡调整 #219: 差距<10% (拉开) 差距=4.0% 平局率=86.0% 强力进攻(全局倾向 x2.94)
2026-03-07 17:41:31,371 - INFO -   AI2(强): ε 0.010→0.009, lr 0.010→0.010, 攻击权 0.95→0.95, 防守权 0.05→0.05, 进攻启发 0.0100→0.0100, 防守启发 0.0001→0.0001
2026-03-07 17:41:31,371 - INFO -   AI1(弱): ε 0.100→0.130, lr 0.300→0.300, 攻击权 0.95→0.95, 防守权 0.05→0.05, 进攻启发 0.0100→0.0100, 防守启发 0.0001→0.0001
2026-03-07 18:27:27,600 - INFO - 
⚖️ 平衡调整 #220: 微调 差距=10.0% 平局率=84.0% 强力进攻(全局倾向 x2.91)
2026-03-07 18:27:27,601 - INFO -   AI2(强): ε 0.010→0.010, lr 0.010→0.010, 攻击权 0.95→0.95, 防守权 0.05→0.05, 进攻启发 0.0100→0.0100, 防守启发 0.0001→0.0001
2026-03-07 18:27:27,602 - INFO -   AI1(弱): ε 0.111→0.111, lr 0.300→0.300, 攻击权 0.95→0.95, 防守权 0.05→0.05, 进攻启发 0.0100→0.0100, 防守启发 0.0001→0.0001
2026-03-07 18:45:23,052 - INFO - 
⚖️ 平衡调整 #221: 差距<10% (拉开) 差距=6.0% 平局率=94.0% 强力进攻(全局倾向 x2.88)
2026-03-07 18:45:23,052 - INFO -   AI2(强): ε 0.010→0.009, lr 0.010→0.010, 攻击权 0.95→0.95, 防守权 0.05→0.05, 进攻启发 0.0100→0.0100, 防守启发 0.0001→0.0001
2026-03-07 18:45:23,053 - INFO -   AI1(弱): ε 0.094→0.123, lr 0.300→0.300, 攻击权 0.95→0.95, 防守权 0.05→0.05, 进攻启发 0.0100→0.0100, 防守启发 0.0001→0.0001
2026-03-07 18:52:41,589 - INFO - 
==================================================
2026-03-07 18:52:41,589 - INFO - 第 15500/19000 局 (81.6%)
2026-03-07 18:52:41,590 - INFO - 速度: 0.1局/秒, 已用: 3078.3分钟
2026-03-07 18:52:41,590 - INFO - 总战绩: AI1 451胜, AI2 1880胜, 平局 14169
2026-03-07 18:52:41,590 - INFO - 近期100局: AI1 2.0%, AI2 7.0%, 平局 91.0%
2026-03-07 18:52:41,590 - INFO - 胜率差距: 5.0%
2026-03-07 18:52:41,590 - INFO - 防守统计: 总237055次, 平均15.29次/局
2026-03-07 18:52:41,590 - INFO - 参数: AI1 ε=0.114, lr=0.300
2026-03-07 18:52:41,590 - INFO -        AI2 ε=0.010, lr=0.010
2026-03-07 18:52:41,591 - INFO - ==================================================
2026-03-07 19:03:02,849 - INFO - 📈 全局进攻倾向提升至 3.00
2026-03-07 19:03:02,850 - INFO - 
⚖️ 平衡调整 #222: 微调 差距=13.0% 平局率=83.0% 强力进攻(全局倾向 x3.00)
2026-03-07 19:03:02,850 - INFO -   AI2(强): ε 0.010→0.010, lr 0.010→0.010, 攻击权 0.95→0.95, 防守权 0.05→0.05, 进攻启发 0.0100→0.0100, 防守启发 0.0001→0.0001
2026-03-07 19:03:02,850 - INFO -   AI1(弱): ε 0.106→0.106, lr 0.300→0.300, 攻击权 0.95→0.95, 防守权 0.05→0.05, 进攻启发 0.0100→0.0100, 防守启发 0.0001→0.0001
2026-03-07 19:25:01,887 - INFO - 
⚖️ 平衡调整 #223: 微调 差距=12.0% 平局率=88.0% 强力进攻(全局倾向 x2.97)
2026-03-07 19:25:01,887 - INFO -   AI2(强): ε 0.010→0.010, lr 0.010→0.010, 攻击权 0.95→0.95, 防守权 0.05→0.05, 进攻启发 0.0100→0.0100, 防守启发 0.0001→0.0001
2026-03-07 19:25:01,887 - INFO -   AI1(弱): ε 0.090→0.090, lr 0.300→0.300, 攻击权 0.95→0.95, 防守权 0.05→0.05, 进攻启发 0.0100→0.0100, 防守启发 0.0001→0.0001
2026-03-07 19:46:54,752 - INFO - 
⚖️ 平衡调整 #224: 差距<10% (拉开) 差距=3.0% 平局率=95.0% 强力进攻(全局倾向 x2.94)
2026-03-07 19:46:54,752 - INFO -   AI2(强): ε 0.010→0.009, lr 0.010→0.010, 攻击权 0.95→0.95, 防守权 0.05→0.05, 进攻启发 0.0100→0.0100, 防守启发 0.0001→0.0001
2026-03-07 19:46:54,753 - INFO -   AI1(弱): ε 0.076→0.098, lr 0.300→0.300, 攻击权 0.95→0.95, 防守权 0.05→0.05, 进攻启发 0.0100→0.0100, 防守启发 0.0001→0.0001
2026-03-07 20:06:50,554 - INFO - 
⚖️ 平衡调整 #225: 差距<10% (拉开) 差距=2.0% 平局率=94.0% 强力进攻(全局倾向 x2.91)
2026-03-07 20:06:50,554 - INFO -   AI2(强): ε 0.010→0.009, lr 0.010→0.010, 攻击权 0.95→0.95, 防守权 0.05→0.05, 进攻启发 0.0100→0.0100, 防守启发 0.0001→0.0001
2026-03-07 20:06:50,554 - INFO -   AI1(弱): ε 0.082→0.107, lr 0.300→0.300, 攻击权 0.95→0.95, 防守权 0.05→0.05, 进攻启发 0.0100→0.0100, 防守启发 0.0001→0.0001
2026-03-07 20:24:28,020 - INFO - 
⚖️ 平衡调整 #226: 差距<10% (拉开) 差距=5.0% 平局率=87.0% 强力进攻(全局倾向 x2.88)
2026-03-07 20:24:28,020 - INFO -   AI2(强): ε 0.010→0.009, lr 0.010→0.010, 攻击权 0.95→0.95, 防守权 0.05→0.05, 进攻启发 0.0100→0.0100, 防守启发 0.0001→0.0001
2026-03-07 20:24:28,020 - INFO -   AI1(弱): ε 0.091→0.118, lr 0.300→0.300, 攻击权 0.95→0.95, 防守权 0.05→0.05, 进攻启发 0.0100→0.0100, 防守启发 0.0001→0.0001
2026-03-07 20:44:03,562 - INFO - 📈 全局进攻倾向提升至 3.00
2026-03-07 20:44:03,563 - INFO - 
⚖️ 平衡调整 #227: 差距<10% (拉开) 差距=9.0% 平局率=83.0% 强力进攻(全局倾向 x3.00)
2026-03-07 20:44:03,563 - INFO -   AI2(强): ε 0.010→0.009, lr 0.010→0.010, 攻击权 0.95→0.95, 防守权 0.05→0.05, 进攻启发 0.0100→0.0100, 防守启发 0.0001→0.0001
2026-03-07 20:44:03,563 - INFO -   AI1(弱): ε 0.101→0.131, lr 0.300→0.300, 攻击权 0.95→0.95, 防守权 0.05→0.05, 进攻启发 0.0100→0.0100, 防守启发 0.0001→0.0001
2026-03-07 21:03:54,826 - INFO - 
⚖️ 平衡调整 #228: 差距<10% (拉开) 差距=9.0% 平局率=89.0% 强力进攻(全局倾向 x2.97)
2026-03-07 21:03:54,829 - INFO -   AI2(强): ε 0.010→0.009, lr 0.010→0.010, 攻击权 0.95→0.95, 防守权 0.05→0.05, 进攻启发 0.0100→0.0100, 防守启发 0.0001→0.0001
2026-03-07 21:03:54,830 - INFO -   AI1(弱): ε 0.112→0.146, lr 0.300→0.300, 攻击权 0.95→0.95, 防守权 0.05→0.05, 进攻启发 0.0100→0.0100, 防守启发 0.0001→0.0001
2026-03-07 21:12:51,514 - INFO - 
==================================================
2026-03-07 21:12:51,514 - INFO - 第 16000/19000 局 (84.2%)
2026-03-07 21:12:51,514 - INFO - 速度: 0.1局/秒, 已用: 3218.5分钟
2026-03-07 21:12:51,514 - INFO - 总战绩: AI1 459胜, AI2 1926胜, 平局 14615
2026-03-07 21:12:51,514 - INFO - 近期100局: AI1 0.0%, AI2 9.0%, 平局 91.0%
2026-03-07 21:12:51,514 - INFO - 胜率差距: 9.0%
2026-03-07 21:12:51,514 - INFO - 防守统计: 总244142次, 平均15.26次/局
2026-03-07 21:12:51,515 - INFO - 参数: AI1 ε=0.135, lr=0.300
2026-03-07 21:12:51,515 - INFO -        AI2 ε=0.010, lr=0.010
2026-03-07 21:12:51,515 - INFO - ==================================================
2026-03-07 21:18:41,388 - INFO - 
⚖️ 平衡调整 #229: 微调 差距=14.0% 平局率=86.0% 强力进攻(全局倾向 x2.94)
2026-03-07 21:18:41,388 - INFO -   AI2(强): ε 0.010→0.010, lr 0.010→0.010, 攻击权 0.95→0.95, 防守权 0.05→0.05, 进攻启发 0.0100→0.0100, 防守启发 0.0001→0.0001
2026-03-07 21:18:41,388 - INFO -   AI1(弱): ε 0.128→0.128, lr 0.300→0.300, 攻击权 0.95→0.95, 防守权 0.05→0.05, 进攻启发 0.0100→0.0100, 防守启发 0.0001→0.0001
2026-03-07 21:31:41,127 - INFO - 
⚖️ 平衡调整 #230: 差距<10% (拉开) 差距=8.0% 平局率=86.0% 强力进攻(全局倾向 x2.91)
2026-03-07 21:31:41,128 - INFO -   AI2(强): ε 0.010→0.009, lr 0.010→0.010, 攻击权 0.95→0.95, 防守权 0.05→0.05, 进攻启发 0.0100→0.0100, 防守启发 0.0001→0.0001
2026-03-07 21:31:41,128 - INFO -   AI1(弱): ε 0.108→0.141, lr 0.300→0.300, 攻击权 0.95→0.95, 防守权 0.05→0.05, 进攻启发 0.0100→0.0100, 防守启发 0.0001→0.0001
2026-03-07 21:44:04,881 - INFO - 
⚖️ 平衡调整 #231: 微调 差距=10.0% 平局率=88.0% 强力进攻(全局倾向 x2.88)
2026-03-07 21:44:04,882 - INFO -   AI2(强): ε 0.010→0.010, lr 0.010→0.010, 攻击权 0.95→0.95, 防守权 0.05→0.05, 进攻启发 0.0100→0.0100, 防守启发 0.0001→0.0001
2026-03-07 21:44:04,882 - INFO -   AI1(弱): ε 0.121→0.121, lr 0.300→0.300, 攻击权 0.95→0.95, 防守权 0.05→0.05, 进攻启发 0.0100→0.0100, 防守启发 0.0001→0.0001
2026-03-07 21:55:33,520 - INFO - 📈 全局进攻倾向提升至 3.00
2026-03-07 21:55:33,521 - INFO - 
⚖️ 平衡调整 #232: 差距<10% (拉开) 差距=8.0% 平局率=84.0% 强力进攻(全局倾向 x3.00)
2026-03-07 21:55:33,521 - INFO -   AI2(强): ε 0.010→0.009, lr 0.010→0.010, 攻击权 0.95→0.95, 防守权 0.05→0.05, 进攻启发 0.0100→0.0100, 防守启发 0.0001→0.0001
2026-03-07 21:55:33,521 - INFO -   AI1(弱): ε 0.103→0.134, lr 0.300→0.300, 攻击权 0.95→0.95, 防守权 0.05→0.05, 进攻启发 0.0100→0.0100, 防守启发 0.0001→0.0001
2026-03-07 22:07:21,643 - INFO - 
⚖️ 平衡调整 #233: 差距<10% (拉开) 差距=9.0% 平局率=91.0% 强力进攻(全局倾向 x2.97)
2026-03-07 22:07:21,644 - INFO -   AI2(强): ε 0.010→0.009, lr 0.010→0.010, 攻击权 0.95→0.95, 防守权 0.05→0.05, 进攻启发 0.0100→0.0100, 防守启发 0.0001→0.0001
2026-03-07 22:07:21,644 - INFO -   AI1(弱): ε 0.114→0.148, lr 0.300→0.300, 攻击权 0.95→0.95, 防守权 0.05→0.05, 进攻启发 0.0100→0.0100, 防守启发 0.0001→0.0001
2026-03-07 22:19:51,959 - INFO - 
⚖️ 平衡调整 #234: 差距<10% (拉开) 差距=4.0% 平局率=94.0% 强力进攻(全局倾向 x2.94)
2026-03-07 22:19:51,959 - INFO -   AI2(强): ε 0.010→0.009, lr 0.010→0.010, 攻击权 0.95→0.95, 防守权 0.05→0.05, 进攻启发 0.0100→0.0100, 防守启发 0.0001→0.0001
2026-03-07 22:19:51,959 - INFO -   AI1(弱): ε 0.124→0.162, lr 0.300→0.300, 攻击权 0.95→0.95, 防守权 0.05→0.05, 进攻启发 0.0100→0.0100, 防守启发 0.0001→0.0001
2026-03-07 22:34:27,692 - INFO - 
⚖️ 平衡调整 #235: 微调 差距=10.0% 平局率=86.0% 强力进攻(全局倾向 x2.91)
2026-03-07 22:34:27,692 - INFO -   AI2(强): ε 0.010→0.010, lr 0.010→0.010, 攻击权 0.95→0.95, 防守权 0.05→0.05, 进攻启发 0.0100→0.0100, 防守启发 0.0001→0.0001
2026-03-07 22:34:27,693 - INFO -   AI1(弱): ε 0.139→0.139, lr 0.300→0.300, 攻击权 0.95→0.95, 防守权 0.05→0.05, 进攻启发 0.0100→0.0100, 防守启发 0.0001→0.0001
2026-03-07 22:45:04,468 - INFO - 
==================================================
2026-03-07 22:45:04,469 - INFO - 第 16500/19000 局 (86.8%)
2026-03-07 22:45:04,469 - INFO - 速度: 0.1局/秒, 已用: 3310.7分钟
2026-03-07 22:45:04,469 - INFO - 总战绩: AI1 468胜, AI2 1979胜, 平局 15053
2026-03-07 22:45:04,469 - INFO - 近期100局: AI1 1.0%, AI2 13.0%, 平局 86.0%
2026-03-07 22:45:04,469 - INFO - 胜率差距: 12.0%
2026-03-07 22:45:04,470 - INFO - 防守统计: 总251326次, 平均15.23次/局
2026-03-07 22:45:04,471 - INFO - 参数: AI1 ε=0.125, lr=0.300
2026-03-07 22:45:04,471 - INFO -        AI2 ε=0.010, lr=0.010
2026-03-07 22:45:04,471 - INFO - ==================================================
2026-03-07 22:49:26,126 - INFO - 
⚖️ 平衡调整 #236: 微调 差距=13.0% 平局率=87.0% 强力进攻(全局倾向 x2.88)
2026-03-07 22:49:26,127 - INFO -   AI2(强): ε 0.010→0.010, lr 0.010→0.010, 攻击权 0.95→0.95, 防守权 0.05→0.05, 进攻启发 0.0100→0.0100, 防守启发 0.0001→0.0001
2026-03-07 22:49:26,127 - INFO -   AI1(弱): ε 0.119→0.119, lr 0.300→0.300, 攻击权 0.95→0.95, 防守权 0.05→0.05, 进攻启发 0.0100→0.0100, 防守启发 0.0001→0.0001
2026-03-07 23:03:37,920 - INFO - 📈 全局进攻倾向提升至 3.00
2026-03-07 23:03:37,921 - INFO - 
⚖️ 平衡调整 #237: 差距<10% (拉开) 差距=4.0% 平局率=84.0% 强力进攻(全局倾向 x3.00)
2026-03-07 23:03:37,921 - INFO -   AI2(强): ε 0.010→0.009, lr 0.010→0.010, 攻击权 0.95→0.95, 防守权 0.05→0.05, 进攻启发 0.0100→0.0100, 防守启发 0.0001→0.0001
2026-03-07 23:03:37,921 - INFO -   AI1(弱): ε 0.100→0.129, lr 0.300→0.300, 攻击权 0.95→0.95, 防守权 0.05→0.05, 进攻启发 0.0100→0.0100, 防守启发 0.0001→0.0001
2026-03-07 23:17:01,274 - INFO - 
⚖️ 平衡调整 #238: 差距<10% (拉开) 差距=3.0% 平局率=89.0% 强力进攻(全局倾向 x2.97)
2026-03-07 23:17:01,274 - INFO -   AI2(强): ε 0.010→0.009, lr 0.010→0.010, 攻击权 0.95→0.95, 防守权 0.05→0.05, 进攻启发 0.0100→0.0100, 防守启发 0.0001→0.0001
2026-03-07 23:17:01,274 - INFO -   AI1(弱): ε 0.109→0.142, lr 0.300→0.300, 攻击权 0.95→0.95, 防守权 0.05→0.05, 进攻启发 0.0100→0.0100, 防守启发 0.0001→0.0001
2026-03-08 08:26:56,693 - INFO - 
⚖️ 平衡调整 #239: 差距<10% (拉开) 差距=8.0% 平局率=88.0% 强力进攻(全局倾向 x2.94)
2026-03-08 08:26:56,694 - INFO -   AI2(强): ε 0.010→0.009, lr 0.010→0.010, 攻击权 0.95→0.95, 防守权 0.05→0.05, 进攻启发 0.0100→0.0100, 防守启发 0.0001→0.0001
2026-03-08 08:26:56,694 - INFO -   AI1(弱): ε 0.123→0.160, lr 0.300→0.300, 攻击权 0.95→0.95, 防守权 0.05→0.05, 进攻启发 0.0100→0.0100, 防守启发 0.0001→0.0001
2026-03-08 08:38:30,703 - INFO - 
⚖️ 平衡调整 #240: 差距<10% (拉开) 差距=7.0% 平局率=91.0% 强力进攻(全局倾向 x2.91)
2026-03-08 08:38:30,703 - INFO -   AI2(强): ε 0.010→0.009, lr 0.010→0.010, 攻击权 0.95→0.95, 防守权 0.05→0.05, 进攻启发 0.0100→0.0100, 防守启发 0.0001→0.0001
2026-03-08 08:38:30,703 - INFO -   AI1(弱): ε 0.136→0.177, lr 0.300→0.300, 攻击权 0.95→0.95, 防守权 0.05→0.05, 进攻启发 0.0100→0.0100, 防守启发 0.0001→0.0001
2026-03-08 08:49:40,952 - INFO - 
⚖️ 平衡调整 #241: 微调 差距=10.0% 平局率=84.0% 强力进攻(全局倾向 x2.88)
2026-03-08 08:49:40,952 - INFO -   AI2(强): ε 0.010→0.010, lr 0.010→0.010, 攻击权 0.95→0.95, 防守权 0.05→0.05, 进攻启发 0.0100→0.0100, 防守启发 0.0001→0.0001
2026-03-08 08:49:40,952 - INFO -   AI1(弱): ε 0.153→0.153, lr 0.300→0.300, 攻击权 0.95→0.95, 防守权 0.05→0.05, 进攻启发 0.0100→0.0100, 防守启发 0.0001→0.0001
2026-03-08 09:01:04,320 - INFO - 📈 全局进攻倾向提升至 3.00
2026-03-08 09:01:04,321 - INFO - 
⚖️ 平衡调整 #242: 差距<10% (拉开) 差距=8.0% 平局率=84.0% 强力进攻(全局倾向 x3.00)
2026-03-08 09:01:04,321 - INFO -   AI2(强): ε 0.010→0.009, lr 0.010→0.010, 攻击权 0.95→0.95, 防守权 0.05→0.05, 进攻启发 0.0100→0.0100, 防守启发 0.0001→0.0001
2026-03-08 09:01:04,321 - INFO -   AI1(弱): ε 0.130→0.169, lr 0.300→0.300, 攻击权 0.95→0.95, 防守权 0.05→0.05, 进攻启发 0.0100→0.0100, 防守启发 0.0001→0.0001
2026-03-08 09:11:12,164 - INFO - 
==================================================
2026-03-08 09:11:12,164 - INFO - 第 17000/19000 局 (89.5%)
2026-03-08 09:11:12,164 - INFO - 速度: 0.1局/秒, 已用: 3936.8分钟
2026-03-08 09:11:12,164 - INFO - 总战绩: AI1 482胜, AI2 2028胜, 平局 15490
2026-03-08 09:11:12,164 - INFO - 近期100局: AI1 2.0%, AI2 8.0%, 平局 90.0%
2026-03-08 09:11:12,165 - INFO - 胜率差距: 6.0%
2026-03-08 09:11:12,165 - INFO - 防守统计: 总258610次, 平均15.21次/局
2026-03-08 09:11:12,165 - INFO - 参数: AI1 ε=0.146, lr=0.300
2026-03-08 09:11:12,165 - INFO -        AI2 ε=0.010, lr=0.010
2026-03-08 09:11:12,165 - INFO - ==================================================
2026-03-08 09:12:47,300 - INFO - 
⚖️ 平衡调整 #243: 微调 差距=11.0% 平局率=89.0% 强力进攻(全局倾向 x2.97)
2026-03-08 09:12:47,300 - INFO -   AI2(强): ε 0.010→0.010, lr 0.010→0.010, 攻击权 0.95→0.95, 防守权 0.05→0.05, 进攻启发 0.0100→0.0100, 防守启发 0.0001→0.0001
2026-03-08 09:12:47,300 - INFO -   AI1(弱): ε 0.143→0.143, lr 0.300→0.300, 攻击权 0.95→0.95, 防守权 0.05→0.05, 进攻启发 0.0100→0.0100, 防守启发 0.0001→0.0001
2026-03-08 09:24:25,280 - INFO - 
⚖️ 平衡调整 #244: 微调 差距=13.0% 平局率=85.0% 强力进攻(全局倾向 x2.94)
2026-03-08 09:24:25,280 - INFO -   AI2(强): ε 0.010→0.010, lr 0.010→0.010, 攻击权 0.95→0.95, 防守权 0.05→0.05, 进攻启发 0.0100→0.0100, 防守启发 0.0001→0.0001
2026-03-08 09:24:25,281 - INFO -   AI1(弱): ε 0.123→0.123, lr 0.300→0.300, 攻击权 0.95→0.95, 防守权 0.05→0.05, 进攻启发 0.0100→0.0100, 防守启发 0.0001→0.0001
2026-03-08 09:36:03,865 - INFO - 
⚖️ 平衡调整 #245: 微调 差距=12.0% 平局率=84.0% 强力进攻(全局倾向 x2.91)
2026-03-08 09:36:03,865 - INFO -   AI2(强): ε 0.010→0.010, lr 0.010→0.010, 攻击权 0.95→0.95, 防守权 0.05→0.05, 进攻启发 0.0100→0.0100, 防守启发 0.0001→0.0001
2026-03-08 09:36:03,865 - INFO -   AI1(弱): ε 0.107→0.107, lr 0.300→0.300, 攻击权 0.95→0.95, 防守权 0.05→0.05, 进攻启发 0.0100→0.0100, 防守启发 0.0001→0.0001
2026-03-08 09:48:14,786 - INFO - 
⚖️ 平衡调整 #246: 微调 差距=10.0% 平局率=88.0% 强力进攻(全局倾向 x2.88)
2026-03-08 09:48:14,786 - INFO -   AI2(强): ε 0.010→0.010, lr 0.010→0.010, 攻击权 0.95→0.95, 防守权 0.05→0.05, 进攻启发 0.0100→0.0100, 防守启发 0.0001→0.0001
2026-03-08 09:48:14,786 - INFO -   AI1(弱): ε 0.092→0.092, lr 0.300→0.300, 攻击权 0.95→0.95, 防守权 0.05→0.05, 进攻启发 0.0100→0.0100, 防守启发 0.0001→0.0001
2026-03-08 10:00:59,481 - INFO - 📈 全局进攻倾向提升至 3.00
2026-03-08 10:00:59,482 - INFO - 
⚖️ 平衡调整 #247: 差距<10% (拉开) 差距=9.0% 平局率=91.0% 强力进攻(全局倾向 x3.00)
2026-03-08 10:00:59,482 - INFO -   AI2(强): ε 0.010→0.009, lr 0.010→0.010, 攻击权 0.95→0.95, 防守权 0.05→0.05, 进攻启发 0.0100→0.0100, 防守启发 0.0001→0.0001
2026-03-08 10:00:59,482 - INFO -   AI1(弱): ε 0.078→0.101, lr 0.300→0.300, 攻击权 0.95→0.95, 防守权 0.05→0.05, 进攻启发 0.0100→0.0100, 防守启发 0.0001→0.0001
2026-03-08 10:12:38,517 - INFO - 
⚖️ 平衡调整 #248: 差距<10% (拉开) 差距=6.0% 平局率=92.0% 强力进攻(全局倾向 x2.97)
2026-03-08 10:12:38,517 - INFO -   AI2(强): ε 0.010→0.009, lr 0.010→0.010, 攻击权 0.95→0.95, 防守权 0.05→0.05, 进攻启发 0.0100→0.0100, 防守启发 0.0001→0.0001
2026-03-08 10:12:38,518 - INFO -   AI1(弱): ε 0.086→0.111, lr 0.300→0.300, 攻击权 0.95→0.95, 防守权 0.05→0.05, 进攻启发 0.0100→0.0100, 防守启发 0.0001→0.0001
2026-03-08 10:26:49,605 - INFO - 
⚖️ 平衡调整 #249: 差距<10% (拉开) 差距=5.0% 平局率=87.0% 强力进攻(全局倾向 x2.94)
2026-03-08 10:26:49,606 - INFO -   AI2(强): ε 0.010→0.009, lr 0.010→0.010, 攻击权 0.95→0.95, 防守权 0.05→0.05, 进攻启发 0.0100→0.0100, 防守启发 0.0001→0.0001
2026-03-08 10:26:49,606 - INFO -   AI1(弱): ε 0.094→0.123, lr 0.300→0.300, 攻击权 0.95→0.95, 防守权 0.05→0.05, 进攻启发 0.0100→0.0100, 防守启发 0.0001→0.0001
2026-03-08 10:38:36,060 - INFO - 
⚖️ 平衡调整 #250: 差距<10% (拉开) 差距=6.0% 平局率=82.0% 强力进攻(全局倾向 x2.91)
2026-03-08 10:38:36,060 - INFO -   AI2(强): ε 0.010→0.009, lr 0.010→0.010, 攻击权 0.95→0.95, 防守权 0.05→0.05, 进攻启发 0.0100→0.0100, 防守启发 0.0001→0.0001
2026-03-08 10:38:36,060 - INFO -   AI1(弱): ε 0.105→0.137, lr 0.300→0.300, 攻击权 0.95→0.95, 防守权 0.05→0.05, 进攻启发 0.0100→0.0100, 防守启发 0.0001→0.0001
2026-03-08 10:38:36,060 - INFO - 
==================================================
2026-03-08 10:38:36,060 - INFO - 第 17500/19000 局 (92.1%)
2026-03-08 10:38:36,060 - INFO - 速度: 0.1局/秒, 已用: 4024.2分钟
2026-03-08 10:38:36,061 - INFO - 总战绩: AI1 492胜, AI2 2086胜, 平局 15922
2026-03-08 10:38:36,061 - INFO - 近期100局: AI1 6.0%, AI2 12.0%, 平局 82.0%
2026-03-08 10:38:36,061 - INFO - 胜率差距: 6.0%
2026-03-08 10:38:36,061 - INFO - 防守统计: 总265726次, 平均15.18次/局
2026-03-08 10:38:36,061 - INFO - 参数: AI1 ε=0.137, lr=0.300
2026-03-08 10:38:36,061 - INFO -        AI2 ε=0.009, lr=0.010
2026-03-08 10:38:36,061 - INFO - ==================================================
2026-03-08 10:51:03,116 - INFO - 
⚖️ 平衡调整 #251: 微调 差距=11.0% 平局率=89.0% 强力进攻(全局倾向 x2.88)
2026-03-08 10:51:03,116 - INFO -   AI2(强): ε 0.010→0.010, lr 0.010→0.010, 攻击权 0.95→0.95, 防守权 0.05→0.05, 进攻启发 0.0100→0.0100, 防守启发 0.0001→0.0001
2026-03-08 10:51:03,116 - INFO -   AI1(弱): ε 0.116→0.116, lr 0.300→0.300, 攻击权 0.95→0.95, 防守权 0.05→0.05, 进攻启发 0.0100→0.0100, 防守启发 0.0001→0.0001
2026-03-08 11:03:39,394 - INFO - 📈 全局进攻倾向提升至 3.00
2026-03-08 11:03:39,395 - INFO - 
⚖️ 平衡调整 #252: 差距<10% (拉开) 差距=7.0% 平局率=91.0% 强力进攻(全局倾向 x3.00)
2026-03-08 11:03:39,395 - INFO -   AI2(强): ε 0.010→0.009, lr 0.010→0.010, 攻击权 0.95→0.95, 防守权 0.05→0.05, 进攻启发 0.0100→0.0100, 防守启发 0.0001→0.0001
2026-03-08 11:03:39,395 - INFO -   AI1(弱): ε 0.099→0.129, lr 0.300→0.300, 攻击权 0.95→0.95, 防守权 0.05→0.05, 进攻启发 0.0100→0.0100, 防守启发 0.0001→0.0001
2026-03-08 11:17:33,134 - INFO - 
⚖️ 平衡调整 #253: 微调 差距=11.0% 平局率=89.0% 强力进攻(全局倾向 x2.97)
2026-03-08 11:17:33,135 - INFO -   AI2(强): ε 0.010→0.010, lr 0.010→0.010, 攻击权 0.95→0.95, 防守权 0.05→0.05, 进攻启发 0.0100→0.0100, 防守启发 0.0001→0.0001
2026-03-08 11:17:33,135 - INFO -   AI1(弱): ε 0.112→0.112, lr 0.300→0.300, 攻击权 0.95→0.95, 防守权 0.05→0.05, 进攻启发 0.0100→0.0100, 防守启发 0.0001→0.0001
2026-03-08 11:32:35,376 - INFO - 
⚖️ 平衡调整 #254: 差距<10% (拉开) 差距=8.0% 平局率=90.0% 强力进攻(全局倾向 x2.94)
2026-03-08 11:32:35,377 - INFO -   AI2(强): ε 0.010→0.009, lr 0.010→0.010, 攻击权 0.95→0.95, 防守权 0.05→0.05, 进攻启发 0.0100→0.0100, 防守启发 0.0001→0.0001
2026-03-08 11:32:35,377 - INFO -   AI1(弱): ε 0.095→0.123, lr 0.300→0.300, 攻击权 0.95→0.95, 防守权 0.05→0.05, 进攻启发 0.0100→0.0100, 防守启发 0.0001→0.0001
2026-03-08 11:48:06,344 - INFO - 
⚖️ 平衡调整 #255: 微调 差距=10.0% 平局率=88.0% 强力进攻(全局倾向 x2.91)
2026-03-08 11:48:06,345 - INFO -   AI2(强): ε 0.010→0.010, lr 0.010→0.010, 攻击权 0.95→0.95, 防守权 0.05→0.05, 进攻启发 0.0100→0.0100, 防守启发 0.0001→0.0001
2026-03-08 11:48:06,345 - INFO -   AI1(弱): ε 0.106→0.106, lr 0.300→0.300, 攻击权 0.95→0.95, 防守权 0.05→0.05, 进攻启发 0.0100→0.0100, 防守启发 0.0001→0.0001
2026-03-08 13:04:21,855 - INFO - 
⚖️ 平衡调整 #256: 差距<10% (拉开) 差距=5.0% 平局率=87.0% 强力进攻(全局倾向 x2.88)
2026-03-08 13:04:21,856 - INFO -   AI2(强): ε 0.010→0.009, lr 0.010→0.010, 攻击权 0.95→0.95, 防守权 0.05→0.05, 进攻启发 0.0100→0.0100, 防守启发 0.0001→0.0001
2026-03-08 13:04:21,856 - INFO -   AI1(弱): ε 0.090→0.117, lr 0.300→0.300, 攻击权 0.95→0.95, 防守权 0.05→0.05, 进攻启发 0.0100→0.0100, 防守启发 0.0001→0.0001
2026-03-08 13:16:45,524 - INFO - 📈 全局进攻倾向提升至 3.00
2026-03-08 13:16:45,525 - INFO - 
⚖️ 平衡调整 #257: 差距<10% (拉开) 差距=9.0% 平局率=87.0% 强力进攻(全局倾向 x3.00)
2026-03-08 13:16:45,525 - INFO -   AI2(强): ε 0.010→0.009, lr 0.010→0.010, 攻击权 0.95→0.95, 防守权 0.05→0.05, 进攻启发 0.0100→0.0100, 防守启发 0.0001→0.0001
2026-03-08 13:16:45,525 - INFO -   AI1(弱): ε 0.099→0.128, lr 0.300→0.300, 攻击权 0.95→0.95, 防守权 0.05→0.05, 进攻启发 0.0100→0.0100, 防守启发 0.0001→0.0001
2026-03-08 13:18:54,610 - INFO - 
==================================================
2026-03-08 13:18:54,610 - INFO - 第 18000/19000 局 (94.7%)
2026-03-08 13:18:54,610 - INFO - 速度: 0.1局/秒, 已用: 4184.5分钟
2026-03-08 13:18:54,610 - INFO - 总战绩: AI1 499胜, AI2 2136胜, 平局 16365
2026-03-08 13:18:54,610 - INFO - 近期100局: AI1 2.0%, AI2 9.0%, 平局 89.0%
2026-03-08 13:18:54,611 - INFO - 胜率差距: 7.0%
2026-03-08 13:18:54,611 - INFO - 防守统计: 总272845次, 平均15.16次/局
2026-03-08 13:18:54,611 - INFO - 参数: AI1 ε=0.125, lr=0.300
2026-03-08 13:18:54,611 - INFO -        AI2 ε=0.010, lr=0.010
2026-03-08 13:18:54,611 - INFO - ==================================================
2026-03-08 13:29:51,684 - INFO - 
⚖️ 平衡调整 #258: 差距<10% (拉开) 差距=9.0% 平局率=89.0% 强力进攻(全局倾向 x2.97)
2026-03-08 13:29:51,684 - INFO -   AI2(强): ε 0.010→0.009, lr 0.010→0.010, 攻击权 0.95→0.95, 防守权 0.05→0.05, 进攻启发 0.0100→0.0100, 防守启发 0.0001→0.0001
2026-03-08 13:29:51,684 - INFO -   AI1(弱): ε 0.110→0.143, lr 0.300→0.300, 攻击权 0.95→0.95, 防守权 0.05→0.05, 进攻启发 0.0100→0.0100, 防守启发 0.0001→0.0001
2026-03-08 13:42:01,564 - INFO - 
⚖️ 平衡调整 #259: 微调 差距=11.0% 平局率=85.0% 强力进攻(全局倾向 x2.94)
2026-03-08 13:42:01,564 - INFO -   AI2(强): ε 0.010→0.010, lr 0.010→0.010, 攻击权 0.95→0.95, 防守权 0.05→0.05, 进攻启发 0.0100→0.0100, 防守启发 0.0001→0.0001
2026-03-08 13:42:01,564 - INFO -   AI1(弱): ε 0.124→0.124, lr 0.300→0.300, 攻击权 0.95→0.95, 防守权 0.05→0.05, 进攻启发 0.0100→0.0100, 防守启发 0.0001→0.0001
2026-03-08 13:55:47,300 - INFO - 
⚖️ 平衡调整 #260: 微调 差距=10.0% 平局率=86.0% 强力进攻(全局倾向 x2.91)
2026-03-08 13:55:47,300 - INFO -   AI2(强): ε 0.010→0.010, lr 0.010→0.010, 攻击权 0.95→0.95, 防守权 0.05→0.05, 进攻启发 0.0100→0.0100, 防守启发 0.0001→0.0001
2026-03-08 13:55:47,300 - INFO -   AI1(弱): ε 0.105→0.105, lr 0.300→0.300, 攻击权 0.95→0.95, 防守权 0.05→0.05, 进攻启发 0.0100→0.0100, 防守启发 0.0001→0.0001
2026-03-08 14:08:57,907 - INFO - 
⚖️ 平衡调整 #261: 微调 差距=10.0% 平局率=88.0% 强力进攻(全局倾向 x2.88)
2026-03-08 14:08:57,909 - INFO -   AI2(强): ε 0.010→0.010, lr 0.010→0.010, 攻击权 0.95→0.95, 防守权 0.05→0.05, 进攻启发 0.0100→0.0100, 防守启发 0.0001→0.0001
2026-03-08 14:08:57,909 - INFO -   AI1(弱): ε 0.089→0.089, lr 0.300→0.300, 攻击权 0.95→0.95, 防守权 0.05→0.05, 进攻启发 0.0100→0.0100, 防守启发 0.0001→0.0001
2026-03-08 14:35:25,116 - INFO - 📈 全局进攻倾向提升至 3.00
2026-03-08 14:35:25,117 - INFO - 
⚖️ 平衡调整 #262: 差距<10% (拉开) 差距=6.0% 平局率=92.0% 强力进攻(全局倾向 x3.00)
2026-03-08 14:35:25,117 - INFO -   AI2(强): ε 0.010→0.009, lr 0.010→0.010, 攻击权 0.95→0.95, 防守权 0.05→0.05, 进攻启发 0.0100→0.0100, 防守启发 0.0001→0.0001
2026-03-08 14:35:25,117 - INFO -   AI1(弱): ε 0.074→0.097, lr 0.300→0.300, 攻击权 0.95→0.95, 防守权 0.05→0.05, 进攻启发 0.0100→0.0100, 防守启发 0.0001→0.0001
2026-03-08 14:56:57,698 - INFO - 
⚖️ 平衡调整 #263: 差距<10% (拉开) 差距=5.0% 平局率=91.0% 强力进攻(全局倾向 x2.97)
2026-03-08 14:56:57,698 - INFO -   AI2(强): ε 0.010→0.009, lr 0.010→0.010, 攻击权 0.95→0.95, 防守权 0.05→0.05, 进攻启发 0.0100→0.0100, 防守启发 0.0001→0.0001
2026-03-08 14:56:57,698 - INFO -   AI1(弱): ε 0.083→0.108, lr 0.300→0.300, 攻击权 0.95→0.95, 防守权 0.05→0.05, 进攻启发 0.0100→0.0100, 防守启发 0.0001→0.0001
2026-03-08 15:11:45,941 - INFO - 
⚖️ 平衡调整 #264: 差距<10% (拉开) 差距=5.0% 平局率=91.0% 强力进攻(全局倾向 x2.94)
2026-03-08 15:11:45,941 - INFO -   AI2(强): ε 0.010→0.009, lr 0.010→0.010, 攻击权 0.95→0.95, 防守权 0.05→0.05, 进攻启发 0.0100→0.0100, 防守启发 0.0001→0.0001
2026-03-08 15:11:45,942 - INFO -   AI1(弱): ε 0.091→0.119, lr 0.300→0.300, 攻击权 0.95→0.95, 防守权 0.05→0.05, 进攻启发 0.0100→0.0100, 防守启发 0.0001→0.0001
2026-03-08 15:15:58,383 - INFO - 
==================================================
2026-03-08 15:15:58,384 - INFO - 第 18500/19000 局 (97.4%)
2026-03-08 15:15:58,384 - INFO - 速度: 0.1局/秒, 已用: 4301.6分钟
2026-03-08 15:15:58,384 - INFO - 总战绩: AI1 507胜, AI2 2182胜, 平局 16811
2026-03-08 15:15:58,384 - INFO - 近期100局: AI1 3.0%, AI2 5.0%, 平局 92.0%
2026-03-08 15:15:58,384 - INFO - 胜率差距: 2.0%
2026-03-08 15:15:58,385 - INFO - 防守统计: 总279888次, 平均15.13次/局
2026-03-08 15:15:58,385 - INFO - 参数: AI1 ε=0.112, lr=0.300
2026-03-08 15:15:58,385 - INFO -        AI2 ε=0.010, lr=0.010
2026-03-08 15:15:58,385 - INFO - ==================================================
2026-03-08 15:32:54,399 - INFO - 
⚖️ 平衡调整 #265: 差距<10% (拉开) 差距=5.0% 平局率=91.0% 强力进攻(全局倾向 x2.91)
2026-03-08 15:32:54,400 - INFO -   AI2(强): ε 0.010→0.009, lr 0.010→0.010, 攻击权 0.95→0.95, 防守权 0.05→0.05, 进攻启发 0.0100→0.0100, 防守启发 0.0001→0.0001
2026-03-08 15:32:54,400 - INFO -   AI1(弱): ε 0.100→0.130, lr 0.300→0.300, 攻击权 0.95→0.95, 防守权 0.05→0.05, 进攻启发 0.0100→0.0100, 防守启发 0.0001→0.0001
2026-03-08 15:50:00,307 - INFO - 
⚖️ 平衡调整 #266: 微调 差距=11.0% 平局率=89.0% 强力进攻(全局倾向 x2.88)
2026-03-08 15:50:00,307 - INFO -   AI2(强): ε 0.010→0.010, lr 0.010→0.010, 攻击权 0.95→0.95, 防守权 0.05→0.05, 进攻启发 0.0100→0.0100, 防守启发 0.0001→0.0001
2026-03-08 15:50:00,307 - INFO -   AI1(弱): ε 0.111→0.111, lr 0.300→0.300, 攻击权 0.95→0.95, 防守权 0.05→0.05, 进攻启发 0.0100→0.0100, 防守启发 0.0001→0.0001
2026-03-08 16:10:52,546 - INFO - 📈 全局进攻倾向提升至 3.00
2026-03-08 16:10:52,546 - INFO - 
⚖️ 平衡调整 #267: 微调 差距=13.0% 平局率=85.0% 强力进攻(全局倾向 x3.00)
2026-03-08 16:10:52,546 - INFO -   AI2(强): ε 0.010→0.010, lr 0.010→0.010, 攻击权 0.95→0.95, 防守权 0.05→0.05, 进攻启发 0.0100→0.0100, 防守启发 0.0001→0.0001
2026-03-08 16:10:52,546 - INFO -   AI1(弱): ε 0.095→0.095, lr 0.300→0.300, 攻击权 0.95→0.95, 防守权 0.05→0.05, 进攻启发 0.0100→0.0100, 防守启发 0.0001→0.0001
2026-03-08 16:28:28,582 - INFO - 
⚖️ 平衡调整 #268: 微调 差距=10.0% 平局率=86.0% 强力进攻(全局倾向 x2.97)
2026-03-08 16:28:28,582 - INFO -   AI2(强): ε 0.010→0.010, lr 0.010→0.010, 攻击权 0.95→0.95, 防守权 0.05→0.05, 进攻启发 0.0100→0.0100, 防守启发 0.0001→0.0001
2026-03-08 16:28:28,582 - INFO -   AI1(弱): ε 0.082→0.082, lr 0.300→0.300, 攻击权 0.95→0.95, 防守权 0.05→0.05, 进攻启发 0.0100→0.0100, 防守启发 0.0001→0.0001
2026-03-08 16:45:48,358 - INFO - 
⚖️ 平衡调整 #269: 差距<10% (拉开) 差距=6.0% 平局率=92.0% 强力进攻(全局倾向 x2.94)
2026-03-08 16:45:48,359 - INFO -   AI2(强): ε 0.010→0.009, lr 0.010→0.010, 攻击权 0.95→0.95, 防守权 0.05→0.05, 进攻启发 0.0100→0.0100, 防守启发 0.0001→0.0001
2026-03-08 16:45:48,359 - INFO -   AI1(弱): ε 0.069→0.090, lr 0.300→0.300, 攻击权 0.95→0.95, 防守权 0.05→0.05, 进攻启发 0.0100→0.0100, 防守启发 0.0001→0.0001
2026-03-08 17:01:34,545 - INFO - 
⚖️ 平衡调整 #270: 差距<10% (拉开) 差距=5.0% 平局率=91.0% 强力进攻(全局倾向 x2.91)
2026-03-08 17:01:34,545 - INFO -   AI2(强): ε 0.010→0.009, lr 0.010→0.010, 攻击权 0.95→0.95, 防守权 0.05→0.05, 进攻启发 0.0100→0.0100, 防守启发 0.0001→0.0001
2026-03-08 17:01:34,545 - INFO -   AI1(弱): ε 0.075→0.098, lr 0.300→0.300, 攻击权 0.95→0.95, 防守权 0.05→0.05, 进攻启发 0.0100→0.0100, 防守启发 0.0001→0.0001
2026-03-08 17:15:17,575 - INFO - 
⚖️ 平衡调整 #271: 微调 差距=10.0% 平局率=88.0% 强力进攻(全局倾向 x2.88)
2026-03-08 17:15:17,576 - INFO -   AI2(强): ε 0.010→0.010, lr 0.010→0.010, 攻击权 0.95→0.95, 防守权 0.05→0.05, 进攻启发 0.0100→0.0100, 防守启发 0.0001→0.0001
2026-03-08 17:15:17,576 - INFO -   AI1(弱): ε 0.083→0.083, lr 0.300→0.300, 攻击权 0.95→0.95, 防守权 0.05→0.05, 进攻启发 0.0100→0.0100, 防守启发 0.0001→0.0001
2026-03-08 17:21:03,031 - INFO - 
==================================================
2026-03-08 17:21:03,032 - INFO - 第 19000/19000 局 (100.0%)
2026-03-08 17:21:03,032 - INFO - 速度: 0.1局/秒, 已用: 4426.7分钟
2026-03-08 17:21:03,032 - INFO - 总战绩: AI1 513胜, AI2 2229胜, 平局 17258
2026-03-08 17:21:03,032 - INFO - 近期100局: AI1 1.0%, AI2 9.0%, 平局 90.0%
2026-03-08 17:21:03,032 - INFO - 胜率差距: 8.0%
2026-03-08 17:21:03,032 - INFO - 防守统计: 总287062次, 平均15.11次/局
2026-03-08 17:21:03,032 - INFO - 参数: AI1 ε=0.077, lr=0.300
2026-03-08 17:21:03,032 - INFO -        AI2 ε=0.010, lr=0.010
2026-03-08 17:21:03,032 - INFO - ==================================================
2026-03-08 17:21:03,366 - INFO - 模型已保存: AI1_final_20000_20260308_172103.pkl (46.72 MB)
2026-03-08 17:21:03,617 - INFO - 模型已保存: AI2_final_20000_20260308_172103.pkl (46.92 MB)
2026-03-08 17:21:05,846 - INFO -   统计图已保存: stats_ep19000.png
