2026-03-05 15:56:07,828 - INFO - 
⚖️ 平衡调整 #1: 差距<10% (拉开) 差距=1.4% 平局率=58.6% 温和进攻
2026-03-05 15:56:07,828 - INFO - 
⚖️ 平衡调整 #1: 差距<10% (拉开) 差距=1.4% 平局率=58.6% 温和进攻
2026-03-05 15:56:07,828 - INFO -   AI2(强): ε 0.336→0.302, lr 0.001→0.010, 攻击权 0.40→0.42, 防守权 0.50→0.48, 进攻启发 0.0010→0.0011, 防守启发 0.0005→0.0005
2026-03-05 15:56:07,828 - INFO -   AI2(强): ε 0.336→0.302, lr 0.001→0.010, 攻击权 0.40→0.42, 防守权 0.50→0.48, 进攻启发 0.0010→0.0011, 防守启发 0.0005→0.0005
2026-03-05 15:56:07,829 - INFO -   AI1(弱): ε 0.336→0.400, lr 0.001→0.080, 攻击权 0.40→0.42, 防守权 0.50→0.48, 进攻启发 0.0010→0.0011, 防守启发 0.0005→0.0005
2026-03-05 15:56:07,829 - INFO -   AI1(弱): ε 0.336→0.400, lr 0.001→0.080, 攻击权 0.40→0.42, 防守权 0.50→0.48, 进攻启发 0.0010→0.0011, 防守启发 0.0005→0.0005
2026-03-05 16:09:29,607 - INFO - 
⚖️ 平衡调整 #2: 差距<10% (拉开) 差距=8.0% 平局率=74.0% 中等进攻
2026-03-05 16:09:29,607 - INFO - 
⚖️ 平衡调整 #2: 差距<10% (拉开) 差距=8.0% 平局率=74.0% 中等进攻
2026-03-05 16:09:29,608 - INFO -   AI2(强): ε 0.247→0.222, lr 0.010→0.010, 攻击权 0.42→0.50, 防守权 0.48→0.40, 进攻启发 0.0011→0.0013, 防守启发 0.0005→0.0004
2026-03-05 16:09:29,608 - INFO -   AI2(强): ε 0.247→0.222, lr 0.010→0.010, 攻击权 0.42→0.50, 防守权 0.48→0.40, 进攻启发 0.0011→0.0013, 防守启发 0.0005→0.0004
2026-03-05 16:09:29,609 - INFO -   AI1(弱): ε 0.344→0.400, lr 0.080→0.080, 攻击权 0.42→0.50, 防守权 0.48→0.40, 进攻启发 0.0011→0.0013, 防守启发 0.0005→0.0004
2026-03-05 16:09:29,609 - INFO -   AI1(弱): ε 0.344→0.400, lr 0.080→0.080, 攻击权 0.42→0.50, 防守权 0.48→0.40, 进攻启发 0.0011→0.0013, 防守启发 0.0005→0.0004
2026-03-05 16:21:57,405 - INFO - 
⚖️ 平衡调整 #3: 微调 差距=14.0% 平局率=72.0% 中等进攻
2026-03-05 16:21:57,405 - INFO - 
⚖️ 平衡调整 #3: 微调 差距=14.0% 平局率=72.0% 中等进攻
2026-03-05 16:21:57,405 - INFO -   AI2(强): ε 0.178→0.178, lr 0.010→0.010, 攻击权 0.50→0.60, 防守权 0.40→0.33, 进攻启发 0.0013→0.0015, 防守启发 0.0004→0.0003
2026-03-05 16:21:57,405 - INFO -   AI2(强): ε 0.178→0.178, lr 0.010→0.010, 攻击权 0.50→0.60, 防守权 0.40→0.33, 进攻启发 0.0013→0.0015, 防守启发 0.0004→0.0003
2026-03-05 16:21:57,406 - INFO -   AI1(弱): ε 0.351→0.351, lr 0.080→0.082, 攻击权 0.50→0.60, 防守权 0.40→0.33, 进攻启发 0.0013→0.0015, 防守启发 0.0004→0.0003
2026-03-05 16:21:57,406 - INFO -   AI1(弱): ε 0.351→0.351, lr 0.080→0.082, 攻击权 0.50→0.60, 防守权 0.40→0.33, 进攻启发 0.0013→0.0015, 防守启发 0.0004→0.0003
2026-03-05 16:34:01,483 - INFO - 
⚖️ 平衡调整 #4: 差距<10% (拉开) 差距=2.0% 平局率=74.0% 中等进攻
2026-03-05 16:34:01,483 - INFO - 
⚖️ 平衡调整 #4: 差距<10% (拉开) 差距=2.0% 平局率=74.0% 中等进攻
2026-03-05 16:34:01,483 - INFO -   AI2(强): ε 0.148→0.133, lr 0.010→0.011, 攻击权 0.60→0.73, 防守权 0.33→0.28, 进攻启发 0.0015→0.0018, 防守启发 0.0003→0.0003
2026-03-05 16:34:01,483 - INFO -   AI2(强): ε 0.148→0.133, lr 0.010→0.011, 攻击权 0.60→0.73, 防守权 0.33→0.28, 进攻启发 0.0015→0.0018, 防守启发 0.0003→0.0003
2026-03-05 16:34:01,483 - INFO -   AI1(弱): ε 0.298→0.387, lr 0.082→0.080, 攻击权 0.60→0.73, 防守权 0.33→0.28, 进攻启发 0.0015→0.0018, 防守启发 0.0003→0.0003
2026-03-05 16:34:01,483 - INFO -   AI1(弱): ε 0.298→0.387, lr 0.082→0.080, 攻击权 0.60→0.73, 防守权 0.33→0.28, 进攻启发 0.0015→0.0018, 防守启发 0.0003→0.0003
2026-03-05 16:45:47,196 - INFO - 
⚖️ 平衡调整 #5: 微调 差距=11.0% 平局率=79.0% 中等进攻
2026-03-05 16:45:47,196 - INFO - 
⚖️ 平衡调整 #5: 微调 差距=11.0% 平局率=79.0% 中等进攻
2026-03-05 16:45:47,197 - INFO -   AI2(强): ε 0.109→0.109, lr 0.011→0.011, 攻击权 0.73→0.87, 防守权 0.28→0.23, 进攻启发 0.0018→0.0022, 防守启发 0.0003→0.0002
2026-03-05 16:45:47,197 - INFO -   AI2(强): ε 0.109→0.109, lr 0.011→0.011, 攻击权 0.73→0.87, 防守权 0.28→0.23, 进攻启发 0.0018→0.0022, 防守启发 0.0003→0.0002
2026-03-05 16:45:47,197 - INFO -   AI1(弱): ε 0.335→0.335, lr 0.080→0.082, 攻击权 0.73→0.87, 防守权 0.28→0.23, 进攻启发 0.0018→0.0022, 防守启发 0.0003→0.0002
2026-03-05 16:45:47,197 - INFO -   AI1(弱): ε 0.335→0.335, lr 0.080→0.082, 攻击权 0.73→0.87, 防守权 0.28→0.23, 进攻启发 0.0018→0.0022, 防守启发 0.0003→0.0002
2026-03-05 16:57:22,991 - INFO - 
⚖️ 平衡调整 #6: 差距<10% (拉开) 差距=9.0% 平局率=77.0% 中等进攻
2026-03-05 16:57:22,991 - INFO - 
⚖️ 平衡调整 #6: 差距<10% (拉开) 差距=9.0% 平局率=77.0% 中等进攻
2026-03-05 16:57:22,991 - INFO -   AI2(强): ε 0.091→0.082, lr 0.011→0.011, 攻击权 0.87→0.95, 防守权 0.23→0.19, 进攻启发 0.0022→0.0026, 防守启发 0.0002→0.0002
2026-03-05 16:57:22,991 - INFO -   AI2(强): ε 0.091→0.082, lr 0.011→0.011, 攻击权 0.87→0.95, 防守权 0.23→0.19, 进攻启发 0.0022→0.0026, 防守启发 0.0002→0.0002
2026-03-05 16:57:22,991 - INFO -   AI1(弱): ε 0.282→0.367, lr 0.082→0.080, 攻击权 0.87→0.95, 防守权 0.23→0.19, 进攻启发 0.0022→0.0026, 防守启发 0.0002→0.0002
2026-03-05 16:57:22,991 - INFO -   AI1(弱): ε 0.282→0.367, lr 0.082→0.080, 攻击权 0.87→0.95, 防守权 0.23→0.19, 进攻启发 0.0022→0.0026, 防守启发 0.0002→0.0002
2026-03-05 17:11:22,862 - INFO - 
⚖️ 平衡调整 #7: 差距<10% (拉开) 差距=4.0% 平局率=84.0% 强力进攻(全局倾向 x1.00)
2026-03-05 17:11:22,862 - INFO - 
⚖️ 平衡调整 #7: 差距<10% (拉开) 差距=4.0% 平局率=84.0% 强力进攻(全局倾向 x1.00)
2026-03-05 17:11:22,862 - INFO -   AI2(强): ε 0.068→0.061, lr 0.011→0.010, 攻击权 0.95→0.95, 防守权 0.19→0.19, 进攻启发 0.0026→0.0026, 防守启发 0.0002→0.0002
2026-03-05 17:11:22,862 - INFO -   AI2(强): ε 0.068→0.061, lr 0.011→0.010, 攻击权 0.95→0.95, 防守权 0.19→0.19, 进攻启发 0.0026→0.0026, 防守启发 0.0002→0.0002
2026-03-05 17:11:22,862 - INFO -   AI1(弱): ε 0.311→0.400, lr 0.080→0.120, 攻击权 0.95→0.95, 防守权 0.19→0.19, 进攻启发 0.0026→0.0026, 防守启发 0.0002→0.0002
2026-03-05 17:11:22,862 - INFO -   AI1(弱): ε 0.311→0.400, lr 0.080→0.120, 攻击权 0.95→0.95, 防守权 0.19→0.19, 进攻启发 0.0026→0.0026, 防守启发 0.0002→0.0002
2026-03-05 17:13:46,574 - INFO - 
==================================================
2026-03-05 17:13:46,574 - INFO - 
==================================================
2026-03-05 17:13:46,575 - INFO - 第 500/20000 局 (2.5%)
2026-03-05 17:13:46,575 - INFO - 第 500/20000 局 (2.5%)
2026-03-05 17:13:46,576 - INFO - 速度: 0.1局/秒, 已用: 89.9分钟
2026-03-05 17:13:46,576 - INFO - 速度: 0.1局/秒, 已用: 89.9分钟
2026-03-05 17:13:46,576 - INFO - 总战绩: AI1 42胜, AI2 90胜, 平局 368
2026-03-05 17:13:46,576 - INFO - 总战绩: AI1 42胜, AI2 90胜, 平局 368
2026-03-05 17:13:46,576 - INFO - 近期100局: AI1 4.0%, AI2 14.0%, 平局 82.0%
2026-03-05 17:13:46,576 - INFO - 近期100局: AI1 4.0%, AI2 14.0%, 平局 82.0%
2026-03-05 17:13:46,576 - INFO - 胜率差距: 10.0%
2026-03-05 17:13:46,576 - INFO - 胜率差距: 10.0%
2026-03-05 17:13:46,576 - INFO - 防守统计: 总8334次, 平均16.67次/局
2026-03-05 17:13:46,576 - INFO - 防守统计: 总8334次, 平均16.67次/局
2026-03-05 17:13:46,576 - INFO - 参数: AI1 ε=0.394, lr=0.120
2026-03-05 17:13:46,576 - INFO - 参数: AI1 ε=0.394, lr=0.120
2026-03-05 17:13:46,576 - INFO -        AI2 ε=0.059, lr=0.010
2026-03-05 17:13:46,576 - INFO -        AI2 ε=0.059, lr=0.010
2026-03-05 17:13:46,577 - INFO - ==================================================
2026-03-05 17:13:46,577 - INFO - ==================================================
2026-03-05 18:10:12,083 - INFO - 
⚖️ 平衡调整 #8: 微调 差距=10.0% 平局率=74.0% 中等进攻
2026-03-05 18:10:12,083 - INFO - 
⚖️ 平衡调整 #8: 微调 差距=10.0% 平局率=74.0% 中等进攻
2026-03-05 18:10:12,084 - INFO -   AI2(强): ε 0.050→0.050, lr 0.010→0.010, 攻击权 0.95→0.95, 防守权 0.19→0.16, 进攻启发 0.0026→0.0031, 防守启发 0.0002→0.0002
2026-03-05 18:10:12,084 - INFO -   AI2(强): ε 0.050→0.050, lr 0.010→0.010, 攻击权 0.95→0.95, 防守权 0.19→0.16, 进攻启发 0.0026→0.0031, 防守启发 0.0002→0.0002
2026-03-05 18:10:12,084 - INFO -   AI1(弱): ε 0.342→0.342, lr 0.120→0.122, 攻击权 0.95→0.95, 防守权 0.19→0.16, 进攻启发 0.0026→0.0031, 防守启发 0.0002→0.0002
2026-03-05 18:10:12,084 - INFO -   AI1(弱): ε 0.342→0.342, lr 0.120→0.122, 攻击权 0.95→0.95, 防守权 0.19→0.16, 进攻启发 0.0026→0.0031, 防守启发 0.0002→0.0002
2026-03-05 18:23:52,046 - INFO - 
⚖️ 平衡调整 #9: 微调 差距=17.0% 平局率=75.0% 中等进攻
2026-03-05 18:23:52,046 - INFO - 
⚖️ 平衡调整 #9: 微调 差距=17.0% 平局率=75.0% 中等进攻
2026-03-05 18:23:52,046 - INFO -   AI2(强): ε 0.040→0.040, lr 0.010→0.010, 攻击权 0.95→0.95, 防守权 0.16→0.13, 进攻启发 0.0031→0.0038, 防守启发 0.0002→0.0001
2026-03-05 18:23:52,046 - INFO -   AI2(强): ε 0.040→0.040, lr 0.010→0.010, 攻击权 0.95→0.95, 防守权 0.16→0.13, 进攻启发 0.0031→0.0038, 防守启发 0.0002→0.0001
2026-03-05 18:23:52,046 - INFO -   AI1(弱): ε 0.299→0.299, lr 0.122→0.125, 攻击权 0.95→0.95, 防守权 0.16→0.13, 进攻启发 0.0031→0.0038, 防守启发 0.0002→0.0001
2026-03-05 18:23:52,046 - INFO -   AI1(弱): ε 0.299→0.299, lr 0.122→0.125, 攻击权 0.95→0.95, 防守权 0.16→0.13, 进攻启发 0.0031→0.0038, 防守启发 0.0002→0.0001
2026-03-05 18:36:53,050 - INFO - 
⚖️ 平衡调整 #10: 微调 差距=10.0% 平局率=84.0% 强力进攻(全局倾向 x1.00)
2026-03-05 18:36:53,050 - INFO - 
⚖️ 平衡调整 #10: 微调 差距=10.0% 平局率=84.0% 强力进攻(全局倾向 x1.00)
2026-03-05 18:36:53,051 - INFO -   AI2(强): ε 0.034→0.034, lr 0.010→0.010, 攻击权 0.95→0.95, 防守权 0.13→0.13, 进攻启发 0.0038→0.0038, 防守启发 0.0001→0.0001
2026-03-05 18:36:53,051 - INFO -   AI2(强): ε 0.034→0.034, lr 0.010→0.010, 攻击权 0.95→0.95, 防守权 0.13→0.13, 进攻启发 0.0038→0.0038, 防守启发 0.0001→0.0001
2026-03-05 18:36:53,051 - INFO -   AI1(弱): ε 0.252→0.252, lr 0.125→0.191, 攻击权 0.95→0.95, 防守权 0.13→0.13, 进攻启发 0.0038→0.0038, 防守启发 0.0001→0.0001
2026-03-05 18:36:53,051 - INFO -   AI1(弱): ε 0.252→0.252, lr 0.125→0.191, 攻击权 0.95→0.95, 防守权 0.13→0.13, 进攻启发 0.0038→0.0038, 防守启发 0.0001→0.0001
2026-03-05 18:51:06,038 - INFO - 
⚖️ 平衡调整 #11: 差距<10% (拉开) 差距=1.0% 平局率=89.0% 强力进攻(全局倾向 x1.00)
2026-03-05 18:51:06,038 - INFO - 
⚖️ 平衡调整 #11: 差距<10% (拉开) 差距=1.0% 平局率=89.0% 强力进攻(全局倾向 x1.00)
2026-03-05 18:51:06,038 - INFO -   AI1(强): ε 0.210→0.189, lr 0.191→0.156, 攻击权 0.95→0.95, 防守权 0.13→0.13, 进攻启发 0.0038→0.0038, 防守启发 0.0001→0.0001
2026-03-05 18:51:06,038 - INFO -   AI1(强): ε 0.210→0.189, lr 0.191→0.156, 攻击权 0.95→0.95, 防守权 0.13→0.13, 进攻启发 0.0038→0.0038, 防守启发 0.0001→0.0001
2026-03-05 18:51:06,038 - INFO -   AI2(弱): ε 0.029→0.037, lr 0.010→0.120, 攻击权 0.95→0.95, 防守权 0.13→0.13, 进攻启发 0.0038→0.0038, 防守启发 0.0001→0.0001
2026-03-05 18:51:06,038 - INFO -   AI2(弱): ε 0.029→0.037, lr 0.010→0.120, 攻击权 0.95→0.95, 防守权 0.13→0.13, 进攻启发 0.0038→0.0038, 防守启发 0.0001→0.0001
2026-03-05 19:04:32,903 - INFO - 
⚖️ 平衡调整 #12: 差距<10% (拉开) 差距=2.0% 平局率=84.0% 强力进攻(全局倾向 x1.00)
2026-03-05 19:04:32,903 - INFO - 
⚖️ 平衡调整 #12: 差距<10% (拉开) 差距=2.0% 平局率=84.0% 强力进攻(全局倾向 x1.00)
2026-03-05 19:04:32,903 - INFO -   AI2(强): ε 0.030→0.027, lr 0.120→0.098, 攻击权 0.95→0.95, 防守权 0.13→0.13, 进攻启发 0.0038→0.0038, 防守启发 0.0001→0.0001
2026-03-05 19:04:32,903 - INFO -   AI2(强): ε 0.030→0.027, lr 0.120→0.098, 攻击权 0.95→0.95, 防守权 0.13→0.13, 进攻启发 0.0038→0.0038, 防守启发 0.0001→0.0001
2026-03-05 19:04:32,903 - INFO -   AI1(弱): ε 0.163→0.212, lr 0.156→0.222, 攻击权 0.95→0.95, 防守权 0.13→0.13, 进攻启发 0.0038→0.0038, 防守启发 0.0001→0.0001
2026-03-05 19:04:32,903 - INFO -   AI1(弱): ε 0.163→0.212, lr 0.156→0.222, 攻击权 0.95→0.95, 防守权 0.13→0.13, 进攻启发 0.0038→0.0038, 防守启发 0.0001→0.0001
2026-03-05 19:18:24,208 - INFO - 
⚖️ 平衡调整 #13: 差距<10% (拉开) 差距=7.0% 平局率=87.0% 强力进攻(全局倾向 x1.00)
2026-03-05 19:18:24,208 - INFO - 
⚖️ 平衡调整 #13: 差距<10% (拉开) 差距=7.0% 平局率=87.0% 强力进攻(全局倾向 x1.00)
2026-03-05 19:18:24,208 - INFO -   AI2(强): ε 0.022→0.020, lr 0.098→0.080, 攻击权 0.95→0.95, 防守权 0.13→0.13, 进攻启发 0.0038→0.0038, 防守启发 0.0001→0.0001
2026-03-05 19:18:24,208 - INFO -   AI2(强): ε 0.022→0.020, lr 0.098→0.080, 攻击权 0.95→0.95, 防守权 0.13→0.13, 进攻启发 0.0038→0.0038, 防守启发 0.0001→0.0001
2026-03-05 19:18:24,208 - INFO -   AI1(弱): ε 0.181→0.236, lr 0.222→0.300, 攻击权 0.95→0.95, 防守权 0.13→0.13, 进攻启发 0.0038→0.0038, 防守启发 0.0001→0.0001
2026-03-05 19:18:24,208 - INFO -   AI1(弱): ε 0.181→0.236, lr 0.222→0.300, 攻击权 0.95→0.95, 防守权 0.13→0.13, 进攻启发 0.0038→0.0038, 防守启发 0.0001→0.0001
2026-03-05 19:32:42,362 - INFO - 📈 全局进攻倾向提升至 1.20
2026-03-05 19:32:42,362 - INFO - 📈 全局进攻倾向提升至 1.20
2026-03-05 19:32:42,363 - INFO - 
⚖️ 平衡调整 #14: 微调 差距=10.0% 平局率=86.0% 强力进攻(全局倾向 x1.20)
2026-03-05 19:32:42,363 - INFO - 
⚖️ 平衡调整 #14: 微调 差距=10.0% 平局率=86.0% 强力进攻(全局倾向 x1.20)
2026-03-05 19:32:42,363 - INFO -   AI2(强): ε 0.017→0.017, lr 0.080→0.065, 攻击权 0.95→0.95, 防守权 0.13→0.11, 进攻启发 0.0038→0.0045, 防守启发 0.0001→0.0001
2026-03-05 19:32:42,363 - INFO -   AI2(强): ε 0.017→0.017, lr 0.080→0.065, 攻击权 0.95→0.95, 防守权 0.13→0.11, 进攻启发 0.0038→0.0045, 防守启发 0.0001→0.0001
2026-03-05 19:32:42,363 - INFO -   AI1(弱): ε 0.201→0.201, lr 0.300→0.300, 攻击权 0.95→0.95, 防守权 0.13→0.11, 进攻启发 0.0038→0.0045, 防守启发 0.0001→0.0001
2026-03-05 19:32:42,363 - INFO -   AI1(弱): ε 0.201→0.201, lr 0.300→0.300, 攻击权 0.95→0.95, 防守权 0.13→0.11, 进攻启发 0.0038→0.0045, 防守启发 0.0001→0.0001
2026-03-05 19:36:52,152 - INFO - 
==================================================
2026-03-05 19:36:52,152 - INFO - 
==================================================
2026-03-05 19:36:52,152 - INFO - 第 1000/20000 局 (5.0%)
2026-03-05 19:36:52,152 - INFO - 第 1000/20000 局 (5.0%)
2026-03-05 19:36:52,153 - INFO - 速度: 0.1局/秒, 已用: 233.0分钟
2026-03-05 19:36:52,153 - INFO - 速度: 0.1局/秒, 已用: 233.0分钟
2026-03-05 19:36:52,153 - INFO - 总战绩: AI1 64胜, AI2 151胜, 平局 785
2026-03-05 19:36:52,153 - INFO - 总战绩: AI1 64胜, AI2 151胜, 平局 785
2026-03-05 19:36:52,153 - INFO - 近期100局: AI1 2.0%, AI2 11.0%, 平局 87.0%
2026-03-05 19:36:52,153 - INFO - 近期100局: AI1 2.0%, AI2 11.0%, 平局 87.0%
2026-03-05 19:36:52,153 - INFO - 胜率差距: 9.0%
2026-03-05 19:36:52,153 - INFO - 胜率差距: 9.0%
2026-03-05 19:36:52,153 - INFO - 防守统计: 总15784次, 平均15.78次/局
2026-03-05 19:36:52,153 - INFO - 防守统计: 总15784次, 平均15.78次/局
2026-03-05 19:36:52,153 - INFO - 参数: AI1 ε=0.191, lr=0.300
2026-03-05 19:36:52,153 - INFO - 参数: AI1 ε=0.191, lr=0.300
2026-03-05 19:36:52,153 - INFO -        AI2 ε=0.016, lr=0.065
2026-03-05 19:36:52,153 - INFO -        AI2 ε=0.016, lr=0.065
2026-03-05 19:36:52,153 - INFO - ==================================================
2026-03-05 19:36:52,153 - INFO - ==================================================
2026-03-05 19:46:47,047 - INFO - 
⚖️ 平衡调整 #15: 差距<10% (拉开) 差距=7.0% 平局率=85.0% 强力进攻(全局倾向 x1.19)
2026-03-05 19:46:47,047 - INFO - 
⚖️ 平衡调整 #15: 差距<10% (拉开) 差距=7.0% 平局率=85.0% 强力进攻(全局倾向 x1.19)
2026-03-05 19:46:47,047 - INFO -   AI2(强): ε 0.014→0.013, lr 0.065→0.053, 攻击权 0.95→0.95, 防守权 0.11→0.09, 进攻启发 0.0045→0.0054, 防守启发 0.0001→0.0001
2026-03-05 19:46:47,047 - INFO -   AI2(强): ε 0.014→0.013, lr 0.065→0.053, 攻击权 0.95→0.95, 防守权 0.11→0.09, 进攻启发 0.0045→0.0054, 防守启发 0.0001→0.0001
2026-03-05 19:46:47,047 - INFO -   AI1(弱): ε 0.169→0.220, lr 0.300→0.300, 攻击权 0.95→0.95, 防守权 0.11→0.09, 进攻启发 0.0045→0.0054, 防守启发 0.0001→0.0001
2026-03-05 19:46:47,047 - INFO -   AI1(弱): ε 0.169→0.220, lr 0.300→0.300, 攻击权 0.95→0.95, 防守权 0.11→0.09, 进攻启发 0.0045→0.0054, 防守启发 0.0001→0.0001
2026-03-05 20:01:20,976 - INFO - 
⚖️ 平衡调整 #16: 差距<10% (拉开) 差距=8.0% 平局率=84.0% 强力进攻(全局倾向 x1.18)
2026-03-05 20:01:20,976 - INFO - 
⚖️ 平衡调整 #16: 差距<10% (拉开) 差距=8.0% 平局率=84.0% 强力进攻(全局倾向 x1.18)
2026-03-05 20:01:20,977 - INFO -   AI2(强): ε 0.010→0.009, lr 0.053→0.043, 攻击权 0.95→0.95, 防守权 0.09→0.08, 进攻启发 0.0054→0.0063, 防守启发 0.0001→0.0001
2026-03-05 20:01:20,977 - INFO -   AI2(强): ε 0.010→0.009, lr 0.053→0.043, 攻击权 0.95→0.95, 防守权 0.09→0.08, 进攻启发 0.0054→0.0063, 防守启发 0.0001→0.0001
2026-03-05 20:01:20,977 - INFO -   AI1(弱): ε 0.189→0.245, lr 0.300→0.300, 攻击权 0.95→0.95, 防守权 0.09→0.08, 进攻启发 0.0054→0.0063, 防守启发 0.0001→0.0001
2026-03-05 20:01:20,977 - INFO -   AI1(弱): ε 0.189→0.245, lr 0.300→0.300, 攻击权 0.95→0.95, 防守权 0.09→0.08, 进攻启发 0.0054→0.0063, 防守启发 0.0001→0.0001
2026-03-05 20:15:48,068 - INFO - 
⚖️ 平衡调整 #17: 差距<10% (拉开) 差距=5.0% 平局率=87.0% 强力进攻(全局倾向 x1.16)
2026-03-05 20:15:48,068 - INFO - 
⚖️ 平衡调整 #17: 差距<10% (拉开) 差距=5.0% 平局率=87.0% 强力进攻(全局倾向 x1.16)
2026-03-05 20:15:48,069 - INFO -   AI2(强): ε 0.010→0.009, lr 0.043→0.035, 攻击权 0.95→0.95, 防守权 0.08→0.07, 进攻启发 0.0063→0.0073, 防守启发 0.0001→0.0001
2026-03-05 20:15:48,069 - INFO -   AI2(强): ε 0.010→0.009, lr 0.043→0.035, 攻击权 0.95→0.95, 防守权 0.08→0.07, 进攻启发 0.0063→0.0073, 防守启发 0.0001→0.0001
2026-03-05 20:15:48,069 - INFO -   AI1(弱): ε 0.207→0.269, lr 0.300→0.300, 攻击权 0.95→0.95, 防守权 0.08→0.07, 进攻启发 0.0063→0.0073, 防守启发 0.0001→0.0001
2026-03-05 20:15:48,069 - INFO -   AI1(弱): ε 0.207→0.269, lr 0.300→0.300, 攻击权 0.95→0.95, 防守权 0.08→0.07, 进攻启发 0.0063→0.0073, 防守启发 0.0001→0.0001
2026-03-05 20:30:50,455 - INFO - 
⚖️ 平衡调整 #18: 差距<10% (拉开) 差距=7.0% 平局率=89.0% 强力进攻(全局倾向 x1.15)
2026-03-05 20:30:50,455 - INFO - 
⚖️ 平衡调整 #18: 差距<10% (拉开) 差距=7.0% 平局率=89.0% 强力进攻(全局倾向 x1.15)
2026-03-05 20:30:50,456 - INFO -   AI2(强): ε 0.010→0.009, lr 0.035→0.029, 攻击权 0.95→0.95, 防守权 0.07→0.06, 进攻启发 0.0073→0.0085, 防守启发 0.0001→0.0001
2026-03-05 20:30:50,456 - INFO -   AI2(强): ε 0.010→0.009, lr 0.035→0.029, 攻击权 0.95→0.95, 防守权 0.07→0.06, 进攻启发 0.0073→0.0085, 防守启发 0.0001→0.0001
2026-03-05 20:30:50,456 - INFO -   AI1(弱): ε 0.229→0.298, lr 0.300→0.300, 攻击权 0.95→0.95, 防守权 0.07→0.06, 进攻启发 0.0073→0.0085, 防守启发 0.0001→0.0001
2026-03-05 20:30:50,456 - INFO -   AI1(弱): ε 0.229→0.298, lr 0.300→0.300, 攻击权 0.95→0.95, 防守权 0.07→0.06, 进攻启发 0.0073→0.0085, 防守启发 0.0001→0.0001
2026-03-05 20:46:05,061 - INFO - 📈 全局进攻倾向提升至 1.38
2026-03-05 20:46:05,061 - INFO - 📈 全局进攻倾向提升至 1.38
2026-03-05 20:46:05,062 - INFO - 
⚖️ 平衡调整 #19: 微调 差距=11.0% 平局率=87.0% 强力进攻(全局倾向 x1.38)
2026-03-05 20:46:05,062 - INFO - 
⚖️ 平衡调整 #19: 微调 差距=11.0% 平局率=87.0% 强力进攻(全局倾向 x1.38)
2026-03-05 20:46:05,063 - INFO -   AI2(强): ε 0.010→0.010, lr 0.029→0.023, 攻击权 0.95→0.95, 防守权 0.06→0.05, 进攻启发 0.0085→0.0100, 防守启发 0.0001→0.0001
2026-03-05 20:46:05,063 - INFO -   AI2(强): ε 0.010→0.010, lr 0.029→0.023, 攻击权 0.95→0.95, 防守权 0.06→0.05, 进攻启发 0.0085→0.0100, 防守启发 0.0001→0.0001
2026-03-05 20:46:05,063 - INFO -   AI1(弱): ε 0.256→0.256, lr 0.300→0.300, 攻击权 0.95→0.95, 防守权 0.06→0.05, 进攻启发 0.0085→0.0100, 防守启发 0.0001→0.0001
2026-03-05 20:46:05,063 - INFO -   AI1(弱): ε 0.256→0.256, lr 0.300→0.300, 攻击权 0.95→0.95, 防守权 0.06→0.05, 进攻启发 0.0085→0.0100, 防守启发 0.0001→0.0001
2026-03-05 21:03:11,739 - INFO - 
⚖️ 平衡调整 #20: 微调 差距=14.0% 平局率=82.0% 强力进攻(全局倾向 x1.37)
2026-03-05 21:03:11,739 - INFO - 
⚖️ 平衡调整 #20: 微调 差距=14.0% 平局率=82.0% 强力进攻(全局倾向 x1.37)
2026-03-05 21:03:11,740 - INFO -   AI2(强): ε 0.010→0.010, lr 0.023→0.019, 攻击权 0.95→0.95, 防守权 0.05→0.05, 进攻启发 0.0100→0.0100, 防守启发 0.0001→0.0001
2026-03-05 21:03:11,740 - INFO -   AI2(强): ε 0.010→0.010, lr 0.023→0.019, 攻击权 0.95→0.95, 防守权 0.05→0.05, 进攻启发 0.0100→0.0100, 防守启发 0.0001→0.0001
2026-03-05 21:03:11,740 - INFO -   AI1(弱): ε 0.221→0.221, lr 0.300→0.300, 攻击权 0.95→0.95, 防守权 0.05→0.05, 进攻启发 0.0100→0.0100, 防守启发 0.0001→0.0001
2026-03-05 21:03:11,740 - INFO -   AI1(弱): ε 0.221→0.221, lr 0.300→0.300, 攻击权 0.95→0.95, 防守权 0.05→0.05, 进攻启发 0.0100→0.0100, 防守启发 0.0001→0.0001
2026-03-05 21:15:49,560 - INFO - 
⚖️ 平衡调整 #21: 差距<10% (拉开) 差距=7.0% 平局率=83.0% 强力进攻(全局倾向 x1.36)
2026-03-05 21:15:49,560 - INFO - 
⚖️ 平衡调整 #21: 差距<10% (拉开) 差距=7.0% 平局率=83.0% 强力进攻(全局倾向 x1.36)
2026-03-05 21:15:49,560 - INFO -   AI2(强): ε 0.010→0.009, lr 0.019→0.015, 攻击权 0.95→0.95, 防守权 0.05→0.05, 进攻启发 0.0100→0.0100, 防守启发 0.0001→0.0001
2026-03-05 21:15:49,560 - INFO -   AI2(强): ε 0.010→0.009, lr 0.019→0.015, 攻击权 0.95→0.95, 防守权 0.05→0.05, 进攻启发 0.0100→0.0100, 防守启发 0.0001→0.0001
2026-03-05 21:15:49,561 - INFO -   AI1(弱): ε 0.187→0.243, lr 0.300→0.300, 攻击权 0.95→0.95, 防守权 0.05→0.05, 进攻启发 0.0100→0.0100, 防守启发 0.0001→0.0001
2026-03-05 21:15:49,561 - INFO -   AI1(弱): ε 0.187→0.243, lr 0.300→0.300, 攻击权 0.95→0.95, 防守权 0.05→0.05, 进攻启发 0.0100→0.0100, 防守启发 0.0001→0.0001
2026-03-05 21:20:45,532 - INFO - 
==================================================
2026-03-05 21:20:45,532 - INFO - 
==================================================
2026-03-05 21:20:45,532 - INFO - 第 1500/20000 局 (7.5%)
2026-03-05 21:20:45,532 - INFO - 第 1500/20000 局 (7.5%)
2026-03-05 21:20:45,532 - INFO - 速度: 0.1局/秒, 已用: 336.9分钟
2026-03-05 21:20:45,532 - INFO - 速度: 0.1局/秒, 已用: 336.9分钟
2026-03-05 21:20:45,532 - INFO - 总战绩: AI1 84胜, AI2 208胜, 平局 1208
2026-03-05 21:20:45,532 - INFO - 总战绩: AI1 84胜, AI2 208胜, 平局 1208
2026-03-05 21:20:45,532 - INFO - 近期100局: AI1 8.0%, AI2 9.0%, 平局 83.0%
2026-03-05 21:20:45,532 - INFO - 近期100局: AI1 8.0%, AI2 9.0%, 平局 83.0%
2026-03-05 21:20:45,532 - INFO - 胜率差距: 1.0%
2026-03-05 21:20:45,532 - INFO - 胜率差距: 1.0%
2026-03-05 21:20:45,532 - INFO - 防守统计: 总23617次, 平均15.74次/局
2026-03-05 21:20:45,532 - INFO - 防守统计: 总23617次, 平均15.74次/局
2026-03-05 21:20:45,532 - INFO - 参数: AI1 ε=0.225, lr=0.300
2026-03-05 21:20:45,532 - INFO - 参数: AI1 ε=0.225, lr=0.300
2026-03-05 21:20:45,533 - INFO -        AI2 ε=0.010, lr=0.015
2026-03-05 21:20:45,533 - INFO -        AI2 ε=0.010, lr=0.015
2026-03-05 21:20:45,533 - INFO - ==================================================
2026-03-05 21:20:45,533 - INFO - ==================================================
2026-03-05 21:27:34,137 - INFO - 
⚖️ 平衡调整 #22: 差距<10% (拉开) 差距=5.0% 平局率=85.0% 强力进攻(全局倾向 x1.34)
2026-03-05 21:27:34,137 - INFO - 
⚖️ 平衡调整 #22: 差距<10% (拉开) 差距=5.0% 平局率=85.0% 强力进攻(全局倾向 x1.34)
2026-03-05 21:27:34,138 - INFO -   AI2(强): ε 0.010→0.009, lr 0.015→0.012, 攻击权 0.95→0.95, 防守权 0.05→0.05, 进攻启发 0.0100→0.0100, 防守启发 0.0001→0.0001
2026-03-05 21:27:34,138 - INFO -   AI2(强): ε 0.010→0.009, lr 0.015→0.012, 攻击权 0.95→0.95, 防守权 0.05→0.05, 进攻启发 0.0100→0.0100, 防守启发 0.0001→0.0001
2026-03-05 21:27:34,138 - INFO -   AI1(弱): ε 0.205→0.266, lr 0.300→0.300, 攻击权 0.95→0.95, 防守权 0.05→0.05, 进攻启发 0.0100→0.0100, 防守启发 0.0001→0.0001
2026-03-05 21:27:34,138 - INFO -   AI1(弱): ε 0.205→0.266, lr 0.300→0.300, 攻击权 0.95→0.95, 防守权 0.05→0.05, 进攻启发 0.0100→0.0100, 防守启发 0.0001→0.0001
2026-03-05 21:39:26,522 - INFO - 
⚖️ 平衡调整 #23: 微调 差距=10.0% 平局率=84.0% 强力进攻(全局倾向 x1.33)
2026-03-05 21:39:26,522 - INFO - 
⚖️ 平衡调整 #23: 微调 差距=10.0% 平局率=84.0% 强力进攻(全局倾向 x1.33)
2026-03-05 21:39:26,522 - INFO -   AI2(强): ε 0.010→0.010, lr 0.012→0.010, 攻击权 0.95→0.95, 防守权 0.05→0.05, 进攻启发 0.0100→0.0100, 防守启发 0.0001→0.0001
2026-03-05 21:39:26,522 - INFO -   AI2(强): ε 0.010→0.010, lr 0.012→0.010, 攻击权 0.95→0.95, 防守权 0.05→0.05, 进攻启发 0.0100→0.0100, 防守启发 0.0001→0.0001
2026-03-05 21:39:26,522 - INFO -   AI1(弱): ε 0.228→0.228, lr 0.300→0.300, 攻击权 0.95→0.95, 防守权 0.05→0.05, 进攻启发 0.0100→0.0100, 防守启发 0.0001→0.0001
2026-03-05 21:39:26,522 - INFO -   AI1(弱): ε 0.228→0.228, lr 0.300→0.300, 攻击权 0.95→0.95, 防守权 0.05→0.05, 进攻启发 0.0100→0.0100, 防守启发 0.0001→0.0001
2026-03-05 21:51:35,362 - INFO - 📈 全局进攻倾向提升至 1.59
2026-03-05 21:51:35,362 - INFO - 📈 全局进攻倾向提升至 1.59
2026-03-05 21:51:35,362 - INFO - 
⚖️ 平衡调整 #24: 差距<10% (拉开) 差距=4.0% 平局率=88.0% 强力进攻(全局倾向 x1.59)
2026-03-05 21:51:35,362 - INFO - 
⚖️ 平衡调整 #24: 差距<10% (拉开) 差距=4.0% 平局率=88.0% 强力进攻(全局倾向 x1.59)
2026-03-05 21:51:35,362 - INFO -   AI2(强): ε 0.010→0.009, lr 0.010→0.010, 攻击权 0.95→0.95, 防守权 0.05→0.05, 进攻启发 0.0100→0.0100, 防守启发 0.0001→0.0001
2026-03-05 21:51:35,362 - INFO -   AI2(强): ε 0.010→0.009, lr 0.010→0.010, 攻击权 0.95→0.95, 防守权 0.05→0.05, 进攻启发 0.0100→0.0100, 防守启发 0.0001→0.0001
2026-03-05 21:51:35,362 - INFO -   AI1(弱): ε 0.189→0.246, lr 0.300→0.300, 攻击权 0.95→0.95, 防守权 0.05→0.05, 进攻启发 0.0100→0.0100, 防守启发 0.0001→0.0001
2026-03-05 21:51:35,362 - INFO -   AI1(弱): ε 0.189→0.246, lr 0.300→0.300, 攻击权 0.95→0.95, 防守权 0.05→0.05, 进攻启发 0.0100→0.0100, 防守启发 0.0001→0.0001
2026-03-05 22:03:40,142 - INFO - 
⚖️ 平衡调整 #25: 微调 差距=12.0% 平局率=80.0% 中等进攻
2026-03-05 22:03:40,142 - INFO - 
⚖️ 平衡调整 #25: 微调 差距=12.0% 平局率=80.0% 中等进攻
2026-03-05 22:03:40,142 - INFO -   AI2(强): ε 0.010→0.010, lr 0.010→0.010, 攻击权 0.95→0.95, 防守权 0.05→0.05, 进攻启发 0.0100→0.0100, 防守启发 0.0001→0.0001
2026-03-05 22:03:40,142 - INFO -   AI2(强): ε 0.010→0.010, lr 0.010→0.010, 攻击权 0.95→0.95, 防守权 0.05→0.05, 进攻启发 0.0100→0.0100, 防守启发 0.0001→0.0001
2026-03-05 22:03:40,142 - INFO -   AI1(弱): ε 0.212→0.212, lr 0.300→0.280, 攻击权 0.95→0.95, 防守权 0.05→0.05, 进攻启发 0.0100→0.0100, 防守启发 0.0001→0.0001
2026-03-05 22:03:40,142 - INFO -   AI1(弱): ε 0.212→0.212, lr 0.300→0.280, 攻击权 0.95→0.95, 防守权 0.05→0.05, 进攻启发 0.0100→0.0100, 防守启发 0.0001→0.0001
2026-03-05 22:16:02,234 - INFO - 
⚖️ 平衡调整 #26: 差距<10% (拉开) 差距=6.0% 平局率=86.0% 强力进攻(全局倾向 x1.56)
2026-03-05 22:16:02,234 - INFO - 
⚖️ 平衡调整 #26: 差距<10% (拉开) 差距=6.0% 平局率=86.0% 强力进攻(全局倾向 x1.56)
2026-03-05 22:16:02,235 - INFO -   AI2(强): ε 0.010→0.009, lr 0.010→0.010, 攻击权 0.95→0.95, 防守权 0.05→0.05, 进攻启发 0.0100→0.0100, 防守启发 0.0001→0.0001
2026-03-05 22:16:02,235 - INFO -   AI2(强): ε 0.010→0.009, lr 0.010→0.010, 攻击权 0.95→0.95, 防守权 0.05→0.05, 进攻启发 0.0100→0.0100, 防守启发 0.0001→0.0001
2026-03-05 22:16:02,235 - INFO -   AI1(弱): ε 0.179→0.233, lr 0.280→0.300, 攻击权 0.95→0.95, 防守权 0.05→0.05, 进攻启发 0.0100→0.0100, 防守启发 0.0001→0.0001
2026-03-05 22:16:02,235 - INFO -   AI1(弱): ε 0.179→0.233, lr 0.280→0.300, 攻击权 0.95→0.95, 防守权 0.05→0.05, 进攻启发 0.0100→0.0100, 防守启发 0.0001→0.0001
2026-03-05 22:28:10,228 - INFO - 
⚖️ 平衡调整 #27: 差距<10% (拉开) 差距=9.0% 平局率=87.0% 强力进攻(全局倾向 x1.55)
2026-03-05 22:28:10,228 - INFO - 
⚖️ 平衡调整 #27: 差距<10% (拉开) 差距=9.0% 平局率=87.0% 强力进攻(全局倾向 x1.55)
2026-03-05 22:28:10,228 - INFO -   AI2(强): ε 0.010→0.009, lr 0.010→0.010, 攻击权 0.95→0.95, 防守权 0.05→0.05, 进攻启发 0.0100→0.0100, 防守启发 0.0001→0.0001
2026-03-05 22:28:10,228 - INFO -   AI2(强): ε 0.010→0.009, lr 0.010→0.010, 攻击权 0.95→0.95, 防守权 0.05→0.05, 进攻启发 0.0100→0.0100, 防守启发 0.0001→0.0001
2026-03-05 22:28:10,228 - INFO -   AI1(弱): ε 0.199→0.258, lr 0.300→0.300, 攻击权 0.95→0.95, 防守权 0.05→0.05, 进攻启发 0.0100→0.0100, 防守启发 0.0001→0.0001
2026-03-05 22:28:10,228 - INFO -   AI1(弱): ε 0.199→0.258, lr 0.300→0.300, 攻击权 0.95→0.95, 防守权 0.05→0.05, 进攻启发 0.0100→0.0100, 防守启发 0.0001→0.0001
2026-03-05 22:40:45,301 - INFO - 
⚖️ 平衡调整 #28: 差距<10% (拉开) 差距=7.0% 平局率=83.0% 强力进攻(全局倾向 x1.53)
2026-03-05 22:40:45,301 - INFO - 
⚖️ 平衡调整 #28: 差距<10% (拉开) 差距=7.0% 平局率=83.0% 强力进攻(全局倾向 x1.53)
2026-03-05 22:40:45,301 - INFO -   AI2(强): ε 0.010→0.009, lr 0.010→0.010, 攻击权 0.95→0.95, 防守权 0.05→0.05, 进攻启发 0.0100→0.0100, 防守启发 0.0001→0.0001
2026-03-05 22:40:45,301 - INFO -   AI2(强): ε 0.010→0.009, lr 0.010→0.010, 攻击权 0.95→0.95, 防守权 0.05→0.05, 进攻启发 0.0100→0.0100, 防守启发 0.0001→0.0001
2026-03-05 22:40:45,301 - INFO -   AI1(弱): ε 0.222→0.289, lr 0.300→0.300, 攻击权 0.95→0.95, 防守权 0.05→0.05, 进攻启发 0.0100→0.0100, 防守启发 0.0001→0.0001
2026-03-05 22:40:45,301 - INFO -   AI1(弱): ε 0.222→0.289, lr 0.300→0.300, 攻击权 0.95→0.95, 防守权 0.05→0.05, 进攻启发 0.0100→0.0100, 防守启发 0.0001→0.0001
2026-03-05 22:47:54,453 - INFO - 
==================================================
2026-03-05 22:47:54,453 - INFO - 
==================================================
2026-03-05 22:47:54,453 - INFO - 第 2000/20000 局 (10.0%)
2026-03-05 22:47:54,453 - INFO - 第 2000/20000 局 (10.0%)
2026-03-05 22:47:54,454 - INFO - 速度: 0.1局/秒, 已用: 424.0分钟
2026-03-05 22:47:54,454 - INFO - 速度: 0.1局/秒, 已用: 424.0分钟
2026-03-05 22:47:54,454 - INFO - 总战绩: AI1 102胜, AI2 268胜, 平局 1630
2026-03-05 22:47:54,454 - INFO - 总战绩: AI1 102胜, AI2 268胜, 平局 1630
2026-03-05 22:47:54,455 - INFO - 近期100局: AI1 4.0%, AI2 13.0%, 平局 83.0%
2026-03-05 22:47:54,455 - INFO - 近期100局: AI1 4.0%, AI2 13.0%, 平局 83.0%
2026-03-05 22:47:54,455 - INFO - 胜率差距: 9.0%
2026-03-05 22:47:54,455 - INFO - 胜率差距: 9.0%
2026-03-05 22:47:54,455 - INFO - 防守统计: 总30978次, 平均15.49次/局
2026-03-05 22:47:54,455 - INFO - 防守统计: 总30978次, 平均15.49次/局
2026-03-05 22:47:54,455 - INFO - 参数: AI1 ε=0.264, lr=0.300
2026-03-05 22:47:54,455 - INFO - 参数: AI1 ε=0.264, lr=0.300
2026-03-05 22:47:54,456 - INFO -        AI2 ε=0.010, lr=0.010
2026-03-05 22:47:54,456 - INFO -        AI2 ε=0.010, lr=0.010
2026-03-05 22:47:54,456 - INFO - ==================================================
2026-03-05 22:47:54,456 - INFO - ==================================================
2026-03-05 22:53:32,323 - INFO - 
⚖️ 平衡调整 #29: 微调 差距=10.0% 平局率=82.0% 强力进攻(全局倾向 x1.52)
2026-03-05 22:53:32,323 - INFO - 
⚖️ 平衡调整 #29: 微调 差距=10.0% 平局率=82.0% 强力进攻(全局倾向 x1.52)
2026-03-05 22:53:32,323 - INFO -   AI2(强): ε 0.010→0.010, lr 0.010→0.010, 攻击权 0.95→0.95, 防守权 0.05→0.05, 进攻启发 0.0100→0.0100, 防守启发 0.0001→0.0001
2026-03-05 22:53:32,323 - INFO -   AI2(强): ε 0.010→0.010, lr 0.010→0.010, 攻击权 0.95→0.95, 防守权 0.05→0.05, 进攻启发 0.0100→0.0100, 防守启发 0.0001→0.0001
2026-03-05 22:53:32,323 - INFO -   AI1(弱): ε 0.246→0.246, lr 0.300→0.300, 攻击权 0.95→0.95, 防守权 0.05→0.05, 进攻启发 0.0100→0.0100, 防守启发 0.0001→0.0001
2026-03-05 22:53:32,323 - INFO -   AI1(弱): ε 0.246→0.246, lr 0.300→0.300, 攻击权 0.95→0.95, 防守权 0.05→0.05, 进攻启发 0.0100→0.0100, 防守启发 0.0001→0.0001
2026-03-05 23:05:58,714 - INFO - 📈 全局进攻倾向提升至 1.82
2026-03-05 23:05:58,714 - INFO - 📈 全局进攻倾向提升至 1.82
2026-03-05 23:05:58,714 - INFO - 
⚖️ 平衡调整 #30: 差距<10% (拉开) 差距=6.0% 平局率=82.0% 强力进攻(全局倾向 x1.82)
2026-03-05 23:05:58,714 - INFO - 
⚖️ 平衡调整 #30: 差距<10% (拉开) 差距=6.0% 平局率=82.0% 强力进攻(全局倾向 x1.82)
2026-03-05 23:05:58,715 - INFO -   AI2(强): ε 0.010→0.009, lr 0.010→0.010, 攻击权 0.95→0.95, 防守权 0.05→0.05, 进攻启发 0.0100→0.0100, 防守启发 0.0001→0.0001
2026-03-05 23:05:58,715 - INFO -   AI2(强): ε 0.010→0.009, lr 0.010→0.010, 攻击权 0.95→0.95, 防守权 0.05→0.05, 进攻启发 0.0100→0.0100, 防守启发 0.0001→0.0001
2026-03-05 23:05:58,715 - INFO -   AI1(弱): ε 0.208→0.270, lr 0.300→0.300, 攻击权 0.95→0.95, 防守权 0.05→0.05, 进攻启发 0.0100→0.0100, 防守启发 0.0001→0.0001
2026-03-05 23:05:58,715 - INFO -   AI1(弱): ε 0.208→0.270, lr 0.300→0.300, 攻击权 0.95→0.95, 防守权 0.05→0.05, 进攻启发 0.0100→0.0100, 防守启发 0.0001→0.0001
2026-03-05 23:18:36,292 - INFO - 
⚖️ 平衡调整 #31: 差距<10% (拉开) 差距=8.0% 平局率=88.0% 强力进攻(全局倾向 x1.80)
2026-03-05 23:18:36,292 - INFO - 
⚖️ 平衡调整 #31: 差距<10% (拉开) 差距=8.0% 平局率=88.0% 强力进攻(全局倾向 x1.80)
2026-03-05 23:18:36,293 - INFO -   AI2(强): ε 0.010→0.009, lr 0.010→0.010, 攻击权 0.95→0.95, 防守权 0.05→0.05, 进攻启发 0.0100→0.0100, 防守启发 0.0001→0.0001
2026-03-05 23:18:36,293 - INFO -   AI2(强): ε 0.010→0.009, lr 0.010→0.010, 攻击权 0.95→0.95, 防守权 0.05→0.05, 进攻启发 0.0100→0.0100, 防守启发 0.0001→0.0001
2026-03-05 23:18:36,293 - INFO -   AI1(弱): ε 0.231→0.300, lr 0.300→0.300, 攻击权 0.95→0.95, 防守权 0.05→0.05, 进攻启发 0.0100→0.0100, 防守启发 0.0001→0.0001
2026-03-05 23:18:36,293 - INFO -   AI1(弱): ε 0.231→0.300, lr 0.300→0.300, 攻击权 0.95→0.95, 防守权 0.05→0.05, 进攻启发 0.0100→0.0100, 防守启发 0.0001→0.0001
2026-03-05 23:31:12,473 - INFO - 
⚖️ 平衡调整 #32: 差距<10% (拉开) 差距=8.0% 平局率=88.0% 强力进攻(全局倾向 x1.78)
2026-03-05 23:31:12,473 - INFO - 
⚖️ 平衡调整 #32: 差距<10% (拉开) 差距=8.0% 平局率=88.0% 强力进攻(全局倾向 x1.78)
2026-03-05 23:31:12,474 - INFO -   AI2(强): ε 0.010→0.009, lr 0.010→0.010, 攻击权 0.95→0.95, 防守权 0.05→0.05, 进攻启发 0.0100→0.0100, 防守启发 0.0001→0.0001
2026-03-05 23:31:12,474 - INFO -   AI2(强): ε 0.010→0.009, lr 0.010→0.010, 攻击权 0.95→0.95, 防守权 0.05→0.05, 进攻启发 0.0100→0.0100, 防守启发 0.0001→0.0001
2026-03-05 23:31:12,474 - INFO -   AI1(弱): ε 0.254→0.331, lr 0.300→0.300, 攻击权 0.95→0.95, 防守权 0.05→0.05, 进攻启发 0.0100→0.0100, 防守启发 0.0001→0.0001
2026-03-05 23:31:12,474 - INFO -   AI1(弱): ε 0.254→0.331, lr 0.300→0.300, 攻击权 0.95→0.95, 防守权 0.05→0.05, 进攻启发 0.0100→0.0100, 防守启发 0.0001→0.0001
2026-03-05 23:43:29,812 - INFO - 
⚖️ 平衡调整 #33: 微调 差距=14.0% 平局率=80.0% 中等进攻
2026-03-05 23:43:29,812 - INFO - 
⚖️ 平衡调整 #33: 微调 差距=14.0% 平局率=80.0% 中等进攻
2026-03-05 23:43:29,813 - INFO -   AI2(强): ε 0.010→0.010, lr 0.010→0.010, 攻击权 0.95→0.95, 防守权 0.05→0.05, 进攻启发 0.0100→0.0100, 防守启发 0.0001→0.0001
2026-03-05 23:43:29,813 - INFO -   AI2(强): ε 0.010→0.010, lr 0.010→0.010, 攻击权 0.95→0.95, 防守权 0.05→0.05, 进攻启发 0.0100→0.0100, 防守启发 0.0001→0.0001
2026-03-05 23:43:29,813 - INFO -   AI1(弱): ε 0.283→0.283, lr 0.300→0.280, 攻击权 0.95→0.95, 防守权 0.05→0.05, 进攻启发 0.0100→0.0100, 防守启发 0.0001→0.0001
2026-03-05 23:43:29,813 - INFO -   AI1(弱): ε 0.283→0.283, lr 0.300→0.280, 攻击权 0.95→0.95, 防守权 0.05→0.05, 进攻启发 0.0100→0.0100, 防守启发 0.0001→0.0001
2026-03-05 23:56:10,825 - INFO - 
⚖️ 平衡调整 #34: 微调 差距=15.0% 平局率=83.0% 强力进攻(全局倾向 x1.75)
2026-03-05 23:56:10,825 - INFO - 
⚖️ 平衡调整 #34: 微调 差距=15.0% 平局率=83.0% 强力进攻(全局倾向 x1.75)
2026-03-05 23:56:10,825 - INFO -   AI2(强): ε 0.010→0.010, lr 0.010→0.010, 攻击权 0.95→0.95, 防守权 0.05→0.05, 进攻启发 0.0100→0.0100, 防守启发 0.0001→0.0001
2026-03-05 23:56:10,825 - INFO -   AI2(强): ε 0.010→0.010, lr 0.010→0.010, 攻击权 0.95→0.95, 防守权 0.05→0.05, 进攻启发 0.0100→0.0100, 防守启发 0.0001→0.0001
2026-03-05 23:56:10,825 - INFO -   AI1(弱): ε 0.245→0.245, lr 0.280→0.300, 攻击权 0.95→0.95, 防守权 0.05→0.05, 进攻启发 0.0100→0.0100, 防守启发 0.0001→0.0001
2026-03-05 23:56:10,825 - INFO -   AI1(弱): ε 0.245→0.245, lr 0.280→0.300, 攻击权 0.95→0.95, 防守权 0.05→0.05, 进攻启发 0.0100→0.0100, 防守启发 0.0001→0.0001
2026-03-06 00:08:55,040 - INFO - 
⚖️ 平衡调整 #35: 微调 差距=11.0% 平局率=85.0% 强力进攻(全局倾向 x1.73)
2026-03-06 00:08:55,040 - INFO - 
⚖️ 平衡调整 #35: 微调 差距=11.0% 平局率=85.0% 强力进攻(全局倾向 x1.73)
2026-03-06 00:08:55,041 - INFO -   AI2(强): ε 0.010→0.010, lr 0.010→0.010, 攻击权 0.95→0.95, 防守权 0.05→0.05, 进攻启发 0.0100→0.0100, 防守启发 0.0001→0.0001
2026-03-06 00:08:55,041 - INFO -   AI2(强): ε 0.010→0.010, lr 0.010→0.010, 攻击权 0.95→0.95, 防守权 0.05→0.05, 进攻启发 0.0100→0.0100, 防守启发 0.0001→0.0001
2026-03-06 00:08:55,041 - INFO -   AI1(弱): ε 0.210→0.210, lr 0.300→0.300, 攻击权 0.95→0.95, 防守权 0.05→0.05, 进攻启发 0.0100→0.0100, 防守启发 0.0001→0.0001
2026-03-06 00:08:55,041 - INFO -   AI1(弱): ε 0.210→0.210, lr 0.300→0.300, 攻击权 0.95→0.95, 防守权 0.05→0.05, 进攻启发 0.0100→0.0100, 防守启发 0.0001→0.0001
2026-03-06 00:17:55,529 - INFO - 
==================================================
2026-03-06 00:17:55,529 - INFO - 
==================================================
2026-03-06 00:17:55,530 - INFO - 第 2500/20000 局 (12.5%)
2026-03-06 00:17:55,530 - INFO - 第 2500/20000 局 (12.5%)
2026-03-06 00:17:55,530 - INFO - 速度: 0.1局/秒, 已用: 514.0分钟
2026-03-06 00:17:55,530 - INFO - 速度: 0.1局/秒, 已用: 514.0分钟
2026-03-06 00:17:55,530 - INFO - 总战绩: AI1 115胜, AI2 334胜, 平局 2051
2026-03-06 00:17:55,530 - INFO - 总战绩: AI1 115胜, AI2 334胜, 平局 2051
2026-03-06 00:17:55,530 - INFO - 近期100局: AI1 1.0%, AI2 13.0%, 平局 86.0%
2026-03-06 00:17:55,530 - INFO - 近期100局: AI1 1.0%, AI2 13.0%, 平局 86.0%
2026-03-06 00:17:55,530 - INFO - 胜率差距: 12.0%
2026-03-06 00:17:55,530 - INFO - 胜率差距: 12.0%
2026-03-06 00:17:55,530 - INFO - 防守统计: 总38421次, 平均15.37次/局
2026-03-06 00:17:55,530 - INFO - 防守统计: 总38421次, 平均15.37次/局
2026-03-06 00:17:55,530 - INFO - 参数: AI1 ε=0.189, lr=0.300
2026-03-06 00:17:55,530 - INFO - 参数: AI1 ε=0.189, lr=0.300
2026-03-06 00:17:55,530 - INFO -        AI2 ε=0.010, lr=0.010
2026-03-06 00:17:55,530 - INFO -        AI2 ε=0.010, lr=0.010
2026-03-06 00:17:55,530 - INFO - ==================================================
2026-03-06 00:17:55,530 - INFO - ==================================================
2026-03-06 00:21:35,580 - INFO - 
⚖️ 平衡调整 #36: 微调 差距=13.0% 平局率=85.0% 强力进攻(全局倾向 x1.71)
2026-03-06 00:21:35,580 - INFO - 
⚖️ 平衡调整 #36: 微调 差距=13.0% 平局率=85.0% 强力进攻(全局倾向 x1.71)
2026-03-06 00:21:35,580 - INFO -   AI2(强): ε 0.010→0.010, lr 0.010→0.010, 攻击权 0.95→0.95, 防守权 0.05→0.05, 进攻启发 0.0100→0.0100, 防守启发 0.0001→0.0001
2026-03-06 00:21:35,580 - INFO -   AI2(强): ε 0.010→0.010, lr 0.010→0.010, 攻击权 0.95→0.95, 防守权 0.05→0.05, 进攻启发 0.0100→0.0100, 防守启发 0.0001→0.0001
2026-03-06 00:21:35,580 - INFO -   AI1(弱): ε 0.181→0.181, lr 0.300→0.300, 攻击权 0.95→0.95, 防守权 0.05→0.05, 进攻启发 0.0100→0.0100, 防守启发 0.0001→0.0001
2026-03-06 00:21:35,580 - INFO -   AI1(弱): ε 0.181→0.181, lr 0.300→0.300, 攻击权 0.95→0.95, 防守权 0.05→0.05, 进攻启发 0.0100→0.0100, 防守启发 0.0001→0.0001
2026-03-06 00:34:13,863 - INFO - 
⚖️ 平衡调整 #37: 微调 差距=14.0% 平局率=82.0% 强力进攻(全局倾向 x1.70)
2026-03-06 00:34:13,863 - INFO - 
⚖️ 平衡调整 #37: 微调 差距=14.0% 平局率=82.0% 强力进攻(全局倾向 x1.70)
2026-03-06 00:34:13,863 - INFO -   AI2(强): ε 0.010→0.010, lr 0.010→0.010, 攻击权 0.95→0.95, 防守权 0.05→0.05, 进攻启发 0.0100→0.0100, 防守启发 0.0001→0.0001
2026-03-06 00:34:13,863 - INFO -   AI2(强): ε 0.010→0.010, lr 0.010→0.010, 攻击权 0.95→0.95, 防守权 0.05→0.05, 进攻启发 0.0100→0.0100, 防守启发 0.0001→0.0001
2026-03-06 00:34:13,864 - INFO -   AI1(弱): ε 0.156→0.156, lr 0.300→0.300, 攻击权 0.95→0.95, 防守权 0.05→0.05, 进攻启发 0.0100→0.0100, 防守启发 0.0001→0.0001
2026-03-06 00:34:13,864 - INFO -   AI1(弱): ε 0.156→0.156, lr 0.300→0.300, 攻击权 0.95→0.95, 防守权 0.05→0.05, 进攻启发 0.0100→0.0100, 防守启发 0.0001→0.0001
2026-03-06 00:46:50,497 - INFO - 📈 全局进攻倾向提升至 2.04
2026-03-06 00:46:50,497 - INFO - 📈 全局进攻倾向提升至 2.04
2026-03-06 00:46:50,497 - INFO - 
⚖️ 平衡调整 #38: 差距<10% (拉开) 差距=8.0% 平局率=82.0% 强力进攻(全局倾向 x2.04)
2026-03-06 00:46:50,497 - INFO - 
⚖️ 平衡调整 #38: 差距<10% (拉开) 差距=8.0% 平局率=82.0% 强力进攻(全局倾向 x2.04)
2026-03-06 00:46:50,497 - INFO -   AI2(强): ε 0.010→0.009, lr 0.010→0.010, 攻击权 0.95→0.95, 防守权 0.05→0.05, 进攻启发 0.0100→0.0100, 防守启发 0.0001→0.0001
2026-03-06 00:46:50,497 - INFO -   AI2(强): ε 0.010→0.009, lr 0.010→0.010, 攻击权 0.95→0.95, 防守权 0.05→0.05, 进攻启发 0.0100→0.0100, 防守启发 0.0001→0.0001
2026-03-06 00:46:50,497 - INFO -   AI1(弱): ε 0.130→0.169, lr 0.300→0.300, 攻击权 0.95→0.95, 防守权 0.05→0.05, 进攻启发 0.0100→0.0100, 防守启发 0.0001→0.0001
2026-03-06 00:46:50,497 - INFO -   AI1(弱): ε 0.130→0.169, lr 0.300→0.300, 攻击权 0.95→0.95, 防守权 0.05→0.05, 进攻启发 0.0100→0.0100, 防守启发 0.0001→0.0001
2026-03-06 00:59:38,845 - INFO - 
⚖️ 平衡调整 #39: 差距<10% (拉开) 差距=4.0% 平局率=88.0% 强力进攻(全局倾向 x2.01)
2026-03-06 00:59:38,845 - INFO - 
⚖️ 平衡调整 #39: 差距<10% (拉开) 差距=4.0% 平局率=88.0% 强力进攻(全局倾向 x2.01)
2026-03-06 00:59:38,845 - INFO -   AI2(强): ε 0.010→0.009, lr 0.010→0.010, 攻击权 0.95→0.95, 防守权 0.05→0.05, 进攻启发 0.0100→0.0100, 防守启发 0.0001→0.0001
2026-03-06 00:59:38,845 - INFO -   AI2(强): ε 0.010→0.009, lr 0.010→0.010, 攻击权 0.95→0.95, 防守权 0.05→0.05, 进攻启发 0.0100→0.0100, 防守启发 0.0001→0.0001
2026-03-06 00:59:38,845 - INFO -   AI1(弱): ε 0.142→0.185, lr 0.300→0.300, 攻击权 0.95→0.95, 防守权 0.05→0.05, 进攻启发 0.0100→0.0100, 防守启发 0.0001→0.0001
2026-03-06 00:59:38,845 - INFO -   AI1(弱): ε 0.142→0.185, lr 0.300→0.300, 攻击权 0.95→0.95, 防守权 0.05→0.05, 进攻启发 0.0100→0.0100, 防守启发 0.0001→0.0001
2026-03-06 01:12:39,357 - INFO - 
⚖️ 平衡调整 #40: 差距<10% (拉开) 差距=1.0% 平局率=91.0% 强力进攻(全局倾向 x1.99)
2026-03-06 01:12:39,357 - INFO - 
⚖️ 平衡调整 #40: 差距<10% (拉开) 差距=1.0% 平局率=91.0% 强力进攻(全局倾向 x1.99)
2026-03-06 01:12:39,357 - INFO -   AI2(强): ε 0.010→0.009, lr 0.010→0.010, 攻击权 0.95→0.95, 防守权 0.05→0.05, 进攻启发 0.0100→0.0100, 防守启发 0.0001→0.0001
2026-03-06 01:12:39,357 - INFO -   AI2(强): ε 0.010→0.009, lr 0.010→0.010, 攻击权 0.95→0.95, 防守权 0.05→0.05, 进攻启发 0.0100→0.0100, 防守启发 0.0001→0.0001
2026-03-06 01:12:39,358 - INFO -   AI1(弱): ε 0.154→0.200, lr 0.300→0.300, 攻击权 0.95→0.95, 防守权 0.05→0.05, 进攻启发 0.0100→0.0100, 防守启发 0.0001→0.0001
2026-03-06 01:12:39,358 - INFO -   AI1(弱): ε 0.154→0.200, lr 0.300→0.300, 攻击权 0.95→0.95, 防守权 0.05→0.05, 进攻启发 0.0100→0.0100, 防守启发 0.0001→0.0001
2026-03-06 01:25:18,636 - INFO - 
⚖️ 平衡调整 #41: 差距<10% (拉开) 差距=4.0% 平局率=88.0% 强力进攻(全局倾向 x1.97)
2026-03-06 01:25:18,636 - INFO - 
⚖️ 平衡调整 #41: 差距<10% (拉开) 差距=4.0% 平局率=88.0% 强力进攻(全局倾向 x1.97)
2026-03-06 01:25:18,637 - INFO -   AI2(强): ε 0.010→0.009, lr 0.010→0.010, 攻击权 0.95→0.95, 防守权 0.05→0.05, 进攻启发 0.0100→0.0100, 防守启发 0.0001→0.0001
2026-03-06 01:25:18,637 - INFO -   AI2(强): ε 0.010→0.009, lr 0.010→0.010, 攻击权 0.95→0.95, 防守权 0.05→0.05, 进攻启发 0.0100→0.0100, 防守启发 0.0001→0.0001
2026-03-06 01:25:18,637 - INFO -   AI1(弱): ε 0.172→0.223, lr 0.300→0.300, 攻击权 0.95→0.95, 防守权 0.05→0.05, 进攻启发 0.0100→0.0100, 防守启发 0.0001→0.0001
2026-03-06 01:25:18,637 - INFO -   AI1(弱): ε 0.172→0.223, lr 0.300→0.300, 攻击权 0.95→0.95, 防守权 0.05→0.05, 进攻启发 0.0100→0.0100, 防守启发 0.0001→0.0001
2026-03-06 01:38:19,458 - INFO - 
⚖️ 平衡调整 #42: 差距<10% (拉开) 差距=5.0% 平局率=91.0% 强力进攻(全局倾向 x1.96)
2026-03-06 01:38:19,458 - INFO - 
⚖️ 平衡调整 #42: 差距<10% (拉开) 差距=5.0% 平局率=91.0% 强力进攻(全局倾向 x1.96)
2026-03-06 01:38:19,458 - INFO -   AI2(强): ε 0.010→0.009, lr 0.010→0.010, 攻击权 0.95→0.95, 防守权 0.05→0.05, 进攻启发 0.0100→0.0100, 防守启发 0.0001→0.0001
2026-03-06 01:38:19,458 - INFO -   AI2(强): ε 0.010→0.009, lr 0.010→0.010, 攻击权 0.95→0.95, 防守权 0.05→0.05, 进攻启发 0.0100→0.0100, 防守启发 0.0001→0.0001
2026-03-06 01:38:19,458 - INFO -   AI1(弱): ε 0.188→0.245, lr 0.300→0.300, 攻击权 0.95→0.95, 防守权 0.05→0.05, 进攻启发 0.0100→0.0100, 防守启发 0.0001→0.0001
2026-03-06 01:38:19,458 - INFO -   AI1(弱): ε 0.188→0.245, lr 0.300→0.300, 攻击权 0.95→0.95, 防守权 0.05→0.05, 进攻启发 0.0100→0.0100, 防守启发 0.0001→0.0001
2026-03-06 01:49:14,217 - INFO - 
==================================================
2026-03-06 01:49:14,217 - INFO - 
==================================================
2026-03-06 01:49:14,218 - INFO - 第 3000/20000 局 (15.0%)
2026-03-06 01:49:14,218 - INFO - 第 3000/20000 局 (15.0%)
2026-03-06 01:49:14,218 - INFO - 速度: 0.1局/秒, 已用: 605.3分钟
2026-03-06 01:49:14,218 - INFO - 速度: 0.1局/秒, 已用: 605.3分钟
2026-03-06 01:49:14,218 - INFO - 总战绩: AI1 129胜, AI2 380胜, 平局 2491
2026-03-06 01:49:14,218 - INFO - 总战绩: AI1 129胜, AI2 380胜, 平局 2491
2026-03-06 01:49:14,218 - INFO - 近期100局: AI1 1.0%, AI2 8.0%, 平局 91.0%
2026-03-06 01:49:14,218 - INFO - 近期100局: AI1 1.0%, AI2 8.0%, 平局 91.0%
2026-03-06 01:49:14,218 - INFO - 胜率差距: 7.0%
2026-03-06 01:49:14,218 - INFO - 胜率差距: 7.0%
2026-03-06 01:49:14,218 - INFO - 防守统计: 总45679次, 平均15.23次/局
2026-03-06 01:49:14,218 - INFO - 防守统计: 总45679次, 平均15.23次/局
2026-03-06 01:49:14,218 - INFO - 参数: AI1 ε=0.212, lr=0.300
2026-03-06 01:49:14,218 - INFO - 参数: AI1 ε=0.212, lr=0.300
2026-03-06 01:49:14,218 - INFO -        AI2 ε=0.010, lr=0.010
2026-03-06 01:49:14,218 - INFO -        AI2 ε=0.010, lr=0.010
2026-03-06 01:49:14,218 - INFO - ==================================================
2026-03-06 01:49:14,218 - INFO - ==================================================
2026-03-06 01:51:05,677 - INFO - 📈 全局进攻倾向提升至 2.35
2026-03-06 01:51:05,677 - INFO - 📈 全局进攻倾向提升至 2.35
2026-03-06 01:51:05,677 - INFO - 
⚖️ 平衡调整 #43: 差距<10% (拉开) 差距=6.0% 平局率=90.0% 强力进攻(全局倾向 x2.35)
2026-03-06 01:51:05,677 - INFO - 
⚖️ 平衡调整 #43: 差距<10% (拉开) 差距=6.0% 平局率=90.0% 强力进攻(全局倾向 x2.35)
2026-03-06 01:51:05,677 - INFO -   AI2(强): ε 0.010→0.009, lr 0.010→0.010, 攻击权 0.95→0.95, 防守权 0.05→0.05, 进攻启发 0.0100→0.0100, 防守启发 0.0001→0.0001
2026-03-06 01:51:05,677 - INFO -   AI2(强): ε 0.010→0.009, lr 0.010→0.010, 攻击权 0.95→0.95, 防守权 0.05→0.05, 进攻启发 0.0100→0.0100, 防守启发 0.0001→0.0001
2026-03-06 01:51:05,677 - INFO -   AI1(弱): ε 0.206→0.268, lr 0.300→0.300, 攻击权 0.95→0.95, 防守权 0.05→0.05, 进攻启发 0.0100→0.0100, 防守启发 0.0001→0.0001
2026-03-06 01:51:05,677 - INFO -   AI1(弱): ε 0.206→0.268, lr 0.300→0.300, 攻击权 0.95→0.95, 防守权 0.05→0.05, 进攻启发 0.0100→0.0100, 防守启发 0.0001→0.0001
2026-03-06 02:03:40,553 - INFO - 
⚖️ 平衡调整 #44: 微调 差距=11.0% 平局率=81.0% 强力进攻(全局倾向 x2.32)
2026-03-06 02:03:40,553 - INFO - 
⚖️ 平衡调整 #44: 微调 差距=11.0% 平局率=81.0% 强力进攻(全局倾向 x2.32)
2026-03-06 02:03:40,553 - INFO -   AI2(强): ε 0.010→0.010, lr 0.010→0.010, 攻击权 0.95→0.95, 防守权 0.05→0.05, 进攻启发 0.0100→0.0100, 防守启发 0.0001→0.0001
2026-03-06 02:03:40,553 - INFO -   AI2(强): ε 0.010→0.010, lr 0.010→0.010, 攻击权 0.95→0.95, 防守权 0.05→0.05, 进攻启发 0.0100→0.0100, 防守启发 0.0001→0.0001
2026-03-06 02:03:40,554 - INFO -   AI1(弱): ε 0.233→0.233, lr 0.300→0.300, 攻击权 0.95→0.95, 防守权 0.05→0.05, 进攻启发 0.0100→0.0100, 防守启发 0.0001→0.0001
2026-03-06 02:03:40,554 - INFO -   AI1(弱): ε 0.233→0.233, lr 0.300→0.300, 攻击权 0.95→0.95, 防守权 0.05→0.05, 进攻启发 0.0100→0.0100, 防守启发 0.0001→0.0001
2026-03-06 02:16:38,038 - INFO - 
⚖️ 平衡调整 #45: 差距<10% (拉开) 差距=0.0% 平局率=90.0% 强力进攻(全局倾向 x2.30)
2026-03-06 02:16:38,038 - INFO - 
⚖️ 平衡调整 #45: 差距<10% (拉开) 差距=0.0% 平局率=90.0% 强力进攻(全局倾向 x2.30)
2026-03-06 02:16:38,038 - INFO -   AI2(强): ε 0.010→0.009, lr 0.010→0.010, 攻击权 0.95→0.95, 防守权 0.05→0.05, 进攻启发 0.0100→0.0100, 防守启发 0.0001→0.0001
2026-03-06 02:16:38,038 - INFO -   AI2(强): ε 0.010→0.009, lr 0.010→0.010, 攻击权 0.95→0.95, 防守权 0.05→0.05, 进攻启发 0.0100→0.0100, 防守启发 0.0001→0.0001
2026-03-06 02:16:38,038 - INFO -   AI1(弱): ε 0.195→0.254, lr 0.300→0.300, 攻击权 0.95→0.95, 防守权 0.05→0.05, 进攻启发 0.0100→0.0100, 防守启发 0.0001→0.0001
2026-03-06 02:16:38,038 - INFO -   AI1(弱): ε 0.195→0.254, lr 0.300→0.300, 攻击权 0.95→0.95, 防守权 0.05→0.05, 进攻启发 0.0100→0.0100, 防守启发 0.0001→0.0001
2026-03-06 02:29:00,957 - INFO - 
⚖️ 平衡调整 #46: 差距<10% (拉开) 差距=7.0% 平局率=81.0% 强力进攻(全局倾向 x2.28)
2026-03-06 02:29:00,957 - INFO - 
⚖️ 平衡调整 #46: 差距<10% (拉开) 差距=7.0% 平局率=81.0% 强力进攻(全局倾向 x2.28)
2026-03-06 02:29:00,958 - INFO -   AI2(强): ε 0.010→0.009, lr 0.010→0.010, 攻击权 0.95→0.95, 防守权 0.05→0.05, 进攻启发 0.0100→0.0100, 防守启发 0.0001→0.0001
2026-03-06 02:29:00,958 - INFO -   AI2(强): ε 0.010→0.009, lr 0.010→0.010, 攻击权 0.95→0.95, 防守权 0.05→0.05, 进攻启发 0.0100→0.0100, 防守启发 0.0001→0.0001
2026-03-06 02:29:00,958 - INFO -   AI1(弱): ε 0.216→0.281, lr 0.300→0.300, 攻击权 0.95→0.95, 防守权 0.05→0.05, 进攻启发 0.0100→0.0100, 防守启发 0.0001→0.0001
2026-03-06 02:29:00,958 - INFO -   AI1(弱): ε 0.216→0.281, lr 0.300→0.300, 攻击权 0.95→0.95, 防守权 0.05→0.05, 进攻启发 0.0100→0.0100, 防守启发 0.0001→0.0001
2026-03-06 02:41:59,121 - INFO - 
⚖️ 平衡调整 #47: 差距<10% (拉开) 差距=8.0% 平局率=82.0% 强力进攻(全局倾向 x2.25)
2026-03-06 02:41:59,121 - INFO - 
⚖️ 平衡调整 #47: 差距<10% (拉开) 差距=8.0% 平局率=82.0% 强力进攻(全局倾向 x2.25)
2026-03-06 02:41:59,122 - INFO -   AI2(强): ε 0.010→0.009, lr 0.010→0.010, 攻击权 0.95→0.95, 防守权 0.05→0.05, 进攻启发 0.0100→0.0100, 防守启发 0.0001→0.0001
2026-03-06 02:41:59,122 - INFO -   AI2(强): ε 0.010→0.009, lr 0.010→0.010, 攻击权 0.95→0.95, 防守权 0.05→0.05, 进攻启发 0.0100→0.0100, 防守启发 0.0001→0.0001
2026-03-06 02:41:59,122 - INFO -   AI1(弱): ε 0.237→0.308, lr 0.300→0.300, 攻击权 0.95→0.95, 防守权 0.05→0.05, 进攻启发 0.0100→0.0100, 防守启发 0.0001→0.0001
2026-03-06 02:41:59,122 - INFO -   AI1(弱): ε 0.237→0.308, lr 0.300→0.300, 攻击权 0.95→0.95, 防守权 0.05→0.05, 进攻启发 0.0100→0.0100, 防守启发 0.0001→0.0001
2026-03-06 02:54:33,564 - INFO - 📈 全局进攻倾向提升至 2.70
2026-03-06 02:54:33,564 - INFO - 📈 全局进攻倾向提升至 2.70
2026-03-06 02:54:33,565 - INFO - 
⚖️ 平衡调整 #48: 差距<10% (拉开) 差距=3.0% 平局率=85.0% 强力进攻(全局倾向 x2.70)
2026-03-06 02:54:33,565 - INFO - 
⚖️ 平衡调整 #48: 差距<10% (拉开) 差距=3.0% 平局率=85.0% 强力进攻(全局倾向 x2.70)
2026-03-06 02:54:33,565 - INFO -   AI2(强): ε 0.010→0.009, lr 0.010→0.010, 攻击权 0.95→0.95, 防守权 0.05→0.05, 进攻启发 0.0100→0.0100, 防守启发 0.0001→0.0001
2026-03-06 02:54:33,565 - INFO -   AI2(强): ε 0.010→0.009, lr 0.010→0.010, 攻击权 0.95→0.95, 防守权 0.05→0.05, 进攻启发 0.0100→0.0100, 防守启发 0.0001→0.0001
2026-03-06 02:54:33,565 - INFO -   AI1(弱): ε 0.263→0.342, lr 0.300→0.300, 攻击权 0.95→0.95, 防守权 0.05→0.05, 进攻启发 0.0100→0.0100, 防守启发 0.0001→0.0001
2026-03-06 02:54:33,565 - INFO -   AI1(弱): ε 0.263→0.342, lr 0.300→0.300, 攻击权 0.95→0.95, 防守权 0.05→0.05, 进攻启发 0.0100→0.0100, 防守启发 0.0001→0.0001
2026-03-06 03:06:36,664 - INFO - 
⚖️ 平衡调整 #49: 差距<10% (拉开) 差距=5.0% 平局率=77.0% 中等进攻
2026-03-06 03:06:36,664 - INFO - 
⚖️ 平衡调整 #49: 差距<10% (拉开) 差距=5.0% 平局率=77.0% 中等进攻
2026-03-06 03:06:36,664 - INFO -   AI2(强): ε 0.010→0.009, lr 0.010→0.010, 攻击权 0.95→0.95, 防守权 0.05→0.05, 进攻启发 0.0100→0.0100, 防守启发 0.0001→0.0001
2026-03-06 03:06:36,664 - INFO -   AI2(强): ε 0.010→0.009, lr 0.010→0.010, 攻击权 0.95→0.95, 防守权 0.05→0.05, 进攻启发 0.0100→0.0100, 防守启发 0.0001→0.0001
2026-03-06 03:06:36,664 - INFO -   AI1(弱): ε 0.287→0.373, lr 0.300→0.285, 攻击权 0.95→0.95, 防守权 0.05→0.05, 进攻启发 0.0100→0.0100, 防守启发 0.0001→0.0001
2026-03-06 03:06:36,664 - INFO -   AI1(弱): ε 0.287→0.373, lr 0.300→0.285, 攻击权 0.95→0.95, 防守权 0.05→0.05, 进攻启发 0.0100→0.0100, 防守启发 0.0001→0.0001
2026-03-06 03:19:12,569 - INFO - 
⚖️ 平衡调整 #50: 微调 差距=12.0% 平局率=80.0% 中等进攻
2026-03-06 03:19:12,569 - INFO - 
⚖️ 平衡调整 #50: 微调 差距=12.0% 平局率=80.0% 中等进攻
2026-03-06 03:19:12,570 - INFO -   AI2(强): ε 0.010→0.010, lr 0.010→0.010, 攻击权 0.95→0.95, 防守权 0.05→0.05, 进攻启发 0.0100→0.0100, 防守启发 0.0001→0.0001
2026-03-06 03:19:12,570 - INFO -   AI2(强): ε 0.010→0.010, lr 0.010→0.010, 攻击权 0.95→0.95, 防守权 0.05→0.05, 进攻启发 0.0100→0.0100, 防守启发 0.0001→0.0001
2026-03-06 03:19:12,570 - INFO -   AI1(弱): ε 0.321→0.321, lr 0.285→0.280, 攻击权 0.95→0.95, 防守权 0.05→0.05, 进攻启发 0.0100→0.0100, 防守启发 0.0001→0.0001
2026-03-06 03:19:12,570 - INFO -   AI1(弱): ε 0.321→0.321, lr 0.285→0.280, 攻击权 0.95→0.95, 防守权 0.05→0.05, 进攻启发 0.0100→0.0100, 防守启发 0.0001→0.0001
2026-03-06 03:19:12,570 - INFO - 
==================================================
2026-03-06 03:19:12,570 - INFO - 
==================================================
2026-03-06 03:19:12,570 - INFO - 第 3500/20000 局 (17.5%)
2026-03-06 03:19:12,570 - INFO - 第 3500/20000 局 (17.5%)
2026-03-06 03:19:12,570 - INFO - 速度: 0.1局/秒, 已用: 695.3分钟
2026-03-06 03:19:12,570 - INFO - 速度: 0.1局/秒, 已用: 695.3分钟
2026-03-06 03:19:12,570 - INFO - 总战绩: AI1 156胜, AI2 443胜, 平局 2901
2026-03-06 03:19:12,570 - INFO - 总战绩: AI1 156胜, AI2 443胜, 平局 2901
2026-03-06 03:19:12,570 - INFO - 近期100局: AI1 4.0%, AI2 16.0%, 平局 80.0%
2026-03-06 03:19:12,570 - INFO - 近期100局: AI1 4.0%, AI2 16.0%, 平局 80.0%
2026-03-06 03:19:12,570 - INFO - 胜率差距: 12.0%
2026-03-06 03:19:12,570 - INFO - 胜率差距: 12.0%
2026-03-06 03:19:12,570 - INFO - 防守统计: 总53065次, 平均15.16次/局
2026-03-06 03:19:12,570 - INFO - 防守统计: 总53065次, 平均15.16次/局
2026-03-06 03:19:12,570 - INFO - 参数: AI1 ε=0.321, lr=0.280
2026-03-06 03:19:12,570 - INFO - 参数: AI1 ε=0.321, lr=0.280
2026-03-06 03:19:12,571 - INFO -        AI2 ε=0.010, lr=0.010
2026-03-06 03:19:12,571 - INFO -        AI2 ε=0.010, lr=0.010
2026-03-06 03:19:12,571 - INFO - ==================================================
2026-03-06 03:19:12,571 - INFO - ==================================================
2026-03-06 03:31:41,761 - INFO - 
⚖️ 平衡调整 #51: 微调 差距=14.0% 平局率=82.0% 强力进攻(全局倾向 x2.62)
2026-03-06 03:31:41,761 - INFO - 
⚖️ 平衡调整 #51: 微调 差距=14.0% 平局率=82.0% 强力进攻(全局倾向 x2.62)
2026-03-06 03:31:41,762 - INFO -   AI2(强): ε 0.010→0.010, lr 0.010→0.010, 攻击权 0.95→0.95, 防守权 0.05→0.05, 进攻启发 0.0100→0.0100, 防守启发 0.0001→0.0001
2026-03-06 03:31:41,762 - INFO -   AI2(强): ε 0.010→0.010, lr 0.010→0.010, 攻击权 0.95→0.95, 防守权 0.05→0.05, 进攻启发 0.0100→0.0100, 防守启发 0.0001→0.0001
2026-03-06 03:31:41,762 - INFO -   AI1(弱): ε 0.274→0.274, lr 0.280→0.300, 攻击权 0.95→0.95, 防守权 0.05→0.05, 进攻启发 0.0100→0.0100, 防守启发 0.0001→0.0001
2026-03-06 03:31:41,762 - INFO -   AI1(弱): ε 0.274→0.274, lr 0.280→0.300, 攻击权 0.95→0.95, 防守权 0.05→0.05, 进攻启发 0.0100→0.0100, 防守启发 0.0001→0.0001
2026-03-06 03:44:20,723 - INFO - 
⚖️ 平衡调整 #52: 微调 差距=12.0% 平局率=86.0% 强力进攻(全局倾向 x2.60)
2026-03-06 03:44:20,723 - INFO - 
⚖️ 平衡调整 #52: 微调 差距=12.0% 平局率=86.0% 强力进攻(全局倾向 x2.60)
2026-03-06 03:44:20,724 - INFO -   AI2(强): ε 0.010→0.010, lr 0.010→0.010, 攻击权 0.95→0.95, 防守权 0.05→0.05, 进攻启发 0.0100→0.0100, 防守启发 0.0001→0.0001
2026-03-06 03:44:20,724 - INFO -   AI2(强): ε 0.010→0.010, lr 0.010→0.010, 攻击权 0.95→0.95, 防守权 0.05→0.05, 进攻启发 0.0100→0.0100, 防守启发 0.0001→0.0001
2026-03-06 03:44:20,724 - INFO -   AI1(弱): ε 0.231→0.231, lr 0.300→0.300, 攻击权 0.95→0.95, 防守权 0.05→0.05, 进攻启发 0.0100→0.0100, 防守启发 0.0001→0.0001
2026-03-06 03:44:20,724 - INFO -   AI1(弱): ε 0.231→0.231, lr 0.300→0.300, 攻击权 0.95→0.95, 防守权 0.05→0.05, 进攻启发 0.0100→0.0100, 防守启发 0.0001→0.0001
2026-03-06 03:56:50,960 - INFO - 
⚖️ 平衡调整 #53: 微调 差距=14.0% 平局率=86.0% 强力进攻(全局倾向 x2.57)
2026-03-06 03:56:50,960 - INFO - 
⚖️ 平衡调整 #53: 微调 差距=14.0% 平局率=86.0% 强力进攻(全局倾向 x2.57)
2026-03-06 03:56:50,961 - INFO -   AI2(强): ε 0.010→0.010, lr 0.010→0.010, 攻击权 0.95→0.95, 防守权 0.05→0.05, 进攻启发 0.0100→0.0100, 防守启发 0.0001→0.0001
2026-03-06 03:56:50,961 - INFO -   AI2(强): ε 0.010→0.010, lr 0.010→0.010, 攻击权 0.95→0.95, 防守权 0.05→0.05, 进攻启发 0.0100→0.0100, 防守启发 0.0001→0.0001
2026-03-06 03:56:50,961 - INFO -   AI1(弱): ε 0.199→0.199, lr 0.300→0.300, 攻击权 0.95→0.95, 防守权 0.05→0.05, 进攻启发 0.0100→0.0100, 防守启发 0.0001→0.0001
2026-03-06 03:56:50,961 - INFO -   AI1(弱): ε 0.199→0.199, lr 0.300→0.300, 攻击权 0.95→0.95, 防守权 0.05→0.05, 进攻启发 0.0100→0.0100, 防守启发 0.0001→0.0001
2026-03-06 04:09:35,166 - INFO - 
⚖️ 平衡调整 #54: 差距<10% (拉开) 差距=7.0% 平局率=87.0% 强力进攻(全局倾向 x2.55)
2026-03-06 04:09:35,166 - INFO - 
⚖️ 平衡调整 #54: 差距<10% (拉开) 差距=7.0% 平局率=87.0% 强力进攻(全局倾向 x2.55)
2026-03-06 04:09:35,166 - INFO -   AI2(强): ε 0.010→0.009, lr 0.010→0.010, 攻击权 0.95→0.95, 防守权 0.05→0.05, 进攻启发 0.0100→0.0100, 防守启发 0.0001→0.0001
2026-03-06 04:09:35,166 - INFO -   AI2(强): ε 0.010→0.009, lr 0.010→0.010, 攻击权 0.95→0.95, 防守权 0.05→0.05, 进攻启发 0.0100→0.0100, 防守启发 0.0001→0.0001
2026-03-06 04:09:35,166 - INFO -   AI1(弱): ε 0.166→0.216, lr 0.300→0.300, 攻击权 0.95→0.95, 防守权 0.05→0.05, 进攻启发 0.0100→0.0100, 防守启发 0.0001→0.0001
2026-03-06 04:09:35,166 - INFO -   AI1(弱): ε 0.166→0.216, lr 0.300→0.300, 攻击权 0.95→0.95, 防守权 0.05→0.05, 进攻启发 0.0100→0.0100, 防守启发 0.0001→0.0001
2026-03-06 04:22:15,227 - INFO - 📈 全局进攻倾向提升至 3.00
2026-03-06 04:22:15,227 - INFO - 📈 全局进攻倾向提升至 3.00
2026-03-06 04:22:15,228 - INFO - 
⚖️ 平衡调整 #55: 差距<10% (拉开) 差距=8.0% 平局率=90.0% 强力进攻(全局倾向 x3.00)
2026-03-06 04:22:15,228 - INFO - 
⚖️ 平衡调整 #55: 差距<10% (拉开) 差距=8.0% 平局率=90.0% 强力进攻(全局倾向 x3.00)
2026-03-06 04:22:15,228 - INFO -   AI2(强): ε 0.010→0.009, lr 0.010→0.010, 攻击权 0.95→0.95, 防守权 0.05→0.05, 进攻启发 0.0100→0.0100, 防守启发 0.0001→0.0001
2026-03-06 04:22:15,228 - INFO -   AI2(强): ε 0.010→0.009, lr 0.010→0.010, 攻击权 0.95→0.95, 防守权 0.05→0.05, 进攻启发 0.0100→0.0100, 防守启发 0.0001→0.0001
2026-03-06 04:22:15,228 - INFO -   AI1(弱): ε 0.183→0.238, lr 0.300→0.300, 攻击权 0.95→0.95, 防守权 0.05→0.05, 进攻启发 0.0100→0.0100, 防守启发 0.0001→0.0001
2026-03-06 04:22:15,228 - INFO -   AI1(弱): ε 0.183→0.238, lr 0.300→0.300, 攻击权 0.95→0.95, 防守权 0.05→0.05, 进攻启发 0.0100→0.0100, 防守启发 0.0001→0.0001
2026-03-06 04:34:49,743 - INFO - 
⚖️ 平衡调整 #56: 微调 差距=12.0% 平局率=82.0% 强力进攻(全局倾向 x2.97)
2026-03-06 04:34:49,743 - INFO - 
⚖️ 平衡调整 #56: 微调 差距=12.0% 平局率=82.0% 强力进攻(全局倾向 x2.97)
2026-03-06 04:34:49,744 - INFO -   AI2(强): ε 0.010→0.010, lr 0.010→0.010, 攻击权 0.95→0.95, 防守权 0.05→0.05, 进攻启发 0.0100→0.0100, 防守启发 0.0001→0.0001
2026-03-06 04:34:49,744 - INFO -   AI2(强): ε 0.010→0.010, lr 0.010→0.010, 攻击权 0.95→0.95, 防守权 0.05→0.05, 进攻启发 0.0100→0.0100, 防守启发 0.0001→0.0001
2026-03-06 04:34:49,744 - INFO -   AI1(弱): ε 0.204→0.204, lr 0.300→0.300, 攻击权 0.95→0.95, 防守权 0.05→0.05, 进攻启发 0.0100→0.0100, 防守启发 0.0001→0.0001
2026-03-06 04:34:49,744 - INFO -   AI1(弱): ε 0.204→0.204, lr 0.300→0.300, 攻击权 0.95→0.95, 防守权 0.05→0.05, 进攻启发 0.0100→0.0100, 防守启发 0.0001→0.0001
2026-03-06 04:47:19,264 - INFO - 
⚖️ 平衡调整 #57: 微调 差距=16.0% 平局率=78.0% 中等进攻
2026-03-06 04:47:19,264 - INFO - 
⚖️ 平衡调整 #57: 微调 差距=16.0% 平局率=78.0% 中等进攻
2026-03-06 04:47:19,264 - INFO -   AI2(强): ε 0.010→0.010, lr 0.010→0.010, 攻击权 0.95→0.95, 防守权 0.05→0.05, 进攻启发 0.0100→0.0100, 防守启发 0.0001→0.0001
2026-03-06 04:47:19,264 - INFO -   AI2(强): ε 0.010→0.010, lr 0.010→0.010, 攻击权 0.95→0.95, 防守权 0.05→0.05, 进攻启发 0.0100→0.0100, 防守启发 0.0001→0.0001
2026-03-06 04:47:19,265 - INFO -   AI1(弱): ε 0.177→0.177, lr 0.300→0.280, 攻击权 0.95→0.95, 防守权 0.05→0.05, 进攻启发 0.0100→0.0100, 防守启发 0.0001→0.0001
2026-03-06 04:47:19,265 - INFO -   AI1(弱): ε 0.177→0.177, lr 0.300→0.280, 攻击权 0.95→0.95, 防守权 0.05→0.05, 进攻启发 0.0100→0.0100, 防守启发 0.0001→0.0001
2026-03-06 04:49:04,274 - INFO - 
==================================================
2026-03-06 04:49:04,274 - INFO - 
==================================================
2026-03-06 04:49:04,274 - INFO - 第 4000/20000 局 (20.0%)
2026-03-06 04:49:04,274 - INFO - 第 4000/20000 局 (20.0%)
2026-03-06 04:49:04,274 - INFO - 速度: 0.1局/秒, 已用: 785.2分钟
2026-03-06 04:49:04,274 - INFO - 速度: 0.1局/秒, 已用: 785.2分钟
2026-03-06 04:49:04,274 - INFO - 总战绩: AI1 168胜, AI2 512胜, 平局 3320
2026-03-06 04:49:04,274 - INFO - 总战绩: AI1 168胜, AI2 512胜, 平局 3320
2026-03-06 04:49:04,274 - INFO - 近期100局: AI1 4.0%, AI2 19.0%, 平局 77.0%
2026-03-06 04:49:04,274 - INFO - 近期100局: AI1 4.0%, AI2 19.0%, 平局 77.0%
2026-03-06 04:49:04,275 - INFO - 胜率差距: 15.0%
2026-03-06 04:49:04,275 - INFO - 胜率差距: 15.0%
2026-03-06 04:49:04,275 - INFO - 防守统计: 总60306次, 平均15.08次/局
2026-03-06 04:49:04,275 - INFO - 防守统计: 总60306次, 平均15.08次/局
2026-03-06 04:49:04,275 - INFO - 参数: AI1 ε=0.172, lr=0.280
2026-03-06 04:49:04,275 - INFO - 参数: AI1 ε=0.172, lr=0.280
2026-03-06 04:49:04,275 - INFO -        AI2 ε=0.010, lr=0.010
2026-03-06 04:49:04,275 - INFO -        AI2 ε=0.010, lr=0.010
2026-03-06 04:49:04,275 - INFO - ==================================================
2026-03-06 04:49:04,275 - INFO - ==================================================
2026-03-06 05:00:05,463 - INFO - 
⚖️ 平衡调整 #58: 差距<10% (拉开) 差距=4.0% 平局率=86.0% 强力进攻(全局倾向 x2.91)
2026-03-06 05:00:05,463 - INFO - 
⚖️ 平衡调整 #58: 差距<10% (拉开) 差距=4.0% 平局率=86.0% 强力进攻(全局倾向 x2.91)
2026-03-06 05:00:05,463 - INFO -   AI2(强): ε 0.010→0.009, lr 0.010→0.010, 攻击权 0.95→0.95, 防守权 0.05→0.05, 进攻启发 0.0100→0.0100, 防守启发 0.0001→0.0001
2026-03-06 05:00:05,463 - INFO -   AI2(强): ε 0.010→0.009, lr 0.010→0.010, 攻击权 0.95→0.95, 防守权 0.05→0.05, 进攻启发 0.0100→0.0100, 防守启发 0.0001→0.0001
2026-03-06 05:00:05,463 - INFO -   AI1(弱): ε 0.150→0.195, lr 0.280→0.300, 攻击权 0.95→0.95, 防守权 0.05→0.05, 进攻启发 0.0100→0.0100, 防守启发 0.0001→0.0001
2026-03-06 05:00:05,463 - INFO -   AI1(弱): ε 0.150→0.195, lr 0.280→0.300, 攻击权 0.95→0.95, 防守权 0.05→0.05, 进攻启发 0.0100→0.0100, 防守启发 0.0001→0.0001
2026-03-06 05:12:52,248 - INFO - 
⚖️ 平衡调整 #59: 差距<10% (拉开) 差距=6.0% 平局率=90.0% 强力进攻(全局倾向 x2.88)
2026-03-06 05:12:52,248 - INFO - 
⚖️ 平衡调整 #59: 差距<10% (拉开) 差距=6.0% 平局率=90.0% 强力进攻(全局倾向 x2.88)
2026-03-06 05:12:52,248 - INFO -   AI2(强): ε 0.010→0.009, lr 0.010→0.010, 攻击权 0.95→0.95, 防守权 0.05→0.05, 进攻启发 0.0100→0.0100, 防守启发 0.0001→0.0001
2026-03-06 05:12:52,248 - INFO -   AI2(强): ε 0.010→0.009, lr 0.010→0.010, 攻击权 0.95→0.95, 防守权 0.05→0.05, 进攻启发 0.0100→0.0100, 防守启发 0.0001→0.0001
2026-03-06 05:12:52,249 - INFO -   AI1(弱): ε 0.167→0.217, lr 0.300→0.300, 攻击权 0.95→0.95, 防守权 0.05→0.05, 进攻启发 0.0100→0.0100, 防守启发 0.0001→0.0001
2026-03-06 05:12:52,249 - INFO -   AI1(弱): ε 0.167→0.217, lr 0.300→0.300, 攻击权 0.95→0.95, 防守权 0.05→0.05, 进攻启发 0.0100→0.0100, 防守启发 0.0001→0.0001
2026-03-06 05:25:33,829 - INFO - 
⚖️ 平衡调整 #60: 差距<10% (拉开) 差距=8.0% 平局率=86.0% 强力进攻(全局倾向 x2.85)
2026-03-06 05:25:33,829 - INFO - 
⚖️ 平衡调整 #60: 差距<10% (拉开) 差距=8.0% 平局率=86.0% 强力进攻(全局倾向 x2.85)
2026-03-06 05:25:33,829 - INFO -   AI2(强): ε 0.010→0.009, lr 0.010→0.010, 攻击权 0.95→0.95, 防守权 0.05→0.05, 进攻启发 0.0100→0.0100, 防守启发 0.0001→0.0001
2026-03-06 05:25:33,829 - INFO -   AI2(强): ε 0.010→0.009, lr 0.010→0.010, 攻击权 0.95→0.95, 防守权 0.05→0.05, 进攻启发 0.0100→0.0100, 防守启发 0.0001→0.0001
2026-03-06 05:25:33,829 - INFO -   AI1(弱): ε 0.184→0.239, lr 0.300→0.300, 攻击权 0.95→0.95, 防守权 0.05→0.05, 进攻启发 0.0100→0.0100, 防守启发 0.0001→0.0001
2026-03-06 05:25:33,829 - INFO -   AI1(弱): ε 0.184→0.239, lr 0.300→0.300, 攻击权 0.95→0.95, 防守权 0.05→0.05, 进攻启发 0.0100→0.0100, 防守启发 0.0001→0.0001
2026-03-06 05:38:14,965 - INFO - 
⚖️ 平衡调整 #61: 差距<10% (拉开) 差距=8.0% 平局率=86.0% 强力进攻(全局倾向 x2.82)
2026-03-06 05:38:14,965 - INFO - 
⚖️ 平衡调整 #61: 差距<10% (拉开) 差距=8.0% 平局率=86.0% 强力进攻(全局倾向 x2.82)
2026-03-06 05:38:14,965 - INFO -   AI2(强): ε 0.010→0.009, lr 0.010→0.010, 攻击权 0.95→0.95, 防守权 0.05→0.05, 进攻启发 0.0100→0.0100, 防守启发 0.0001→0.0001
2026-03-06 05:38:14,965 - INFO -   AI2(强): ε 0.010→0.009, lr 0.010→0.010, 攻击权 0.95→0.95, 防守权 0.05→0.05, 进攻启发 0.0100→0.0100, 防守启发 0.0001→0.0001
2026-03-06 05:38:14,965 - INFO -   AI1(弱): ε 0.205→0.266, lr 0.300→0.300, 攻击权 0.95→0.95, 防守权 0.05→0.05, 进攻启发 0.0100→0.0100, 防守启发 0.0001→0.0001
2026-03-06 05:38:14,965 - INFO -   AI1(弱): ε 0.205→0.266, lr 0.300→0.300, 攻击权 0.95→0.95, 防守权 0.05→0.05, 进攻启发 0.0100→0.0100, 防守启发 0.0001→0.0001
2026-03-06 05:50:30,105 - INFO - 
⚖️ 平衡调整 #62: 微调 差距=18.0% 平局率=80.0% 中等进攻
2026-03-06 05:50:30,105 - INFO - 
⚖️ 平衡调整 #62: 微调 差距=18.0% 平局率=80.0% 中等进攻
2026-03-06 05:50:30,105 - INFO -   AI2(强): ε 0.010→0.010, lr 0.010→0.010, 攻击权 0.95→0.95, 防守权 0.05→0.05, 进攻启发 0.0100→0.0100, 防守启发 0.0001→0.0001
2026-03-06 05:50:30,105 - INFO -   AI2(强): ε 0.010→0.010, lr 0.010→0.010, 攻击权 0.95→0.95, 防守权 0.05→0.05, 进攻启发 0.0100→0.0100, 防守启发 0.0001→0.0001
2026-03-06 05:50:30,106 - INFO -   AI1(弱): ε 0.232→0.232, lr 0.300→0.280, 攻击权 0.95→0.95, 防守权 0.05→0.05, 进攻启发 0.0100→0.0100, 防守启发 0.0001→0.0001
2026-03-06 05:50:30,106 - INFO -   AI1(弱): ε 0.232→0.232, lr 0.300→0.280, 攻击权 0.95→0.95, 防守权 0.05→0.05, 进攻启发 0.0100→0.0100, 防守启发 0.0001→0.0001
2026-03-06 06:03:19,673 - INFO - 
⚖️ 平衡调整 #63: 差距<10% (拉开) 差距=6.0% 平局率=86.0% 强力进攻(全局倾向 x2.77)
2026-03-06 06:03:19,673 - INFO - 
⚖️ 平衡调整 #63: 差距<10% (拉开) 差距=6.0% 平局率=86.0% 强力进攻(全局倾向 x2.77)
2026-03-06 06:03:19,674 - INFO -   AI2(强): ε 0.010→0.009, lr 0.010→0.010, 攻击权 0.95→0.95, 防守权 0.05→0.05, 进攻启发 0.0100→0.0100, 防守启发 0.0001→0.0001
2026-03-06 06:03:19,674 - INFO -   AI2(强): ε 0.010→0.009, lr 0.010→0.010, 攻击权 0.95→0.95, 防守权 0.05→0.05, 进攻启发 0.0100→0.0100, 防守启发 0.0001→0.0001
2026-03-06 06:03:19,674 - INFO -   AI1(弱): ε 0.198→0.258, lr 0.280→0.300, 攻击权 0.95→0.95, 防守权 0.05→0.05, 进攻启发 0.0100→0.0100, 防守启发 0.0001→0.0001
2026-03-06 06:03:19,674 - INFO -   AI1(弱): ε 0.198→0.258, lr 0.280→0.300, 攻击权 0.95→0.95, 防守权 0.05→0.05, 进攻启发 0.0100→0.0100, 防守启发 0.0001→0.0001
2026-03-06 06:16:05,857 - INFO - 
⚖️ 平衡调整 #64: 微调 差距=11.0% 平局率=83.0% 强力进攻(全局倾向 x2.74)
2026-03-06 06:16:05,857 - INFO - 
⚖️ 平衡调整 #64: 微调 差距=11.0% 平局率=83.0% 强力进攻(全局倾向 x2.74)
2026-03-06 06:16:05,857 - INFO -   AI2(强): ε 0.010→0.010, lr 0.010→0.010, 攻击权 0.95→0.95, 防守权 0.05→0.05, 进攻启发 0.0100→0.0100, 防守启发 0.0001→0.0001
2026-03-06 06:16:05,857 - INFO -   AI2(强): ε 0.010→0.010, lr 0.010→0.010, 攻击权 0.95→0.95, 防守权 0.05→0.05, 进攻启发 0.0100→0.0100, 防守启发 0.0001→0.0001
2026-03-06 06:16:05,857 - INFO -   AI1(弱): ε 0.221→0.221, lr 0.300→0.300, 攻击权 0.95→0.95, 防守权 0.05→0.05, 进攻启发 0.0100→0.0100, 防守启发 0.0001→0.0001
2026-03-06 06:16:05,857 - INFO -   AI1(弱): ε 0.221→0.221, lr 0.300→0.300, 攻击权 0.95→0.95, 防守权 0.05→0.05, 进攻启发 0.0100→0.0100, 防守启发 0.0001→0.0001
2026-03-06 06:19:44,641 - INFO - 
==================================================
2026-03-06 06:19:44,641 - INFO - 
==================================================
2026-03-06 06:19:44,641 - INFO - 第 4500/20000 局 (22.5%)
2026-03-06 06:19:44,641 - INFO - 第 4500/20000 局 (22.5%)
2026-03-06 06:19:44,642 - INFO - 速度: 0.1局/秒, 已用: 875.8分钟
2026-03-06 06:19:44,642 - INFO - 速度: 0.1局/秒, 已用: 875.8分钟
2026-03-06 06:19:44,642 - INFO - 总战绩: AI1 185胜, AI2 569胜, 平局 3746
2026-03-06 06:19:44,642 - INFO - 总战绩: AI1 185胜, AI2 569胜, 平局 3746
2026-03-06 06:19:44,642 - INFO - 近期100局: AI1 4.0%, AI2 13.0%, 平局 83.0%
2026-03-06 06:19:44,642 - INFO - 近期100局: AI1 4.0%, AI2 13.0%, 平局 83.0%
2026-03-06 06:19:44,642 - INFO - 胜率差距: 9.0%
2026-03-06 06:19:44,642 - INFO - 胜率差距: 9.0%
2026-03-06 06:19:44,642 - INFO - 防守统计: 总67419次, 平均14.98次/局
2026-03-06 06:19:44,642 - INFO - 防守统计: 总67419次, 平均14.98次/局
2026-03-06 06:19:44,642 - INFO - 参数: AI1 ε=0.209, lr=0.300
2026-03-06 06:19:44,642 - INFO - 参数: AI1 ε=0.209, lr=0.300
2026-03-06 06:19:44,642 - INFO -        AI2 ε=0.010, lr=0.010
2026-03-06 06:19:44,642 - INFO -        AI2 ε=0.010, lr=0.010
2026-03-06 06:19:44,642 - INFO - ==================================================
2026-03-06 06:19:44,642 - INFO - ==================================================
2026-03-06 06:28:43,300 - INFO - 
⚖️ 平衡调整 #65: 差距<10% (拉开) 差距=5.0% 平局率=85.0% 强力进攻(全局倾向 x2.71)
2026-03-06 06:28:43,300 - INFO - 
⚖️ 平衡调整 #65: 差距<10% (拉开) 差距=5.0% 平局率=85.0% 强力进攻(全局倾向 x2.71)
2026-03-06 06:28:43,300 - INFO -   AI2(强): ε 0.010→0.009, lr 0.010→0.010, 攻击权 0.95→0.95, 防守权 0.05→0.05, 进攻启发 0.0100→0.0100, 防守启发 0.0001→0.0001
2026-03-06 06:28:43,300 - INFO -   AI2(强): ε 0.010→0.009, lr 0.010→0.010, 攻击权 0.95→0.95, 防守权 0.05→0.05, 进攻启发 0.0100→0.0100, 防守启发 0.0001→0.0001
2026-03-06 06:28:43,300 - INFO -   AI1(弱): ε 0.184→0.239, lr 0.300→0.300, 攻击权 0.95→0.95, 防守权 0.05→0.05, 进攻启发 0.0100→0.0100, 防守启发 0.0001→0.0001
2026-03-06 06:28:43,300 - INFO -   AI1(弱): ε 0.184→0.239, lr 0.300→0.300, 攻击权 0.95→0.95, 防守权 0.05→0.05, 进攻启发 0.0100→0.0100, 防守启发 0.0001→0.0001
2026-03-06 06:41:40,080 - INFO - 
⚖️ 平衡调整 #66: 差距<10% (拉开) 差距=5.0% 平局率=87.0% 强力进攻(全局倾向 x2.69)
2026-03-06 06:41:40,080 - INFO - 
⚖️ 平衡调整 #66: 差距<10% (拉开) 差距=5.0% 平局率=87.0% 强力进攻(全局倾向 x2.69)
2026-03-06 06:41:40,081 - INFO -   AI2(强): ε 0.010→0.009, lr 0.010→0.010, 攻击权 0.95→0.95, 防守权 0.05→0.05, 进攻启发 0.0100→0.0100, 防守启发 0.0001→0.0001
2026-03-06 06:41:40,081 - INFO -   AI2(强): ε 0.010→0.009, lr 0.010→0.010, 攻击权 0.95→0.95, 防守权 0.05→0.05, 进攻启发 0.0100→0.0100, 防守启发 0.0001→0.0001
2026-03-06 06:41:40,081 - INFO -   AI1(弱): ε 0.204→0.265, lr 0.300→0.300, 攻击权 0.95→0.95, 防守权 0.05→0.05, 进攻启发 0.0100→0.0100, 防守启发 0.0001→0.0001
2026-03-06 06:41:40,081 - INFO -   AI1(弱): ε 0.204→0.265, lr 0.300→0.300, 攻击权 0.95→0.95, 防守权 0.05→0.05, 进攻启发 0.0100→0.0100, 防守启发 0.0001→0.0001
2026-03-06 06:53:33,598 - INFO - 
⚖️ 平衡调整 #67: 微调 差距=19.0% 平局率=73.0% 中等进攻
2026-03-06 06:53:33,598 - INFO - 
⚖️ 平衡调整 #67: 微调 差距=19.0% 平局率=73.0% 中等进攻
2026-03-06 06:53:33,599 - INFO -   AI2(强): ε 0.010→0.010, lr 0.010→0.010, 攻击权 0.95→0.95, 防守权 0.05→0.05, 进攻启发 0.0100→0.0100, 防守启发 0.0001→0.0001
2026-03-06 06:53:33,599 - INFO -   AI2(强): ε 0.010→0.010, lr 0.010→0.010, 攻击权 0.95→0.95, 防守权 0.05→0.05, 进攻启发 0.0100→0.0100, 防守启发 0.0001→0.0001
2026-03-06 06:53:33,599 - INFO -   AI1(弱): ε 0.233→0.233, lr 0.300→0.280, 攻击权 0.95→0.95, 防守权 0.05→0.05, 进攻启发 0.0100→0.0100, 防守启发 0.0001→0.0001
2026-03-06 06:53:33,599 - INFO -   AI1(弱): ε 0.233→0.233, lr 0.300→0.280, 攻击权 0.95→0.95, 防守权 0.05→0.05, 进攻启发 0.0100→0.0100, 防守启发 0.0001→0.0001
2026-03-06 07:06:17,865 - INFO - 
⚖️ 平衡调整 #68: 微调 差距=13.0% 平局率=81.0% 强力进攻(全局倾向 x2.63)
2026-03-06 07:06:17,865 - INFO - 
⚖️ 平衡调整 #68: 微调 差距=13.0% 平局率=81.0% 强力进攻(全局倾向 x2.63)
2026-03-06 07:06:17,866 - INFO -   AI2(强): ε 0.010→0.010, lr 0.010→0.010, 攻击权 0.95→0.95, 防守权 0.05→0.05, 进攻启发 0.0100→0.0100, 防守启发 0.0001→0.0001
2026-03-06 07:06:17,866 - INFO -   AI2(强): ε 0.010→0.010, lr 0.010→0.010, 攻击权 0.95→0.95, 防守权 0.05→0.05, 进攻启发 0.0100→0.0100, 防守启发 0.0001→0.0001
2026-03-06 07:06:17,866 - INFO -   AI1(弱): ε 0.199→0.199, lr 0.280→0.300, 攻击权 0.95→0.95, 防守权 0.05→0.05, 进攻启发 0.0100→0.0100, 防守启发 0.0001→0.0001
2026-03-06 07:06:17,866 - INFO -   AI1(弱): ε 0.199→0.199, lr 0.280→0.300, 攻击权 0.95→0.95, 防守权 0.05→0.05, 进攻启发 0.0100→0.0100, 防守启发 0.0001→0.0001
2026-03-06 07:18:57,984 - INFO - 
⚖️ 平衡调整 #69: 微调 差距=10.0% 平局率=82.0% 强力进攻(全局倾向 x2.61)
2026-03-06 07:18:57,984 - INFO - 
⚖️ 平衡调整 #69: 微调 差距=10.0% 平局率=82.0% 强力进攻(全局倾向 x2.61)
2026-03-06 07:18:57,984 - INFO -   AI2(强): ε 0.010→0.010, lr 0.010→0.010, 攻击权 0.95→0.95, 防守权 0.05→0.05, 进攻启发 0.0100→0.0100, 防守启发 0.0001→0.0001
2026-03-06 07:18:57,984 - INFO -   AI2(强): ε 0.010→0.010, lr 0.010→0.010, 攻击权 0.95→0.95, 防守权 0.05→0.05, 进攻启发 0.0100→0.0100, 防守启发 0.0001→0.0001
2026-03-06 07:18:57,984 - INFO -   AI1(弱): ε 0.171→0.171, lr 0.300→0.300, 攻击权 0.95→0.95, 防守权 0.05→0.05, 进攻启发 0.0100→0.0100, 防守启发 0.0001→0.0001
2026-03-06 07:18:57,984 - INFO -   AI1(弱): ε 0.171→0.171, lr 0.300→0.300, 攻击权 0.95→0.95, 防守权 0.05→0.05, 进攻启发 0.0100→0.0100, 防守启发 0.0001→0.0001
2026-03-06 07:31:43,726 - INFO - 
⚖️ 平衡调整 #70: 差距<10% (拉开) 差距=7.0% 平局率=85.0% 强力进攻(全局倾向 x2.58)
2026-03-06 07:31:43,726 - INFO - 
⚖️ 平衡调整 #70: 差距<10% (拉开) 差距=7.0% 平局率=85.0% 强力进攻(全局倾向 x2.58)
2026-03-06 07:31:43,726 - INFO -   AI2(强): ε 0.010→0.009, lr 0.010→0.010, 攻击权 0.95→0.95, 防守权 0.05→0.05, 进攻启发 0.0100→0.0100, 防守启发 0.0001→0.0001
2026-03-06 07:31:43,726 - INFO -   AI2(强): ε 0.010→0.009, lr 0.010→0.010, 攻击权 0.95→0.95, 防守权 0.05→0.05, 进攻启发 0.0100→0.0100, 防守启发 0.0001→0.0001
2026-03-06 07:31:43,726 - INFO -   AI1(弱): ε 0.145→0.189, lr 0.300→0.300, 攻击权 0.95→0.95, 防守权 0.05→0.05, 进攻启发 0.0100→0.0100, 防守启发 0.0001→0.0001
2026-03-06 07:31:43,726 - INFO -   AI1(弱): ε 0.145→0.189, lr 0.300→0.300, 攻击权 0.95→0.95, 防守权 0.05→0.05, 进攻启发 0.0100→0.0100, 防守启发 0.0001→0.0001
2026-03-06 07:44:42,945 - INFO - 
⚖️ 平衡调整 #71: 差距<10% (拉开) 差距=0.0% 平局率=92.0% 强力进攻(全局倾向 x2.55)
2026-03-06 07:44:42,945 - INFO - 
⚖️ 平衡调整 #71: 差距<10% (拉开) 差距=0.0% 平局率=92.0% 强力进攻(全局倾向 x2.55)
2026-03-06 07:44:42,945 - INFO -   AI2(强): ε 0.010→0.009, lr 0.010→0.010, 攻击权 0.95→0.95, 防守权 0.05→0.05, 进攻启发 0.0100→0.0100, 防守启发 0.0001→0.0001
2026-03-06 07:44:42,945 - INFO -   AI2(强): ε 0.010→0.009, lr 0.010→0.010, 攻击权 0.95→0.95, 防守权 0.05→0.05, 进攻启发 0.0100→0.0100, 防守启发 0.0001→0.0001
2026-03-06 07:44:42,945 - INFO -   AI1(弱): ε 0.157→0.204, lr 0.300→0.300, 攻击权 0.95→0.95, 防守权 0.05→0.05, 进攻启发 0.0100→0.0100, 防守启发 0.0001→0.0001
2026-03-06 07:44:42,945 - INFO -   AI1(弱): ε 0.157→0.204, lr 0.300→0.300, 攻击权 0.95→0.95, 防守权 0.05→0.05, 进攻启发 0.0100→0.0100, 防守启发 0.0001→0.0001
2026-03-06 07:50:06,795 - INFO - 
==================================================
2026-03-06 07:50:06,795 - INFO - 
==================================================
2026-03-06 07:50:06,795 - INFO - 第 5000/20000 局 (25.0%)
2026-03-06 07:50:06,795 - INFO - 第 5000/20000 局 (25.0%)
2026-03-06 07:50:06,796 - INFO - 速度: 0.1局/秒, 已用: 966.2分钟
2026-03-06 07:50:06,796 - INFO - 速度: 0.1局/秒, 已用: 966.2分钟
2026-03-06 07:50:06,796 - INFO - 总战绩: AI1 202胜, AI2 627胜, 平局 4171
2026-03-06 07:50:06,796 - INFO - 总战绩: AI1 202胜, AI2 627胜, 平局 4171
2026-03-06 07:50:06,796 - INFO - 近期100局: AI1 4.0%, AI2 5.0%, 平局 91.0%
2026-03-06 07:50:06,796 - INFO - 近期100局: AI1 4.0%, AI2 5.0%, 平局 91.0%
2026-03-06 07:50:06,796 - INFO - 胜率差距: 1.0%
2026-03-06 07:50:06,796 - INFO - 胜率差距: 1.0%
2026-03-06 07:50:06,796 - INFO - 防守统计: 总74719次, 平均14.94次/局
2026-03-06 07:50:06,796 - INFO - 防守统计: 总74719次, 平均14.94次/局
2026-03-06 07:50:06,796 - INFO - 参数: AI1 ε=0.190, lr=0.300
2026-03-06 07:50:06,796 - INFO - 参数: AI1 ε=0.190, lr=0.300
2026-03-06 07:50:06,796 - INFO -        AI2 ε=0.010, lr=0.010
2026-03-06 07:50:06,796 - INFO -        AI2 ε=0.010, lr=0.010
2026-03-06 07:50:06,796 - INFO - ==================================================
2026-03-06 07:50:06,796 - INFO - ==================================================
2026-03-06 07:50:06,796 - INFO - 
📊 第 5000 局检查点 速度:0.1局/秒
2026-03-06 07:50:06,796 - INFO - 
📊 第 5000 局检查点 速度:0.1局/秒
2026-03-06 07:50:06,796 - INFO -   战绩: AI1 202胜 AI2 627胜 平局 4171
2026-03-06 07:50:06,796 - INFO -   战绩: AI1 202胜 AI2 627胜 平局 4171
2026-03-06 07:50:06,797 - INFO -   胜率: AI1 4.0% AI2 12.5% 平局 83.4%
2026-03-06 07:50:06,797 - INFO -   胜率: AI1 4.0% AI2 12.5% 平局 83.4%
2026-03-06 07:50:06,797 - INFO -   差距:8.5% 防守:74719次
2026-03-06 07:50:06,797 - INFO -   差距:8.5% 防守:74719次
2026-03-06 07:50:09,174 - INFO -   统计图已保存: stats_ep5000.png
2026-03-06 07:50:09,174 - INFO -   统计图已保存: stats_ep5000.png
2026-03-06 07:57:25,196 - INFO - 📈 全局进攻倾向提升至 3.00
2026-03-06 07:57:25,196 - INFO - 📈 全局进攻倾向提升至 3.00
2026-03-06 07:57:25,196 - INFO - 
⚖️ 平衡调整 #72: 差距<10% (拉开) 差距=8.0% 平局率=88.0% 强力进攻(全局倾向 x3.00)
2026-03-06 07:57:25,196 - INFO - 
⚖️ 平衡调整 #72: 差距<10% (拉开) 差距=8.0% 平局率=88.0% 强力进攻(全局倾向 x3.00)
2026-03-06 07:57:25,197 - INFO -   AI2(强): ε 0.010→0.009, lr 0.010→0.010, 攻击权 0.95→0.95, 防守权 0.05→0.05, 进攻启发 0.0100→0.0100, 防守启发 0.0001→0.0001
2026-03-06 07:57:25,197 - INFO -   AI2(强): ε 0.010→0.009, lr 0.010→0.010, 攻击权 0.95→0.95, 防守权 0.05→0.05, 进攻启发 0.0100→0.0100, 防守启发 0.0001→0.0001
2026-03-06 07:57:25,197 - INFO -   AI1(弱): ε 0.174→0.226, lr 0.300→0.300, 攻击权 0.95→0.95, 防守权 0.05→0.05, 进攻启发 0.0100→0.0100, 防守启发 0.0001→0.0001
2026-03-06 07:57:25,197 - INFO -   AI1(弱): ε 0.174→0.226, lr 0.300→0.300, 攻击权 0.95→0.95, 防守权 0.05→0.05, 进攻启发 0.0100→0.0100, 防守启发 0.0001→0.0001
2026-03-06 08:10:25,077 - INFO - 
⚖️ 平衡调整 #73: 差距<10% (拉开) 差距=9.0% 平局率=91.0% 强力进攻(全局倾向 x2.97)
2026-03-06 08:10:25,077 - INFO - 
⚖️ 平衡调整 #73: 差距<10% (拉开) 差距=9.0% 平局率=91.0% 强力进攻(全局倾向 x2.97)
2026-03-06 08:10:25,078 - INFO -   AI2(强): ε 0.010→0.009, lr 0.010→0.010, 攻击权 0.95→0.95, 防守权 0.05→0.05, 进攻启发 0.0100→0.0100, 防守启发 0.0001→0.0001
2026-03-06 08:10:25,078 - INFO -   AI2(强): ε 0.010→0.009, lr 0.010→0.010, 攻击权 0.95→0.95, 防守权 0.05→0.05, 进攻启发 0.0100→0.0100, 防守启发 0.0001→0.0001
2026-03-06 08:10:25,078 - INFO -   AI1(弱): ε 0.190→0.248, lr 0.300→0.300, 攻击权 0.95→0.95, 防守权 0.05→0.05, 进攻启发 0.0100→0.0100, 防守启发 0.0001→0.0001
2026-03-06 08:10:25,078 - INFO -   AI1(弱): ε 0.190→0.248, lr 0.300→0.300, 攻击权 0.95→0.95, 防守权 0.05→0.05, 进攻启发 0.0100→0.0100, 防守启发 0.0001→0.0001
2026-03-06 08:23:12,225 - INFO - 
⚖️ 平衡调整 #74: 微调 差距=10.0% 平局率=90.0% 强力进攻(全局倾向 x2.94)
2026-03-06 08:23:12,225 - INFO - 
⚖️ 平衡调整 #74: 微调 差距=10.0% 平局率=90.0% 强力进攻(全局倾向 x2.94)
2026-03-06 08:23:12,225 - INFO -   AI2(强): ε 0.010→0.010, lr 0.010→0.010, 攻击权 0.95→0.95, 防守权 0.05→0.05, 进攻启发 0.0100→0.0100, 防守启发 0.0001→0.0001
2026-03-06 08:23:12,225 - INFO -   AI2(强): ε 0.010→0.010, lr 0.010→0.010, 攻击权 0.95→0.95, 防守权 0.05→0.05, 进攻启发 0.0100→0.0100, 防守启发 0.0001→0.0001
2026-03-06 08:23:12,225 - INFO -   AI1(弱): ε 0.211→0.211, lr 0.300→0.300, 攻击权 0.95→0.95, 防守权 0.05→0.05, 进攻启发 0.0100→0.0100, 防守启发 0.0001→0.0001
2026-03-06 08:23:12,225 - INFO -   AI1(弱): ε 0.211→0.211, lr 0.300→0.300, 攻击权 0.95→0.95, 防守权 0.05→0.05, 进攻启发 0.0100→0.0100, 防守启发 0.0001→0.0001
2026-03-06 08:35:49,089 - INFO - 
⚖️ 平衡调整 #75: 微调 差距=14.0% 平局率=82.0% 强力进攻(全局倾向 x2.91)
2026-03-06 08:35:49,089 - INFO - 
⚖️ 平衡调整 #75: 微调 差距=14.0% 平局率=82.0% 强力进攻(全局倾向 x2.91)
2026-03-06 08:35:49,090 - INFO -   AI2(强): ε 0.010→0.010, lr 0.010→0.010, 攻击权 0.95→0.95, 防守权 0.05→0.05, 进攻启发 0.0100→0.0100, 防守启发 0.0001→0.0001
2026-03-06 08:35:49,090 - INFO -   AI2(强): ε 0.010→0.010, lr 0.010→0.010, 攻击权 0.95→0.95, 防守权 0.05→0.05, 进攻启发 0.0100→0.0100, 防守启发 0.0001→0.0001
2026-03-06 08:35:49,090 - INFO -   AI1(弱): ε 0.179→0.179, lr 0.300→0.300, 攻击权 0.95→0.95, 防守权 0.05→0.05, 进攻启发 0.0100→0.0100, 防守启发 0.0001→0.0001
2026-03-06 08:35:49,090 - INFO -   AI1(弱): ε 0.179→0.179, lr 0.300→0.300, 攻击权 0.95→0.95, 防守权 0.05→0.05, 进攻启发 0.0100→0.0100, 防守启发 0.0001→0.0001
2026-03-06 08:48:15,515 - INFO - 
⚖️ 平衡调整 #76: 微调 差距=12.0% 平局率=84.0% 强力进攻(全局倾向 x2.88)
2026-03-06 08:48:15,515 - INFO - 
⚖️ 平衡调整 #76: 微调 差距=12.0% 平局率=84.0% 强力进攻(全局倾向 x2.88)
2026-03-06 08:48:15,516 - INFO -   AI2(强): ε 0.010→0.010, lr 0.010→0.010, 攻击权 0.95→0.95, 防守权 0.05→0.05, 进攻启发 0.0100→0.0100, 防守启发 0.0001→0.0001
2026-03-06 08:48:15,516 - INFO -   AI2(强): ε 0.010→0.010, lr 0.010→0.010, 攻击权 0.95→0.95, 防守权 0.05→0.05, 进攻启发 0.0100→0.0100, 防守启发 0.0001→0.0001
2026-03-06 08:48:15,516 - INFO -   AI1(弱): ε 0.154→0.154, lr 0.300→0.300, 攻击权 0.95→0.95, 防守权 0.05→0.05, 进攻启发 0.0100→0.0100, 防守启发 0.0001→0.0001
2026-03-06 08:48:15,516 - INFO -   AI1(弱): ε 0.154→0.154, lr 0.300→0.300, 攻击权 0.95→0.95, 防守权 0.05→0.05, 进攻启发 0.0100→0.0100, 防守启发 0.0001→0.0001
2026-03-06 09:01:18,817 - INFO - 📈 全局进攻倾向提升至 3.00
2026-03-06 09:01:18,817 - INFO - 📈 全局进攻倾向提升至 3.00
2026-03-06 09:01:18,817 - INFO - 
⚖️ 平衡调整 #77: 差距<10% (拉开) 差距=3.0% 平局率=95.0% 强力进攻(全局倾向 x3.00)
2026-03-06 09:01:18,817 - INFO - 
⚖️ 平衡调整 #77: 差距<10% (拉开) 差距=3.0% 平局率=95.0% 强力进攻(全局倾向 x3.00)
2026-03-06 09:01:18,817 - INFO -   AI2(强): ε 0.010→0.009, lr 0.010→0.010, 攻击权 0.95→0.95, 防守权 0.05→0.05, 进攻启发 0.0100→0.0100, 防守启发 0.0001→0.0001
2026-03-06 09:01:18,817 - INFO -   AI2(强): ε 0.010→0.009, lr 0.010→0.010, 攻击权 0.95→0.95, 防守权 0.05→0.05, 进攻启发 0.0100→0.0100, 防守启发 0.0001→0.0001
2026-03-06 09:01:18,818 - INFO -   AI1(弱): ε 0.128→0.167, lr 0.300→0.300, 攻击权 0.95→0.95, 防守权 0.05→0.05, 进攻启发 0.0100→0.0100, 防守启发 0.0001→0.0001
2026-03-06 09:01:18,818 - INFO -   AI1(弱): ε 0.128→0.167, lr 0.300→0.300, 攻击权 0.95→0.95, 防守权 0.05→0.05, 进攻启发 0.0100→0.0100, 防守启发 0.0001→0.0001
2026-03-06 09:14:06,976 - INFO - 
⚖️ 平衡调整 #78: 差距<10% (拉开) 差距=9.0% 平局率=87.0% 强力进攻(全局倾向 x2.97)
2026-03-06 09:14:06,976 - INFO - 
⚖️ 平衡调整 #78: 差距<10% (拉开) 差距=9.0% 平局率=87.0% 强力进攻(全局倾向 x2.97)
2026-03-06 09:14:06,976 - INFO -   AI2(强): ε 0.010→0.009, lr 0.010→0.010, 攻击权 0.95→0.95, 防守权 0.05→0.05, 进攻启发 0.0100→0.0100, 防守启发 0.0001→0.0001
2026-03-06 09:14:06,976 - INFO -   AI2(强): ε 0.010→0.009, lr 0.010→0.010, 攻击权 0.95→0.95, 防守权 0.05→0.05, 进攻启发 0.0100→0.0100, 防守启发 0.0001→0.0001
2026-03-06 09:14:06,977 - INFO -   AI1(弱): ε 0.144→0.188, lr 0.300→0.300, 攻击权 0.95→0.95, 防守权 0.05→0.05, 进攻启发 0.0100→0.0100, 防守启发 0.0001→0.0001
2026-03-06 09:14:06,977 - INFO -   AI1(弱): ε 0.144→0.188, lr 0.300→0.300, 攻击权 0.95→0.95, 防守权 0.05→0.05, 进攻启发 0.0100→0.0100, 防守启发 0.0001→0.0001
2026-03-06 09:21:12,736 - INFO - 
==================================================
2026-03-06 09:21:12,736 - INFO - 
==================================================
2026-03-06 09:21:12,736 - INFO - 第 5500/20000 局 (27.5%)
2026-03-06 09:21:12,736 - INFO - 第 5500/20000 局 (27.5%)
2026-03-06 09:21:12,736 - INFO - 速度: 0.1局/秒, 已用: 1057.3分钟
2026-03-06 09:21:12,736 - INFO - 速度: 0.1局/秒, 已用: 1057.3分钟
2026-03-06 09:21:12,736 - INFO - 总战绩: AI1 210胜, AI2 685胜, 平局 4605
2026-03-06 09:21:12,736 - INFO - 总战绩: AI1 210胜, AI2 685胜, 平局 4605
2026-03-06 09:21:12,737 - INFO - 近期100局: AI1 3.0%, AI2 13.0%, 平局 84.0%
2026-03-06 09:21:12,737 - INFO - 近期100局: AI1 3.0%, AI2 13.0%, 平局 84.0%
2026-03-06 09:21:12,737 - INFO - 胜率差距: 10.0%
2026-03-06 09:21:12,737 - INFO - 胜率差距: 10.0%
2026-03-06 09:21:12,737 - INFO - 防守统计: 总81815次, 平均14.88次/局
2026-03-06 09:21:12,737 - INFO - 防守统计: 总81815次, 平均14.88次/局
2026-03-06 09:21:12,737 - INFO - 参数: AI1 ε=0.173, lr=0.300
2026-03-06 09:21:12,737 - INFO - 参数: AI1 ε=0.173, lr=0.300
2026-03-06 09:21:12,737 - INFO -        AI2 ε=0.010, lr=0.010
2026-03-06 09:21:12,737 - INFO -        AI2 ε=0.010, lr=0.010
2026-03-06 09:21:12,737 - INFO - ==================================================
2026-03-06 09:21:12,737 - INFO - ==================================================
2026-03-06 09:26:54,269 - INFO - 
⚖️ 平衡调整 #79: 差距<10% (拉开) 差距=6.0% 平局率=84.0% 强力进攻(全局倾向 x2.94)
2026-03-06 09:26:54,269 - INFO - 
⚖️ 平衡调整 #79: 差距<10% (拉开) 差距=6.0% 平局率=84.0% 强力进攻(全局倾向 x2.94)
2026-03-06 09:26:54,270 - INFO -   AI2(强): ε 0.010→0.009, lr 0.010→0.010, 攻击权 0.95→0.95, 防守权 0.05→0.05, 进攻启发 0.0100→0.0100, 防守启发 0.0001→0.0001
2026-03-06 09:26:54,270 - INFO -   AI2(强): ε 0.010→0.009, lr 0.010→0.010, 攻击权 0.95→0.95, 防守权 0.05→0.05, 进攻启发 0.0100→0.0100, 防守启发 0.0001→0.0001
2026-03-06 09:26:54,270 - INFO -   AI1(弱): ε 0.161→0.210, lr 0.300→0.300, 攻击权 0.95→0.95, 防守权 0.05→0.05, 进攻启发 0.0100→0.0100, 防守启发 0.0001→0.0001
2026-03-06 09:26:54,270 - INFO -   AI1(弱): ε 0.161→0.210, lr 0.300→0.300, 攻击权 0.95→0.95, 防守权 0.05→0.05, 进攻启发 0.0100→0.0100, 防守启发 0.0001→0.0001
2026-03-06 09:39:38,460 - INFO - 
⚖️ 平衡调整 #80: 差距<10% (拉开) 差距=6.0% 平局率=88.0% 强力进攻(全局倾向 x2.91)
2026-03-06 09:39:38,460 - INFO - 
⚖️ 平衡调整 #80: 差距<10% (拉开) 差距=6.0% 平局率=88.0% 强力进攻(全局倾向 x2.91)
2026-03-06 09:39:38,460 - INFO -   AI2(强): ε 0.010→0.009, lr 0.010→0.010, 攻击权 0.95→0.95, 防守权 0.05→0.05, 进攻启发 0.0100→0.0100, 防守启发 0.0001→0.0001
2026-03-06 09:39:38,460 - INFO -   AI2(强): ε 0.010→0.009, lr 0.010→0.010, 攻击权 0.95→0.95, 防守权 0.05→0.05, 进攻启发 0.0100→0.0100, 防守启发 0.0001→0.0001
2026-03-06 09:39:38,460 - INFO -   AI1(弱): ε 0.180→0.234, lr 0.300→0.300, 攻击权 0.95→0.95, 防守权 0.05→0.05, 进攻启发 0.0100→0.0100, 防守启发 0.0001→0.0001
2026-03-06 09:39:38,460 - INFO -   AI1(弱): ε 0.180→0.234, lr 0.300→0.300, 攻击权 0.95→0.95, 防守权 0.05→0.05, 进攻启发 0.0100→0.0100, 防守启发 0.0001→0.0001
2026-03-06 09:52:29,090 - INFO - 
⚖️ 平衡调整 #81: 差距<10% (拉开) 差距=7.0% 平局率=87.0% 强力进攻(全局倾向 x2.88)
2026-03-06 09:52:29,090 - INFO - 
⚖️ 平衡调整 #81: 差距<10% (拉开) 差距=7.0% 平局率=87.0% 强力进攻(全局倾向 x2.88)
2026-03-06 09:52:29,090 - INFO -   AI2(强): ε 0.010→0.009, lr 0.010→0.010, 攻击权 0.95→0.95, 防守权 0.05→0.05, 进攻启发 0.0100→0.0100, 防守启发 0.0001→0.0001
2026-03-06 09:52:29,090 - INFO -   AI2(强): ε 0.010→0.009, lr 0.010→0.010, 攻击权 0.95→0.95, 防守权 0.05→0.05, 进攻启发 0.0100→0.0100, 防守启发 0.0001→0.0001
2026-03-06 09:52:29,090 - INFO -   AI1(弱): ε 0.197→0.256, lr 0.300→0.300, 攻击权 0.95→0.95, 防守权 0.05→0.05, 进攻启发 0.0100→0.0100, 防守启发 0.0001→0.0001
2026-03-06 09:52:29,090 - INFO -   AI1(弱): ε 0.197→0.256, lr 0.300→0.300, 攻击权 0.95→0.95, 防守权 0.05→0.05, 进攻启发 0.0100→0.0100, 防守启发 0.0001→0.0001
2026-03-06 10:05:16,244 - INFO - 📈 全局进攻倾向提升至 3.00
2026-03-06 10:05:16,244 - INFO - 📈 全局进攻倾向提升至 3.00
2026-03-06 10:05:16,245 - INFO - 
⚖️ 平衡调整 #82: 差距<10% (拉开) 差距=6.0% 平局率=86.0% 强力进攻(全局倾向 x3.00)
2026-03-06 10:05:16,245 - INFO - 
⚖️ 平衡调整 #82: 差距<10% (拉开) 差距=6.0% 平局率=86.0% 强力进攻(全局倾向 x3.00)
2026-03-06 10:05:16,245 - INFO -   AI2(强): ε 0.010→0.009, lr 0.010→0.010, 攻击权 0.95→0.95, 防守权 0.05→0.05, 进攻启发 0.0100→0.0100, 防守启发 0.0001→0.0001
2026-03-06 10:05:16,245 - INFO -   AI2(强): ε 0.010→0.009, lr 0.010→0.010, 攻击权 0.95→0.95, 防守权 0.05→0.05, 进攻启发 0.0100→0.0100, 防守启发 0.0001→0.0001
2026-03-06 10:05:16,245 - INFO -   AI1(弱): ε 0.218→0.284, lr 0.300→0.300, 攻击权 0.95→0.95, 防守权 0.05→0.05, 进攻启发 0.0100→0.0100, 防守启发 0.0001→0.0001
2026-03-06 10:05:16,245 - INFO -   AI1(弱): ε 0.218→0.284, lr 0.300→0.300, 攻击权 0.95→0.95, 防守权 0.05→0.05, 进攻启发 0.0100→0.0100, 防守启发 0.0001→0.0001
2026-03-06 10:17:37,204 - INFO - 
⚖️ 平衡调整 #83: 微调 差距=13.0% 平局率=81.0% 强力进攻(全局倾向 x2.97)
2026-03-06 10:17:37,204 - INFO - 
⚖️ 平衡调整 #83: 微调 差距=13.0% 平局率=81.0% 强力进攻(全局倾向 x2.97)
2026-03-06 10:17:37,205 - INFO -   AI2(强): ε 0.010→0.010, lr 0.010→0.010, 攻击权 0.95→0.95, 防守权 0.05→0.05, 进攻启发 0.0100→0.0100, 防守启发 0.0001→0.0001
2026-03-06 10:17:37,205 - INFO -   AI2(强): ε 0.010→0.010, lr 0.010→0.010, 攻击权 0.95→0.95, 防守权 0.05→0.05, 进攻启发 0.0100→0.0100, 防守启发 0.0001→0.0001
2026-03-06 10:17:37,205 - INFO -   AI1(弱): ε 0.244→0.244, lr 0.300→0.300, 攻击权 0.95→0.95, 防守权 0.05→0.05, 进攻启发 0.0100→0.0100, 防守启发 0.0001→0.0001
2026-03-06 10:17:37,205 - INFO -   AI1(弱): ε 0.244→0.244, lr 0.300→0.300, 攻击权 0.95→0.95, 防守权 0.05→0.05, 进攻启发 0.0100→0.0100, 防守启发 0.0001→0.0001
2026-03-06 10:30:36,190 - INFO - 
⚖️ 平衡调整 #84: 差距<10% (拉开) 差距=9.0% 平局率=87.0% 强力进攻(全局倾向 x2.94)
2026-03-06 10:30:36,190 - INFO - 
⚖️ 平衡调整 #84: 差距<10% (拉开) 差距=9.0% 平局率=87.0% 强力进攻(全局倾向 x2.94)
2026-03-06 10:30:36,190 - INFO -   AI2(强): ε 0.010→0.009, lr 0.010→0.010, 攻击权 0.95→0.95, 防守权 0.05→0.05, 进攻启发 0.0100→0.0100, 防守启发 0.0001→0.0001
2026-03-06 10:30:36,190 - INFO -   AI2(强): ε 0.010→0.009, lr 0.010→0.010, 攻击权 0.95→0.95, 防守权 0.05→0.05, 进攻启发 0.0100→0.0100, 防守启发 0.0001→0.0001
2026-03-06 10:30:36,190 - INFO -   AI1(弱): ε 0.208→0.270, lr 0.300→0.300, 攻击权 0.95→0.95, 防守权 0.05→0.05, 进攻启发 0.0100→0.0100, 防守启发 0.0001→0.0001
2026-03-06 10:30:36,190 - INFO -   AI1(弱): ε 0.208→0.270, lr 0.300→0.300, 攻击权 0.95→0.95, 防守权 0.05→0.05, 进攻启发 0.0100→0.0100, 防守启发 0.0001→0.0001
2026-03-06 10:43:24,024 - INFO - 
⚖️ 平衡调整 #85: 差距<10% (拉开) 差距=6.0% 平局率=88.0% 强力进攻(全局倾向 x2.91)
2026-03-06 10:43:24,024 - INFO - 
⚖️ 平衡调整 #85: 差距<10% (拉开) 差距=6.0% 平局率=88.0% 强力进攻(全局倾向 x2.91)
2026-03-06 10:43:24,025 - INFO -   AI2(强): ε 0.010→0.009, lr 0.010→0.010, 攻击权 0.95→0.95, 防守权 0.05→0.05, 进攻启发 0.0100→0.0100, 防守启发 0.0001→0.0001
2026-03-06 10:43:24,025 - INFO -   AI2(强): ε 0.010→0.009, lr 0.010→0.010, 攻击权 0.95→0.95, 防守权 0.05→0.05, 进攻启发 0.0100→0.0100, 防守启发 0.0001→0.0001
2026-03-06 10:43:24,025 - INFO -   AI1(弱): ε 0.228→0.296, lr 0.300→0.300, 攻击权 0.95→0.95, 防守权 0.05→0.05, 进攻启发 0.0100→0.0100, 防守启发 0.0001→0.0001
2026-03-06 10:43:24,025 - INFO -   AI1(弱): ε 0.228→0.296, lr 0.300→0.300, 攻击权 0.95→0.95, 防守权 0.05→0.05, 进攻启发 0.0100→0.0100, 防守启发 0.0001→0.0001
2026-03-06 10:52:24,617 - INFO - 
==================================================
2026-03-06 10:52:24,617 - INFO - 
==================================================
2026-03-06 10:52:24,618 - INFO - 第 6000/20000 局 (30.0%)
2026-03-06 10:52:24,618 - INFO - 第 6000/20000 局 (30.0%)
2026-03-06 10:52:24,618 - INFO - 速度: 0.1局/秒, 已用: 1148.5分钟
2026-03-06 10:52:24,618 - INFO - 速度: 0.1局/秒, 已用: 1148.5分钟
2026-03-06 10:52:24,618 - INFO - 总战绩: AI1 225胜, AI2 737胜, 平局 5038
2026-03-06 10:52:24,618 - INFO - 总战绩: AI1 225胜, AI2 737胜, 平局 5038
2026-03-06 10:52:24,618 - INFO - 近期100局: AI1 2.0%, AI2 9.0%, 平局 89.0%
2026-03-06 10:52:24,618 - INFO - 近期100局: AI1 2.0%, AI2 9.0%, 平局 89.0%
2026-03-06 10:52:24,618 - INFO - 胜率差距: 7.0%
2026-03-06 10:52:24,618 - INFO - 胜率差距: 7.0%
2026-03-06 10:52:24,618 - INFO - 防守统计: 总89245次, 平均14.87次/局
2026-03-06 10:52:24,618 - INFO - 防守统计: 总89245次, 平均14.87次/局
2026-03-06 10:52:24,618 - INFO - 参数: AI1 ε=0.264, lr=0.300
2026-03-06 10:52:24,618 - INFO - 参数: AI1 ε=0.264, lr=0.300
2026-03-06 10:52:24,618 - INFO -        AI2 ε=0.010, lr=0.010
2026-03-06 10:52:24,618 - INFO -        AI2 ε=0.010, lr=0.010
2026-03-06 10:52:24,618 - INFO - ==================================================
2026-03-06 10:52:24,618 - INFO - ==================================================
2026-03-06 10:56:25,924 - INFO - 
⚖️ 平衡调整 #86: 差距<10% (拉开) 差距=7.0% 平局率=89.0% 强力进攻(全局倾向 x2.88)
2026-03-06 10:56:25,924 - INFO - 
⚖️ 平衡调整 #86: 差距<10% (拉开) 差距=7.0% 平局率=89.0% 强力进攻(全局倾向 x2.88)
2026-03-06 10:56:25,924 - INFO -   AI2(强): ε 0.010→0.009, lr 0.010→0.010, 攻击权 0.95→0.95, 防守权 0.05→0.05, 进攻启发 0.0100→0.0100, 防守启发 0.0001→0.0001
2026-03-06 10:56:25,924 - INFO -   AI2(强): ε 0.010→0.009, lr 0.010→0.010, 攻击权 0.95→0.95, 防守权 0.05→0.05, 进攻启发 0.0100→0.0100, 防守启发 0.0001→0.0001
2026-03-06 10:56:25,924 - INFO -   AI1(弱): ε 0.250→0.325, lr 0.300→0.300, 攻击权 0.95→0.95, 防守权 0.05→0.05, 进攻启发 0.0100→0.0100, 防守启发 0.0001→0.0001
2026-03-06 10:56:25,924 - INFO -   AI1(弱): ε 0.250→0.325, lr 0.300→0.300, 攻击权 0.95→0.95, 防守权 0.05→0.05, 进攻启发 0.0100→0.0100, 防守启发 0.0001→0.0001
2026-03-06 11:10:04,562 - INFO - 
⚖️ 平衡调整 #87: 微调 差距=14.0% 平局率=78.0% 中等进攻
2026-03-06 11:10:04,562 - INFO - 
⚖️ 平衡调整 #87: 微调 差距=14.0% 平局率=78.0% 中等进攻
2026-03-06 11:10:04,562 - INFO -   AI2(强): ε 0.010→0.010, lr 0.010→0.010, 攻击权 0.95→0.95, 防守权 0.05→0.05, 进攻启发 0.0100→0.0100, 防守启发 0.0001→0.0001
2026-03-06 11:10:04,562 - INFO -   AI2(强): ε 0.010→0.010, lr 0.010→0.010, 攻击权 0.95→0.95, 防守权 0.05→0.05, 进攻启发 0.0100→0.0100, 防守启发 0.0001→0.0001
2026-03-06 11:10:04,562 - INFO -   AI1(弱): ε 0.278→0.278, lr 0.300→0.280, 攻击权 0.95→0.95, 防守权 0.05→0.05, 进攻启发 0.0100→0.0100, 防守启发 0.0001→0.0001
2026-03-06 11:10:04,562 - INFO -   AI1(弱): ε 0.278→0.278, lr 0.300→0.280, 攻击权 0.95→0.95, 防守权 0.05→0.05, 进攻启发 0.0100→0.0100, 防守启发 0.0001→0.0001
2026-03-06 11:23:12,368 - INFO - 
⚖️ 平衡调整 #88: 微调 差距=12.0% 平局率=80.0% 中等进攻
2026-03-06 11:23:12,368 - INFO - 
⚖️ 平衡调整 #88: 微调 差距=12.0% 平局率=80.0% 中等进攻
2026-03-06 11:23:12,368 - INFO -   AI2(强): ε 0.010→0.010, lr 0.010→0.010, 攻击权 0.95→0.95, 防守权 0.05→0.05, 进攻启发 0.0100→0.0100, 防守启发 0.0001→0.0001
2026-03-06 11:23:12,368 - INFO -   AI2(强): ε 0.010→0.010, lr 0.010→0.010, 攻击权 0.95→0.95, 防守权 0.05→0.05, 进攻启发 0.0100→0.0100, 防守启发 0.0001→0.0001
2026-03-06 11:23:12,368 - INFO -   AI1(弱): ε 0.238→0.238, lr 0.280→0.280, 攻击权 0.95→0.95, 防守权 0.05→0.05, 进攻启发 0.0100→0.0100, 防守启发 0.0001→0.0001
2026-03-06 11:23:12,368 - INFO -   AI1(弱): ε 0.238→0.238, lr 0.280→0.280, 攻击权 0.95→0.95, 防守权 0.05→0.05, 进攻启发 0.0100→0.0100, 防守启发 0.0001→0.0001
2026-03-06 11:35:58,978 - INFO - 
⚖️ 平衡调整 #89: 微调 差距=11.0% 平局率=83.0% 强力进攻(全局倾向 x2.80)
2026-03-06 11:35:58,978 - INFO - 
⚖️ 平衡调整 #89: 微调 差距=11.0% 平局率=83.0% 强力进攻(全局倾向 x2.80)
2026-03-06 11:35:58,979 - INFO -   AI2(强): ε 0.010→0.010, lr 0.010→0.010, 攻击权 0.95→0.95, 防守权 0.05→0.05, 进攻启发 0.0100→0.0100, 防守启发 0.0001→0.0001
2026-03-06 11:35:58,979 - INFO -   AI2(强): ε 0.010→0.010, lr 0.010→0.010, 攻击权 0.95→0.95, 防守权 0.05→0.05, 进攻启发 0.0100→0.0100, 防守启发 0.0001→0.0001
2026-03-06 11:35:58,979 - INFO -   AI1(弱): ε 0.203→0.203, lr 0.280→0.300, 攻击权 0.95→0.95, 防守权 0.05→0.05, 进攻启发 0.0100→0.0100, 防守启发 0.0001→0.0001
2026-03-06 11:35:58,979 - INFO -   AI1(弱): ε 0.203→0.203, lr 0.280→0.300, 攻击权 0.95→0.95, 防守权 0.05→0.05, 进攻启发 0.0100→0.0100, 防守启发 0.0001→0.0001
2026-03-06 11:48:21,849 - INFO - 
⚖️ 平衡调整 #90: 微调 差距=12.0% 平局率=82.0% 强力进攻(全局倾向 x2.77)
2026-03-06 11:48:21,849 - INFO - 
⚖️ 平衡调整 #90: 微调 差距=12.0% 平局率=82.0% 强力进攻(全局倾向 x2.77)
2026-03-06 11:48:21,850 - INFO -   AI2(强): ε 0.010→0.010, lr 0.010→0.010, 攻击权 0.95→0.95, 防守权 0.05→0.05, 进攻启发 0.0100→0.0100, 防守启发 0.0001→0.0001
2026-03-06 11:48:21,850 - INFO -   AI2(强): ε 0.010→0.010, lr 0.010→0.010, 攻击权 0.95→0.95, 防守权 0.05→0.05, 进攻启发 0.0100→0.0100, 防守启发 0.0001→0.0001
2026-03-06 11:48:21,850 - INFO -   AI1(弱): ε 0.174→0.174, lr 0.300→0.300, 攻击权 0.95→0.95, 防守权 0.05→0.05, 进攻启发 0.0100→0.0100, 防守启发 0.0001→0.0001
2026-03-06 11:48:21,850 - INFO -   AI1(弱): ε 0.174→0.174, lr 0.300→0.300, 攻击权 0.95→0.95, 防守权 0.05→0.05, 进攻启发 0.0100→0.0100, 防守启发 0.0001→0.0001
2026-03-06 12:01:00,601 - INFO - 
⚖️ 平衡调整 #91: 差距<10% (拉开) 差距=7.0% 平局率=85.0% 强力进攻(全局倾向 x2.74)
2026-03-06 12:01:00,601 - INFO - 
⚖️ 平衡调整 #91: 差距<10% (拉开) 差距=7.0% 平局率=85.0% 强力进攻(全局倾向 x2.74)
2026-03-06 12:01:00,601 - INFO -   AI2(强): ε 0.010→0.009, lr 0.010→0.010, 攻击权 0.95→0.95, 防守权 0.05→0.05, 进攻启发 0.0100→0.0100, 防守启发 0.0001→0.0001
2026-03-06 12:01:00,601 - INFO -   AI2(强): ε 0.010→0.009, lr 0.010→0.010, 攻击权 0.95→0.95, 防守权 0.05→0.05, 进攻启发 0.0100→0.0100, 防守启发 0.0001→0.0001
2026-03-06 12:01:00,601 - INFO -   AI1(弱): ε 0.148→0.192, lr 0.300→0.300, 攻击权 0.95→0.95, 防守权 0.05→0.05, 进攻启发 0.0100→0.0100, 防守启发 0.0001→0.0001
2026-03-06 12:01:00,601 - INFO -   AI1(弱): ε 0.148→0.192, lr 0.300→0.300, 攻击权 0.95→0.95, 防守权 0.05→0.05, 进攻启发 0.0100→0.0100, 防守启发 0.0001→0.0001
2026-03-06 12:13:51,200 - INFO - 
⚖️ 平衡调整 #92: 差距<10% (拉开) 差距=9.0% 平局率=87.0% 强力进攻(全局倾向 x2.71)
2026-03-06 12:13:51,200 - INFO - 
⚖️ 平衡调整 #92: 差距<10% (拉开) 差距=9.0% 平局率=87.0% 强力进攻(全局倾向 x2.71)
2026-03-06 12:13:51,201 - INFO -   AI2(强): ε 0.010→0.009, lr 0.010→0.010, 攻击权 0.95→0.95, 防守权 0.05→0.05, 进攻启发 0.0100→0.0100, 防守启发 0.0001→0.0001
2026-03-06 12:13:51,201 - INFO -   AI2(强): ε 0.010→0.009, lr 0.010→0.010, 攻击权 0.95→0.95, 防守权 0.05→0.05, 进攻启发 0.0100→0.0100, 防守启发 0.0001→0.0001
2026-03-06 12:13:51,201 - INFO -   AI1(弱): ε 0.162→0.211, lr 0.300→0.300, 攻击权 0.95→0.95, 防守权 0.05→0.05, 进攻启发 0.0100→0.0100, 防守启发 0.0001→0.0001
2026-03-06 12:13:51,201 - INFO -   AI1(弱): ε 0.162→0.211, lr 0.300→0.300, 攻击权 0.95→0.95, 防守权 0.05→0.05, 进攻启发 0.0100→0.0100, 防守启发 0.0001→0.0001
2026-03-06 12:25:25,471 - INFO - 
==================================================
2026-03-06 12:25:25,471 - INFO - 
==================================================
2026-03-06 12:25:25,471 - INFO - 第 6500/20000 局 (32.5%)
2026-03-06 12:25:25,471 - INFO - 第 6500/20000 局 (32.5%)
2026-03-06 12:25:25,471 - INFO - 速度: 0.1局/秒, 已用: 1241.5分钟
2026-03-06 12:25:25,471 - INFO - 速度: 0.1局/秒, 已用: 1241.5分钟
2026-03-06 12:25:25,471 - INFO - 总战绩: AI1 243胜, AI2 800胜, 平局 5457
2026-03-06 12:25:25,471 - INFO - 总战绩: AI1 243胜, AI2 800胜, 平局 5457
2026-03-06 12:25:25,472 - INFO - 近期100局: AI1 3.0%, AI2 6.0%, 平局 91.0%
2026-03-06 12:25:25,472 - INFO - 近期100局: AI1 3.0%, AI2 6.0%, 平局 91.0%
2026-03-06 12:25:25,472 - INFO - 胜率差距: 3.0%
2026-03-06 12:25:25,472 - INFO - 胜率差距: 3.0%
2026-03-06 12:25:25,472 - INFO - 防守统计: 总96556次, 平均14.85次/局
2026-03-06 12:25:25,472 - INFO - 防守统计: 总96556次, 平均14.85次/局
2026-03-06 12:25:25,472 - INFO - 参数: AI1 ε=0.183, lr=0.300
2026-03-06 12:25:25,472 - INFO - 参数: AI1 ε=0.183, lr=0.300
2026-03-06 12:25:25,472 - INFO -        AI2 ε=0.010, lr=0.010
2026-03-06 12:25:25,472 - INFO -        AI2 ε=0.010, lr=0.010
2026-03-06 12:25:25,472 - INFO - ==================================================
2026-03-06 12:25:25,472 - INFO - ==================================================
2026-03-06 12:27:14,359 - INFO - 📈 全局进攻倾向提升至 3.00
2026-03-06 12:27:14,359 - INFO - 📈 全局进攻倾向提升至 3.00
2026-03-06 12:27:14,360 - INFO - 
⚖️ 平衡调整 #93: 差距<10% (拉开) 差距=1.0% 平局率=91.0% 强力进攻(全局倾向 x3.00)
2026-03-06 12:27:14,360 - INFO - 
⚖️ 平衡调整 #93: 差距<10% (拉开) 差距=1.0% 平局率=91.0% 强力进攻(全局倾向 x3.00)
2026-03-06 12:27:14,360 - INFO -   AI2(强): ε 0.010→0.009, lr 0.010→0.010, 攻击权 0.95→0.95, 防守权 0.05→0.05, 进攻启发 0.0100→0.0100, 防守启发 0.0001→0.0001
2026-03-06 12:27:14,360 - INFO -   AI2(强): ε 0.010→0.009, lr 0.010→0.010, 攻击权 0.95→0.95, 防守权 0.05→0.05, 进攻启发 0.0100→0.0100, 防守启发 0.0001→0.0001
2026-03-06 12:27:14,360 - INFO -   AI1(弱): ε 0.179→0.232, lr 0.300→0.300, 攻击权 0.95→0.95, 防守权 0.05→0.05, 进攻启发 0.0100→0.0100, 防守启发 0.0001→0.0001
2026-03-06 12:27:14,360 - INFO -   AI1(弱): ε 0.179→0.232, lr 0.300→0.300, 攻击权 0.95→0.95, 防守权 0.05→0.05, 进攻启发 0.0100→0.0100, 防守启发 0.0001→0.0001
2026-03-06 12:42:09,599 - INFO - 
⚖️ 平衡调整 #94: 微调 差距=13.0% 平局率=83.0% 强力进攻(全局倾向 x2.97)
2026-03-06 12:42:09,599 - INFO - 
⚖️ 平衡调整 #94: 微调 差距=13.0% 平局率=83.0% 强力进攻(全局倾向 x2.97)
2026-03-06 12:42:09,600 - INFO -   AI2(强): ε 0.010→0.010, lr 0.010→0.010, 攻击权 0.95→0.95, 防守权 0.05→0.05, 进攻启发 0.0100→0.0100, 防守启发 0.0001→0.0001
2026-03-06 12:42:09,600 - INFO -   AI2(强): ε 0.010→0.010, lr 0.010→0.010, 攻击权 0.95→0.95, 防守权 0.05→0.05, 进攻启发 0.0100→0.0100, 防守启发 0.0001→0.0001
2026-03-06 12:42:09,600 - INFO -   AI1(弱): ε 0.199→0.199, lr 0.300→0.300, 攻击权 0.95→0.95, 防守权 0.05→0.05, 进攻启发 0.0100→0.0100, 防守启发 0.0001→0.0001
2026-03-06 12:42:09,600 - INFO -   AI1(弱): ε 0.199→0.199, lr 0.300→0.300, 攻击权 0.95→0.95, 防守权 0.05→0.05, 进攻启发 0.0100→0.0100, 防守启发 0.0001→0.0001
2026-03-06 12:56:38,380 - INFO - 
⚖️ 平衡调整 #95: 差距<10% (拉开) 差距=7.0% 平局率=89.0% 强力进攻(全局倾向 x2.94)
2026-03-06 12:56:38,380 - INFO - 
⚖️ 平衡调整 #95: 差距<10% (拉开) 差距=7.0% 平局率=89.0% 强力进攻(全局倾向 x2.94)
2026-03-06 12:56:38,381 - INFO -   AI2(强): ε 0.010→0.009, lr 0.010→0.010, 攻击权 0.95→0.95, 防守权 0.05→0.05, 进攻启发 0.0100→0.0100, 防守启发 0.0001→0.0001
2026-03-06 12:56:38,381 - INFO -   AI2(强): ε 0.010→0.009, lr 0.010→0.010, 攻击权 0.95→0.95, 防守权 0.05→0.05, 进攻启发 0.0100→0.0100, 防守启发 0.0001→0.0001
2026-03-06 12:56:38,381 - INFO -   AI1(弱): ε 0.170→0.221, lr 0.300→0.300, 攻击权 0.95→0.95, 防守权 0.05→0.05, 进攻启发 0.0100→0.0100, 防守启发 0.0001→0.0001
2026-03-06 12:56:38,381 - INFO -   AI1(弱): ε 0.170→0.221, lr 0.300→0.300, 攻击权 0.95→0.95, 防守权 0.05→0.05, 进攻启发 0.0100→0.0100, 防守启发 0.0001→0.0001
2026-03-06 13:12:18,549 - INFO - 
⚖️ 平衡调整 #96: 差距<10% (拉开) 差距=6.0% 平局率=88.0% 强力进攻(全局倾向 x2.91)
2026-03-06 13:12:18,549 - INFO - 
⚖️ 平衡调整 #96: 差距<10% (拉开) 差距=6.0% 平局率=88.0% 强力进攻(全局倾向 x2.91)
2026-03-06 13:12:18,550 - INFO -   AI2(强): ε 0.010→0.009, lr 0.010→0.010, 攻击权 0.95→0.95, 防守权 0.05→0.05, 进攻启发 0.0100→0.0100, 防守启发 0.0001→0.0001
2026-03-06 13:12:18,550 - INFO -   AI2(强): ε 0.010→0.009, lr 0.010→0.010, 攻击权 0.95→0.95, 防守权 0.05→0.05, 进攻启发 0.0100→0.0100, 防守启发 0.0001→0.0001
2026-03-06 13:12:18,551 - INFO -   AI1(弱): ε 0.188→0.245, lr 0.300→0.300, 攻击权 0.95→0.95, 防守权 0.05→0.05, 进攻启发 0.0100→0.0100, 防守启发 0.0001→0.0001
2026-03-06 13:12:18,551 - INFO -   AI1(弱): ε 0.188→0.245, lr 0.300→0.300, 攻击权 0.95→0.95, 防守权 0.05→0.05, 进攻启发 0.0100→0.0100, 防守启发 0.0001→0.0001
2026-03-06 13:29:43,015 - INFO - 
⚖️ 平衡调整 #97: 差距<10% (拉开) 差距=6.0% 平局率=90.0% 强力进攻(全局倾向 x2.88)
2026-03-06 13:29:43,015 - INFO - 
⚖️ 平衡调整 #97: 差距<10% (拉开) 差距=6.0% 平局率=90.0% 强力进攻(全局倾向 x2.88)
2026-03-06 13:29:43,016 - INFO -   AI2(强): ε 0.010→0.009, lr 0.010→0.010, 攻击权 0.95→0.95, 防守权 0.05→0.05, 进攻启发 0.0100→0.0100, 防守启发 0.0001→0.0001
2026-03-06 13:29:43,016 - INFO -   AI2(强): ε 0.010→0.009, lr 0.010→0.010, 攻击权 0.95→0.95, 防守权 0.05→0.05, 进攻启发 0.0100→0.0100, 防守启发 0.0001→0.0001
2026-03-06 13:29:43,017 - INFO -   AI1(弱): ε 0.210→0.272, lr 0.300→0.300, 攻击权 0.95→0.95, 防守权 0.05→0.05, 进攻启发 0.0100→0.0100, 防守启发 0.0001→0.0001
2026-03-06 13:29:43,017 - INFO -   AI1(弱): ε 0.210→0.272, lr 0.300→0.300, 攻击权 0.95→0.95, 防守权 0.05→0.05, 进攻启发 0.0100→0.0100, 防守启发 0.0001→0.0001
2026-03-06 13:47:08,227 - INFO - 📈 全局进攻倾向提升至 3.00
2026-03-06 13:47:08,227 - INFO - 📈 全局进攻倾向提升至 3.00
2026-03-06 13:47:08,227 - INFO - 
⚖️ 平衡调整 #98: 差距<10% (拉开) 差距=5.0% 平局率=83.0% 强力进攻(全局倾向 x3.00)
2026-03-06 13:47:08,227 - INFO - 
⚖️ 平衡调整 #98: 差距<10% (拉开) 差距=5.0% 平局率=83.0% 强力进攻(全局倾向 x3.00)
2026-03-06 13:47:08,227 - INFO -   AI2(强): ε 0.010→0.009, lr 0.010→0.010, 攻击权 0.95→0.95, 防守权 0.05→0.05, 进攻启发 0.0100→0.0100, 防守启发 0.0001→0.0001
2026-03-06 13:47:08,227 - INFO -   AI2(强): ε 0.010→0.009, lr 0.010→0.010, 攻击权 0.95→0.95, 防守权 0.05→0.05, 进攻启发 0.0100→0.0100, 防守启发 0.0001→0.0001
2026-03-06 13:47:08,228 - INFO -   AI1(弱): ε 0.229→0.297, lr 0.300→0.300, 攻击权 0.95→0.95, 防守权 0.05→0.05, 进攻启发 0.0100→0.0100, 防守启发 0.0001→0.0001
2026-03-06 13:47:08,228 - INFO -   AI1(弱): ε 0.229→0.297, lr 0.300→0.300, 攻击权 0.95→0.95, 防守权 0.05→0.05, 进攻启发 0.0100→0.0100, 防守启发 0.0001→0.0001
2026-03-06 14:06:52,109 - INFO - 
⚖️ 平衡调整 #99: 微调 差距=10.0% 平局率=82.0% 强力进攻(全局倾向 x2.97)
2026-03-06 14:06:52,109 - INFO - 
⚖️ 平衡调整 #99: 微调 差距=10.0% 平局率=82.0% 强力进攻(全局倾向 x2.97)
2026-03-06 14:06:52,110 - INFO -   AI2(强): ε 0.010→0.010, lr 0.010→0.010, 攻击权 0.95→0.95, 防守权 0.05→0.05, 进攻启发 0.0100→0.0100, 防守启发 0.0001→0.0001
2026-03-06 14:06:52,110 - INFO -   AI2(强): ε 0.010→0.010, lr 0.010→0.010, 攻击权 0.95→0.95, 防守权 0.05→0.05, 进攻启发 0.0100→0.0100, 防守启发 0.0001→0.0001
2026-03-06 14:06:52,110 - INFO -   AI1(弱): ε 0.253→0.253, lr 0.300→0.300, 攻击权 0.95→0.95, 防守权 0.05→0.05, 进攻启发 0.0100→0.0100, 防守启发 0.0001→0.0001
2026-03-06 14:06:52,110 - INFO -   AI1(弱): ε 0.253→0.253, lr 0.300→0.300, 攻击权 0.95→0.95, 防守权 0.05→0.05, 进攻启发 0.0100→0.0100, 防守启发 0.0001→0.0001
2026-03-06 14:26:34,692 - INFO - 
⚖️ 平衡调整 #100: 微调 差距=12.0% 平局率=86.0% 强力进攻(全局倾向 x2.94)
2026-03-06 14:26:34,692 - INFO - 
⚖️ 平衡调整 #100: 微调 差距=12.0% 平局率=86.0% 强力进攻(全局倾向 x2.94)
2026-03-06 14:26:34,692 - INFO -   AI2(强): ε 0.010→0.010, lr 0.010→0.010, 攻击权 0.95→0.95, 防守权 0.05→0.05, 进攻启发 0.0100→0.0100, 防守启发 0.0001→0.0001
2026-03-06 14:26:34,692 - INFO -   AI2(强): ε 0.010→0.010, lr 0.010→0.010, 攻击权 0.95→0.95, 防守权 0.05→0.05, 进攻启发 0.0100→0.0100, 防守启发 0.0001→0.0001
2026-03-06 14:26:34,692 - INFO -   AI1(弱): ε 0.215→0.215, lr 0.300→0.300, 攻击权 0.95→0.95, 防守权 0.05→0.05, 进攻启发 0.0100→0.0100, 防守启发 0.0001→0.0001
2026-03-06 14:26:34,692 - INFO -   AI1(弱): ε 0.215→0.215, lr 0.300→0.300, 攻击权 0.95→0.95, 防守权 0.05→0.05, 进攻启发 0.0100→0.0100, 防守启发 0.0001→0.0001
2026-03-06 14:26:34,693 - INFO - 
==================================================
2026-03-06 14:26:34,693 - INFO - 
==================================================
2026-03-06 14:26:34,693 - INFO - 第 7000/20000 局 (35.0%)
2026-03-06 14:26:34,693 - INFO - 第 7000/20000 局 (35.0%)
2026-03-06 14:26:34,694 - INFO - 速度: 0.1局/秒, 已用: 1362.7分钟
2026-03-06 14:26:34,694 - INFO - 速度: 0.1局/秒, 已用: 1362.7分钟
2026-03-06 14:26:34,694 - INFO - 总战绩: AI1 257胜, AI2 859胜, 平局 5884
2026-03-06 14:26:34,694 - INFO - 总战绩: AI1 257胜, AI2 859胜, 平局 5884
2026-03-06 14:26:34,694 - INFO - 近期100局: AI1 1.0%, AI2 13.0%, 平局 86.0%
2026-03-06 14:26:34,694 - INFO - 近期100局: AI1 1.0%, AI2 13.0%, 平局 86.0%
2026-03-06 14:26:34,694 - INFO - 胜率差距: 12.0%
2026-03-06 14:26:34,694 - INFO - 胜率差距: 12.0%
2026-03-06 14:26:34,695 - INFO - 防守统计: 总103864次, 平均14.84次/局
2026-03-06 14:26:34,695 - INFO - 防守统计: 总103864次, 平均14.84次/局
2026-03-06 14:26:34,695 - INFO - 参数: AI1 ε=0.215, lr=0.300
2026-03-06 14:26:34,695 - INFO - 参数: AI1 ε=0.215, lr=0.300
2026-03-06 14:26:34,695 - INFO -        AI2 ε=0.010, lr=0.010
2026-03-06 14:26:34,695 - INFO -        AI2 ε=0.010, lr=0.010
2026-03-06 14:26:34,695 - INFO - ==================================================
2026-03-06 14:26:34,695 - INFO - ==================================================
2026-03-06 14:45:47,075 - INFO - 
⚖️ 平衡调整 #101: 微调 差距=11.0% 平局率=89.0% 强力进攻(全局倾向 x2.91)
2026-03-06 14:45:47,075 - INFO - 
⚖️ 平衡调整 #101: 微调 差距=11.0% 平局率=89.0% 强力进攻(全局倾向 x2.91)
2026-03-06 14:45:47,076 - INFO -   AI2(强): ε 0.010→0.010, lr 0.010→0.010, 攻击权 0.95→0.95, 防守权 0.05→0.05, 进攻启发 0.0100→0.0100, 防守启发 0.0001→0.0001
2026-03-06 14:45:47,076 - INFO -   AI2(强): ε 0.010→0.010, lr 0.010→0.010, 攻击权 0.95→0.95, 防守权 0.05→0.05, 进攻启发 0.0100→0.0100, 防守启发 0.0001→0.0001
2026-03-06 14:45:47,077 - INFO -   AI1(弱): ε 0.184→0.184, lr 0.300→0.300, 攻击权 0.95→0.95, 防守权 0.05→0.05, 进攻启发 0.0100→0.0100, 防守启发 0.0001→0.0001
2026-03-06 14:45:47,077 - INFO -   AI1(弱): ε 0.184→0.184, lr 0.300→0.300, 攻击权 0.95→0.95, 防守权 0.05→0.05, 进攻启发 0.0100→0.0100, 防守启发 0.0001→0.0001
2026-03-06 15:01:28,957 - INFO - 
⚖️ 平衡调整 #102: 差距<10% (拉开) 差距=9.0% 平局率=89.0% 强力进攻(全局倾向 x2.88)
2026-03-06 15:01:28,957 - INFO - 
⚖️ 平衡调整 #102: 差距<10% (拉开) 差距=9.0% 平局率=89.0% 强力进攻(全局倾向 x2.88)
2026-03-06 15:01:28,958 - INFO -   AI2(强): ε 0.010→0.009, lr 0.010→0.010, 攻击权 0.95→0.95, 防守权 0.05→0.05, 进攻启发 0.0100→0.0100, 防守启发 0.0001→0.0001
2026-03-06 15:01:28,958 - INFO -   AI2(强): ε 0.010→0.009, lr 0.010→0.010, 攻击权 0.95→0.95, 防守权 0.05→0.05, 进攻启发 0.0100→0.0100, 防守启发 0.0001→0.0001
2026-03-06 15:01:28,958 - INFO -   AI1(弱): ε 0.157→0.204, lr 0.300→0.300, 攻击权 0.95→0.95, 防守权 0.05→0.05, 进攻启发 0.0100→0.0100, 防守启发 0.0001→0.0001
2026-03-06 15:01:28,958 - INFO -   AI1(弱): ε 0.157→0.204, lr 0.300→0.300, 攻击权 0.95→0.95, 防守权 0.05→0.05, 进攻启发 0.0100→0.0100, 防守启发 0.0001→0.0001
2026-03-06 15:18:42,197 - INFO - 📈 全局进攻倾向提升至 3.00
2026-03-06 15:18:42,197 - INFO - 📈 全局进攻倾向提升至 3.00
2026-03-06 15:18:42,198 - INFO - 
⚖️ 平衡调整 #103: 差距<10% (拉开) 差距=6.0% 平局率=88.0% 强力进攻(全局倾向 x3.00)
2026-03-06 15:18:42,198 - INFO - 
⚖️ 平衡调整 #103: 差距<10% (拉开) 差距=6.0% 平局率=88.0% 强力进攻(全局倾向 x3.00)
2026-03-06 15:18:42,198 - INFO -   AI2(强): ε 0.010→0.009, lr 0.010→0.010, 攻击权 0.95→0.95, 防守权 0.05→0.05, 进攻启发 0.0100→0.0100, 防守启发 0.0001→0.0001
2026-03-06 15:18:42,198 - INFO -   AI2(强): ε 0.010→0.009, lr 0.010→0.010, 攻击权 0.95→0.95, 防守权 0.05→0.05, 进攻启发 0.0100→0.0100, 防守启发 0.0001→0.0001
2026-03-06 15:18:42,198 - INFO -   AI1(弱): ε 0.173→0.225, lr 0.300→0.300, 攻击权 0.95→0.95, 防守权 0.05→0.05, 进攻启发 0.0100→0.0100, 防守启发 0.0001→0.0001
2026-03-06 15:18:42,198 - INFO -   AI1(弱): ε 0.173→0.225, lr 0.300→0.300, 攻击权 0.95→0.95, 防守权 0.05→0.05, 进攻启发 0.0100→0.0100, 防守启发 0.0001→0.0001
2026-03-06 15:35:44,212 - INFO - 
⚖️ 平衡调整 #104: 差距<10% (拉开) 差距=8.0% 平局率=84.0% 强力进攻(全局倾向 x2.97)
2026-03-06 15:35:44,212 - INFO - 
⚖️ 平衡调整 #104: 差距<10% (拉开) 差距=8.0% 平局率=84.0% 强力进攻(全局倾向 x2.97)
2026-03-06 15:35:44,212 - INFO -   AI2(强): ε 0.010→0.009, lr 0.010→0.010, 攻击权 0.95→0.95, 防守权 0.05→0.05, 进攻启发 0.0100→0.0100, 防守启发 0.0001→0.0001
2026-03-06 15:35:44,212 - INFO -   AI2(强): ε 0.010→0.009, lr 0.010→0.010, 攻击权 0.95→0.95, 防守权 0.05→0.05, 进攻启发 0.0100→0.0100, 防守启发 0.0001→0.0001
2026-03-06 15:35:44,212 - INFO -   AI1(弱): ε 0.191→0.248, lr 0.300→0.300, 攻击权 0.95→0.95, 防守权 0.05→0.05, 进攻启发 0.0100→0.0100, 防守启发 0.0001→0.0001
2026-03-06 15:35:44,212 - INFO -   AI1(弱): ε 0.191→0.248, lr 0.300→0.300, 攻击权 0.95→0.95, 防守权 0.05→0.05, 进攻启发 0.0100→0.0100, 防守启发 0.0001→0.0001
2026-03-06 15:51:15,157 - INFO - 
⚖️ 平衡调整 #105: 差距<10% (拉开) 差距=3.0% 平局率=85.0% 强力进攻(全局倾向 x2.94)
2026-03-06 15:51:15,157 - INFO - 
⚖️ 平衡调整 #105: 差距<10% (拉开) 差距=3.0% 平局率=85.0% 强力进攻(全局倾向 x2.94)
2026-03-06 15:51:15,158 - INFO -   AI2(强): ε 0.010→0.009, lr 0.010→0.010, 攻击权 0.95→0.95, 防守权 0.05→0.05, 进攻启发 0.0100→0.0100, 防守启发 0.0001→0.0001
2026-03-06 15:51:15,158 - INFO -   AI2(强): ε 0.010→0.009, lr 0.010→0.010, 攻击权 0.95→0.95, 防守权 0.05→0.05, 进攻启发 0.0100→0.0100, 防守启发 0.0001→0.0001
2026-03-06 15:51:15,158 - INFO -   AI1(弱): ε 0.210→0.273, lr 0.300→0.300, 攻击权 0.95→0.95, 防守权 0.05→0.05, 进攻启发 0.0100→0.0100, 防守启发 0.0001→0.0001
2026-03-06 15:51:15,158 - INFO -   AI1(弱): ε 0.210→0.273, lr 0.300→0.300, 攻击权 0.95→0.95, 防守权 0.05→0.05, 进攻启发 0.0100→0.0100, 防守启发 0.0001→0.0001
2026-03-06 16:07:42,350 - INFO - 
⚖️ 平衡调整 #106: 微调 差距=13.0% 平局率=79.0% 中等进攻
2026-03-06 16:07:42,350 - INFO - 
⚖️ 平衡调整 #106: 微调 差距=13.0% 平局率=79.0% 中等进攻
2026-03-06 16:07:42,352 - INFO -   AI2(强): ε 0.010→0.010, lr 0.010→0.010, 攻击权 0.95→0.95, 防守权 0.05→0.05, 进攻启发 0.0100→0.0100, 防守启发 0.0001→0.0001
2026-03-06 16:07:42,352 - INFO -   AI2(强): ε 0.010→0.010, lr 0.010→0.010, 攻击权 0.95→0.95, 防守权 0.05→0.05, 进攻启发 0.0100→0.0100, 防守启发 0.0001→0.0001
2026-03-06 16:07:42,352 - INFO -   AI1(弱): ε 0.236→0.236, lr 0.300→0.280, 攻击权 0.95→0.95, 防守权 0.05→0.05, 进攻启发 0.0100→0.0100, 防守启发 0.0001→0.0001
2026-03-06 16:07:42,352 - INFO -   AI1(弱): ε 0.236→0.236, lr 0.300→0.280, 攻击权 0.95→0.95, 防守权 0.05→0.05, 进攻启发 0.0100→0.0100, 防守启发 0.0001→0.0001
2026-03-06 16:25:17,066 - INFO - 
⚖️ 平衡调整 #107: 微调 差距=10.0% 平局率=84.0% 强力进攻(全局倾向 x2.88)
2026-03-06 16:25:17,066 - INFO - 
⚖️ 平衡调整 #107: 微调 差距=10.0% 平局率=84.0% 强力进攻(全局倾向 x2.88)
2026-03-06 16:25:17,066 - INFO -   AI2(强): ε 0.010→0.010, lr 0.010→0.010, 攻击权 0.95→0.95, 防守权 0.05→0.05, 进攻启发 0.0100→0.0100, 防守启发 0.0001→0.0001
2026-03-06 16:25:17,066 - INFO -   AI2(强): ε 0.010→0.010, lr 0.010→0.010, 攻击权 0.95→0.95, 防守权 0.05→0.05, 进攻启发 0.0100→0.0100, 防守启发 0.0001→0.0001
2026-03-06 16:25:17,067 - INFO -   AI1(弱): ε 0.199→0.199, lr 0.280→0.300, 攻击权 0.95→0.95, 防守权 0.05→0.05, 进攻启发 0.0100→0.0100, 防守启发 0.0001→0.0001
2026-03-06 16:25:17,067 - INFO -   AI1(弱): ε 0.199→0.199, lr 0.280→0.300, 攻击权 0.95→0.95, 防守权 0.05→0.05, 进攻启发 0.0100→0.0100, 防守启发 0.0001→0.0001
2026-03-06 16:28:11,304 - INFO - 
==================================================
2026-03-06 16:28:11,304 - INFO - 
==================================================
2026-03-06 16:28:11,305 - INFO - 第 7500/20000 局 (37.5%)
2026-03-06 16:28:11,305 - INFO - 第 7500/20000 局 (37.5%)
2026-03-06 16:28:11,305 - INFO - 速度: 0.1局/秒, 已用: 1484.3分钟
2026-03-06 16:28:11,305 - INFO - 速度: 0.1局/秒, 已用: 1484.3分钟
2026-03-06 16:28:11,305 - INFO - 总战绩: AI1 270胜, AI2 914胜, 平局 6316
2026-03-06 16:28:11,305 - INFO - 总战绩: AI1 270胜, AI2 914胜, 平局 6316
2026-03-06 16:28:11,305 - INFO - 近期100局: AI1 3.0%, AI2 10.0%, 平局 87.0%
2026-03-06 16:28:11,305 - INFO - 近期100局: AI1 3.0%, AI2 10.0%, 平局 87.0%
2026-03-06 16:28:11,305 - INFO - 胜率差距: 7.0%
2026-03-06 16:28:11,305 - INFO - 胜率差距: 7.0%
2026-03-06 16:28:11,305 - INFO - 防守统计: 总111211次, 平均14.83次/局
2026-03-06 16:28:11,305 - INFO - 防守统计: 总111211次, 平均14.83次/局
2026-03-06 16:28:11,305 - INFO - 参数: AI1 ε=0.194, lr=0.300
2026-03-06 16:28:11,305 - INFO - 参数: AI1 ε=0.194, lr=0.300
2026-03-06 16:28:11,305 - INFO -        AI2 ε=0.010, lr=0.010
2026-03-06 16:28:11,305 - INFO -        AI2 ε=0.010, lr=0.010
2026-03-06 16:28:11,306 - INFO - ==================================================
2026-03-06 16:28:11,306 - INFO - ==================================================
2026-03-06 16:43:39,953 - INFO - 
⚖️ 平衡调整 #108: 差距<10% (拉开) 差距=8.0% 平局率=86.0% 强力进攻(全局倾向 x2.85)
2026-03-06 16:43:39,953 - INFO - 
⚖️ 平衡调整 #108: 差距<10% (拉开) 差距=8.0% 平局率=86.0% 强力进攻(全局倾向 x2.85)
2026-03-06 16:43:39,956 - INFO -   AI2(强): ε 0.010→0.009, lr 0.010→0.010, 攻击权 0.95→0.95, 防守权 0.05→0.05, 进攻启发 0.0100→0.0100, 防守启发 0.0001→0.0001
2026-03-06 16:43:39,956 - INFO -   AI2(强): ε 0.010→0.009, lr 0.010→0.010, 攻击权 0.95→0.95, 防守权 0.05→0.05, 进攻启发 0.0100→0.0100, 防守启发 0.0001→0.0001
2026-03-06 16:43:39,956 - INFO -   AI1(弱): ε 0.172→0.223, lr 0.300→0.300, 攻击权 0.95→0.95, 防守权 0.05→0.05, 进攻启发 0.0100→0.0100, 防守启发 0.0001→0.0001
2026-03-06 16:43:39,956 - INFO -   AI1(弱): ε 0.172→0.223, lr 0.300→0.300, 攻击权 0.95→0.95, 防守权 0.05→0.05, 进攻启发 0.0100→0.0100, 防守启发 0.0001→0.0001
2026-03-06 17:01:43,269 - INFO - 
⚖️ 平衡调整 #109: 微调 差距=13.0% 平局率=83.0% 强力进攻(全局倾向 x2.82)
2026-03-06 17:01:43,269 - INFO - 
⚖️ 平衡调整 #109: 微调 差距=13.0% 平局率=83.0% 强力进攻(全局倾向 x2.82)
2026-03-06 17:01:43,273 - INFO -   AI2(强): ε 0.010→0.010, lr 0.010→0.010, 攻击权 0.95→0.95, 防守权 0.05→0.05, 进攻启发 0.0100→0.0100, 防守启发 0.0001→0.0001
2026-03-06 17:01:43,273 - INFO -   AI2(强): ε 0.010→0.010, lr 0.010→0.010, 攻击权 0.95→0.95, 防守权 0.05→0.05, 进攻启发 0.0100→0.0100, 防守启发 0.0001→0.0001
2026-03-06 17:01:43,273 - INFO -   AI1(弱): ε 0.190→0.190, lr 0.300→0.300, 攻击权 0.95→0.95, 防守权 0.05→0.05, 进攻启发 0.0100→0.0100, 防守启发 0.0001→0.0001
2026-03-06 17:01:43,273 - INFO -   AI1(弱): ε 0.190→0.190, lr 0.300→0.300, 攻击权 0.95→0.95, 防守权 0.05→0.05, 进攻启发 0.0100→0.0100, 防守启发 0.0001→0.0001
2026-03-06 17:15:24,754 - INFO - 
⚖️ 平衡调整 #110: 微调 差距=14.0% 平局率=78.0% 中等进攻
2026-03-06 17:15:24,754 - INFO - 
⚖️ 平衡调整 #110: 微调 差距=14.0% 平局率=78.0% 中等进攻
2026-03-06 17:15:24,754 - INFO -   AI2(强): ε 0.010→0.010, lr 0.010→0.010, 攻击权 0.95→0.95, 防守权 0.05→0.05, 进攻启发 0.0100→0.0100, 防守启发 0.0001→0.0001
2026-03-06 17:15:24,754 - INFO -   AI2(强): ε 0.010→0.010, lr 0.010→0.010, 攻击权 0.95→0.95, 防守权 0.05→0.05, 进攻启发 0.0100→0.0100, 防守启发 0.0001→0.0001
2026-03-06 17:15:24,755 - INFO -   AI1(弱): ε 0.166→0.166, lr 0.300→0.280, 攻击权 0.95→0.95, 防守权 0.05→0.05, 进攻启发 0.0100→0.0100, 防守启发 0.0001→0.0001
2026-03-06 17:15:24,755 - INFO -   AI1(弱): ε 0.166→0.166, lr 0.300→0.280, 攻击权 0.95→0.95, 防守权 0.05→0.05, 进攻启发 0.0100→0.0100, 防守启发 0.0001→0.0001
2026-03-06 17:28:55,415 - INFO - 
⚖️ 平衡调整 #111: 微调 差距=10.0% 平局率=84.0% 强力进攻(全局倾向 x2.77)
2026-03-06 17:28:55,415 - INFO - 
⚖️ 平衡调整 #111: 微调 差距=10.0% 平局率=84.0% 强力进攻(全局倾向 x2.77)
2026-03-06 17:28:55,415 - INFO -   AI2(强): ε 0.010→0.010, lr 0.010→0.010, 攻击权 0.95→0.95, 防守权 0.05→0.05, 进攻启发 0.0100→0.0100, 防守启发 0.0001→0.0001
2026-03-06 17:28:55,415 - INFO -   AI2(强): ε 0.010→0.010, lr 0.010→0.010, 攻击权 0.95→0.95, 防守权 0.05→0.05, 进攻启发 0.0100→0.0100, 防守启发 0.0001→0.0001
2026-03-06 17:28:55,415 - INFO -   AI1(弱): ε 0.141→0.141, lr 0.280→0.300, 攻击权 0.95→0.95, 防守权 0.05→0.05, 进攻启发 0.0100→0.0100, 防守启发 0.0001→0.0001
2026-03-06 17:28:55,415 - INFO -   AI1(弱): ε 0.141→0.141, lr 0.280→0.300, 攻击权 0.95→0.95, 防守权 0.05→0.05, 进攻启发 0.0100→0.0100, 防守启发 0.0001→0.0001
2026-03-06 17:42:23,668 - INFO - 
⚖️ 平衡调整 #112: 差距<10% (拉开) 差距=3.0% 平局率=87.0% 强力进攻(全局倾向 x2.74)
2026-03-06 17:42:23,668 - INFO - 
⚖️ 平衡调整 #112: 差距<10% (拉开) 差距=3.0% 平局率=87.0% 强力进攻(全局倾向 x2.74)
2026-03-06 17:42:23,668 - INFO -   AI2(强): ε 0.010→0.009, lr 0.010→0.010, 攻击权 0.95→0.95, 防守权 0.05→0.05, 进攻启发 0.0100→0.0100, 防守启发 0.0001→0.0001
2026-03-06 17:42:23,668 - INFO -   AI2(强): ε 0.010→0.009, lr 0.010→0.010, 攻击权 0.95→0.95, 防守权 0.05→0.05, 进攻启发 0.0100→0.0100, 防守启发 0.0001→0.0001
2026-03-06 17:42:23,668 - INFO -   AI1(弱): ε 0.119→0.154, lr 0.300→0.300, 攻击权 0.95→0.95, 防守权 0.05→0.05, 进攻启发 0.0100→0.0100, 防守启发 0.0001→0.0001
2026-03-06 17:42:23,668 - INFO -   AI1(弱): ε 0.119→0.154, lr 0.300→0.300, 攻击权 0.95→0.95, 防守权 0.05→0.05, 进攻启发 0.0100→0.0100, 防守启发 0.0001→0.0001
2026-03-06 17:55:58,038 - INFO - 
⚖️ 平衡调整 #113: 差距<10% (拉开) 差距=6.0% 平局率=86.0% 强力进攻(全局倾向 x2.71)
2026-03-06 17:55:58,038 - INFO - 
⚖️ 平衡调整 #113: 差距<10% (拉开) 差距=6.0% 平局率=86.0% 强力进攻(全局倾向 x2.71)
2026-03-06 17:55:58,038 - INFO -   AI2(强): ε 0.010→0.009, lr 0.010→0.010, 攻击权 0.95→0.95, 防守权 0.05→0.05, 进攻启发 0.0100→0.0100, 防守启发 0.0001→0.0001
2026-03-06 17:55:58,038 - INFO -   AI2(强): ε 0.010→0.009, lr 0.010→0.010, 攻击权 0.95→0.95, 防守权 0.05→0.05, 进攻启发 0.0100→0.0100, 防守启发 0.0001→0.0001
2026-03-06 17:55:58,038 - INFO -   AI1(弱): ε 0.132→0.172, lr 0.300→0.300, 攻击权 0.95→0.95, 防守权 0.05→0.05, 进攻启发 0.0100→0.0100, 防守启发 0.0001→0.0001
2026-03-06 17:55:58,038 - INFO -   AI1(弱): ε 0.132→0.172, lr 0.300→0.300, 攻击权 0.95→0.95, 防守权 0.05→0.05, 进攻启发 0.0100→0.0100, 防守启发 0.0001→0.0001
2026-03-06 18:09:45,073 - INFO - 
⚖️ 平衡调整 #114: 差距<10% (拉开) 差距=1.0% 平局率=89.0% 强力进攻(全局倾向 x2.69)
2026-03-06 18:09:45,073 - INFO - 
⚖️ 平衡调整 #114: 差距<10% (拉开) 差距=1.0% 平局率=89.0% 强力进攻(全局倾向 x2.69)
2026-03-06 18:09:45,074 - INFO -   AI2(强): ε 0.010→0.009, lr 0.010→0.010, 攻击权 0.95→0.95, 防守权 0.05→0.05, 进攻启发 0.0100→0.0100, 防守启发 0.0001→0.0001
2026-03-06 18:09:45,074 - INFO -   AI2(强): ε 0.010→0.009, lr 0.010→0.010, 攻击权 0.95→0.95, 防守权 0.05→0.05, 进攻启发 0.0100→0.0100, 防守启发 0.0001→0.0001
2026-03-06 18:09:45,074 - INFO -   AI1(弱): ε 0.145→0.188, lr 0.300→0.300, 攻击权 0.95→0.95, 防守权 0.05→0.05, 进攻启发 0.0100→0.0100, 防守启发 0.0001→0.0001
2026-03-06 18:09:45,074 - INFO -   AI1(弱): ε 0.145→0.188, lr 0.300→0.300, 攻击权 0.95→0.95, 防守权 0.05→0.05, 进攻启发 0.0100→0.0100, 防守启发 0.0001→0.0001
2026-03-06 18:13:44,066 - INFO - 
==================================================
2026-03-06 18:13:44,066 - INFO - 
==================================================
2026-03-06 18:13:44,067 - INFO - 第 8000/20000 局 (40.0%)
2026-03-06 18:13:44,067 - INFO - 第 8000/20000 局 (40.0%)
2026-03-06 18:13:44,067 - INFO - 速度: 0.1局/秒, 已用: 1589.8分钟
2026-03-06 18:13:44,067 - INFO - 速度: 0.1局/秒, 已用: 1589.8分钟
2026-03-06 18:13:44,067 - INFO - 总战绩: AI1 287胜, AI2 971胜, 平局 6742
2026-03-06 18:13:44,067 - INFO - 总战绩: AI1 287胜, AI2 971胜, 平局 6742
2026-03-06 18:13:44,067 - INFO - 近期100局: AI1 4.0%, AI2 4.0%, 平局 92.0%
2026-03-06 18:13:44,067 - INFO - 近期100局: AI1 4.0%, AI2 4.0%, 平局 92.0%
2026-03-06 18:13:44,067 - INFO - 胜率差距: 0.0%
2026-03-06 18:13:44,067 - INFO - 胜率差距: 0.0%
2026-03-06 18:13:44,067 - INFO - 防守统计: 总118272次, 平均14.78次/局
2026-03-06 18:13:44,067 - INFO - 防守统计: 总118272次, 平均14.78次/局
2026-03-06 18:13:44,067 - INFO - 参数: AI1 ε=0.179, lr=0.300
2026-03-06 18:13:44,067 - INFO - 参数: AI1 ε=0.179, lr=0.300
2026-03-06 18:13:44,067 - INFO -        AI2 ε=0.010, lr=0.010
2026-03-06 18:13:44,067 - INFO -        AI2 ε=0.010, lr=0.010
2026-03-06 18:13:44,068 - INFO - ==================================================
2026-03-06 18:13:44,068 - INFO - ==================================================
2026-03-06 18:23:25,975 - INFO - 📈 全局进攻倾向提升至 3.00
2026-03-06 18:23:25,975 - INFO - 📈 全局进攻倾向提升至 3.00
2026-03-06 18:23:25,976 - INFO - 
⚖️ 平衡调整 #115: 差距<10% (拉开) 差距=3.0% 平局率=91.0% 强力进攻(全局倾向 x3.00)
2026-03-06 18:23:25,976 - INFO - 
⚖️ 平衡调整 #115: 差距<10% (拉开) 差距=3.0% 平局率=91.0% 强力进攻(全局倾向 x3.00)
2026-03-06 18:23:25,977 - INFO -   AI1(强): ε 0.157→0.141, lr 0.300→0.200, 攻击权 0.95→0.95, 防守权 0.05→0.05, 进攻启发 0.0100→0.0100, 防守启发 0.0001→0.0001
2026-03-06 18:23:25,977 - INFO -   AI1(强): ε 0.157→0.141, lr 0.300→0.200, 攻击权 0.95→0.95, 防守权 0.05→0.05, 进攻启发 0.0100→0.0100, 防守启发 0.0001→0.0001
2026-03-06 18:23:25,977 - INFO -   AI2(弱): ε 0.010→0.013, lr 0.010→0.120, 攻击权 0.95→0.95, 防守权 0.05→0.05, 进攻启发 0.0100→0.0100, 防守启发 0.0001→0.0001
2026-03-06 18:23:25,977 - INFO -   AI2(弱): ε 0.010→0.013, lr 0.010→0.120, 攻击权 0.95→0.95, 防守权 0.05→0.05, 进攻启发 0.0100→0.0100, 防守启发 0.0001→0.0001
2026-03-06 18:37:20,776 - INFO - 
⚖️ 平衡调整 #116: 差距<10% (拉开) 差距=1.0% 平局率=93.0% 强力进攻(全局倾向 x2.97)
2026-03-06 18:37:20,776 - INFO - 
⚖️ 平衡调整 #116: 差距<10% (拉开) 差距=1.0% 平局率=93.0% 强力进攻(全局倾向 x2.97)
2026-03-06 18:37:20,776 - INFO -   AI1(强): ε 0.119→0.107, lr 0.200→0.163, 攻击权 0.95→0.95, 防守权 0.05→0.05, 进攻启发 0.0100→0.0100, 防守启发 0.0001→0.0001
2026-03-06 18:37:20,776 - INFO -   AI1(强): ε 0.119→0.107, lr 0.200→0.163, 攻击权 0.95→0.95, 防守权 0.05→0.05, 进攻启发 0.0100→0.0100, 防守启发 0.0001→0.0001
2026-03-06 18:37:20,777 - INFO -   AI2(弱): ε 0.011→0.014, lr 0.120→0.171, 攻击权 0.95→0.95, 防守权 0.05→0.05, 进攻启发 0.0100→0.0100, 防守启发 0.0001→0.0001
2026-03-06 18:37:20,777 - INFO -   AI2(弱): ε 0.011→0.014, lr 0.120→0.171, 攻击权 0.95→0.95, 防守权 0.05→0.05, 进攻启发 0.0100→0.0100, 防守启发 0.0001→0.0001
2026-03-06 18:51:39,225 - INFO - 
⚖️ 平衡调整 #117: 差距<10% (拉开) 差距=1.0% 平局率=95.0% 强力进攻(全局倾向 x2.94)
2026-03-06 18:51:39,225 - INFO - 
⚖️ 平衡调整 #117: 差距<10% (拉开) 差距=1.0% 平局率=95.0% 强力进攻(全局倾向 x2.94)
2026-03-06 18:51:39,225 - INFO -   AI1(强): ε 0.090→0.081, lr 0.163→0.133, 攻击权 0.95→0.95, 防守权 0.05→0.05, 进攻启发 0.0100→0.0100, 防守启发 0.0001→0.0001
2026-03-06 18:51:39,225 - INFO -   AI1(强): ε 0.090→0.081, lr 0.163→0.133, 攻击权 0.95→0.95, 防守权 0.05→0.05, 进攻启发 0.0100→0.0100, 防守启发 0.0001→0.0001
2026-03-06 18:51:39,225 - INFO -   AI2(弱): ε 0.012→0.015, lr 0.171→0.244, 攻击权 0.95→0.95, 防守权 0.05→0.05, 进攻启发 0.0100→0.0100, 防守启发 0.0001→0.0001
2026-03-06 18:51:39,225 - INFO -   AI2(弱): ε 0.012→0.015, lr 0.171→0.244, 攻击权 0.95→0.95, 防守权 0.05→0.05, 进攻启发 0.0100→0.0100, 防守启发 0.0001→0.0001
2026-03-06 19:05:40,772 - INFO - 
⚖️ 平衡调整 #118: 差距<10% (拉开) 差距=4.0% 平局率=90.0% 强力进攻(全局倾向 x2.91)
2026-03-06 19:05:40,772 - INFO - 
⚖️ 平衡调整 #118: 差距<10% (拉开) 差距=4.0% 平局率=90.0% 强力进攻(全局倾向 x2.91)
2026-03-06 19:05:40,773 - INFO -   AI1(强): ε 0.067→0.061, lr 0.133→0.109, 攻击权 0.95→0.95, 防守权 0.05→0.05, 进攻启发 0.0100→0.0100, 防守启发 0.0001→0.0001
2026-03-06 19:05:40,773 - INFO -   AI1(强): ε 0.067→0.061, lr 0.133→0.109, 攻击权 0.95→0.95, 防守权 0.05→0.05, 进攻启发 0.0100→0.0100, 防守启发 0.0001→0.0001
2026-03-06 19:05:40,773 - INFO -   AI2(弱): ε 0.013→0.017, lr 0.244→0.300, 攻击权 0.95→0.95, 防守权 0.05→0.05, 进攻启发 0.0100→0.0100, 防守启发 0.0001→0.0001
2026-03-06 19:05:40,773 - INFO -   AI2(弱): ε 0.013→0.017, lr 0.244→0.300, 攻击权 0.95→0.95, 防守权 0.05→0.05, 进攻启发 0.0100→0.0100, 防守启发 0.0001→0.0001
2026-03-06 19:19:30,114 - INFO - 
⚖️ 平衡调整 #119: 差距<10% (拉开) 差距=1.0% 平局率=91.0% 强力进攻(全局倾向 x2.88)
2026-03-06 19:19:30,114 - INFO - 
⚖️ 平衡调整 #119: 差距<10% (拉开) 差距=1.0% 平局率=91.0% 强力进攻(全局倾向 x2.88)
2026-03-06 19:19:30,114 - INFO -   AI2(强): ε 0.014→0.013, lr 0.300→0.200, 攻击权 0.95→0.95, 防守权 0.05→0.05, 进攻启发 0.0100→0.0100, 防守启发 0.0001→0.0001
2026-03-06 19:19:30,114 - INFO -   AI2(强): ε 0.014→0.013, lr 0.300→0.200, 攻击权 0.95→0.95, 防守权 0.05→0.05, 进攻启发 0.0100→0.0100, 防守启发 0.0001→0.0001
2026-03-06 19:19:30,114 - INFO -   AI1(弱): ε 0.051→0.066, lr 0.109→0.155, 攻击权 0.95→0.95, 防守权 0.05→0.05, 进攻启发 0.0100→0.0100, 防守启发 0.0001→0.0001
2026-03-06 19:19:30,114 - INFO -   AI1(弱): ε 0.051→0.066, lr 0.109→0.155, 攻击权 0.95→0.95, 防守权 0.05→0.05, 进攻启发 0.0100→0.0100, 防守启发 0.0001→0.0001
2026-03-06 19:35:54,653 - INFO - 📈 全局进攻倾向提升至 3.00
2026-03-06 19:35:54,653 - INFO - 📈 全局进攻倾向提升至 3.00
2026-03-06 19:35:54,653 - INFO - 
⚖️ 平衡调整 #120: 差距<10% (拉开) 差距=5.0% 平局率=93.0% 强力进攻(全局倾向 x3.00)
2026-03-06 19:35:54,653 - INFO - 
⚖️ 平衡调整 #120: 差距<10% (拉开) 差距=5.0% 平局率=93.0% 强力进攻(全局倾向 x3.00)
2026-03-06 19:35:54,653 - INFO -   AI2(强): ε 0.011→0.010, lr 0.200→0.163, 攻击权 0.95→0.95, 防守权 0.05→0.05, 进攻启发 0.0100→0.0100, 防守启发 0.0001→0.0001
2026-03-06 19:35:54,653 - INFO -   AI2(强): ε 0.011→0.010, lr 0.200→0.163, 攻击权 0.95→0.95, 防守权 0.05→0.05, 进攻启发 0.0100→0.0100, 防守启发 0.0001→0.0001
2026-03-06 19:35:54,654 - INFO -   AI1(弱): ε 0.055→0.072, lr 0.155→0.221, 攻击权 0.95→0.95, 防守权 0.05→0.05, 进攻启发 0.0100→0.0100, 防守启发 0.0001→0.0001
2026-03-06 19:35:54,654 - INFO -   AI1(弱): ε 0.055→0.072, lr 0.155→0.221, 攻击权 0.95→0.95, 防守权 0.05→0.05, 进攻启发 0.0100→0.0100, 防守启发 0.0001→0.0001
2026-03-06 19:52:03,507 - INFO - 
⚖️ 平衡调整 #121: 差距<10% (拉开) 差距=7.0% 平局率=87.0% 强力进攻(全局倾向 x2.97)
2026-03-06 19:52:03,507 - INFO - 
⚖️ 平衡调整 #121: 差距<10% (拉开) 差距=7.0% 平局率=87.0% 强力进攻(全局倾向 x2.97)
2026-03-06 19:52:03,508 - INFO -   AI2(强): ε 0.010→0.009, lr 0.163→0.133, 攻击权 0.95→0.95, 防守权 0.05→0.05, 进攻启发 0.0100→0.0100, 防守启发 0.0001→0.0001
2026-03-06 19:52:03,508 - INFO -   AI2(强): ε 0.010→0.009, lr 0.163→0.133, 攻击权 0.95→0.95, 防守权 0.05→0.05, 进攻启发 0.0100→0.0100, 防守启发 0.0001→0.0001
2026-03-06 19:52:03,508 - INFO -   AI1(弱): ε 0.061→0.079, lr 0.221→0.300, 攻击权 0.95→0.95, 防守权 0.05→0.05, 进攻启发 0.0100→0.0100, 防守启发 0.0001→0.0001
2026-03-06 19:52:03,508 - INFO -   AI1(弱): ε 0.061→0.079, lr 0.221→0.300, 攻击权 0.95→0.95, 防守权 0.05→0.05, 进攻启发 0.0100→0.0100, 防守启发 0.0001→0.0001
2026-03-06 19:59:04,204 - INFO - 
==================================================
2026-03-06 19:59:04,204 - INFO - 
==================================================
2026-03-06 19:59:04,204 - INFO - 第 8500/20000 局 (42.5%)
2026-03-06 19:59:04,204 - INFO - 第 8500/20000 局 (42.5%)
2026-03-06 19:59:04,204 - INFO - 速度: 0.1局/秒, 已用: 1695.2分钟
2026-03-06 19:59:04,204 - INFO - 速度: 0.1局/秒, 已用: 1695.2分钟
2026-03-06 19:59:04,204 - INFO - 总战绩: AI1 307胜, AI2 996胜, 平局 7197
2026-03-06 19:59:04,204 - INFO - 总战绩: AI1 307胜, AI2 996胜, 平局 7197
2026-03-06 19:59:04,204 - INFO - 近期100局: AI1 3.0%, AI2 11.0%, 平局 86.0%
2026-03-06 19:59:04,204 - INFO - 近期100局: AI1 3.0%, AI2 11.0%, 平局 86.0%
2026-03-06 19:59:04,205 - INFO - 胜率差距: 8.0%
2026-03-06 19:59:04,205 - INFO - 胜率差距: 8.0%
2026-03-06 19:59:04,205 - INFO - 防守统计: 总124978次, 平均14.70次/局
2026-03-06 19:59:04,205 - INFO - 防守统计: 总124978次, 平均14.70次/局
2026-03-06 19:59:04,205 - INFO - 参数: AI1 ε=0.074, lr=0.300
2026-03-06 19:59:04,205 - INFO - 参数: AI1 ε=0.074, lr=0.300
2026-03-06 19:59:04,205 - INFO -        AI2 ε=0.010, lr=0.133
2026-03-06 19:59:04,205 - INFO -        AI2 ε=0.010, lr=0.133
2026-03-06 19:59:04,205 - INFO - ==================================================
2026-03-06 19:59:04,205 - INFO - ==================================================
2026-03-06 20:09:06,184 - INFO - 
⚖️ 平衡调整 #122: 微调 差距=10.0% 平局率=88.0% 强力进攻(全局倾向 x2.94)
2026-03-06 20:09:06,184 - INFO - 
⚖️ 平衡调整 #122: 微调 差距=10.0% 平局率=88.0% 强力进攻(全局倾向 x2.94)
2026-03-06 20:09:06,184 - INFO -   AI2(强): ε 0.010→0.010, lr 0.133→0.108, 攻击权 0.95→0.95, 防守权 0.05→0.05, 进攻启发 0.0100→0.0100, 防守启发 0.0001→0.0001
2026-03-06 20:09:06,184 - INFO -   AI2(强): ε 0.010→0.010, lr 0.133→0.108, 攻击权 0.95→0.95, 防守权 0.05→0.05, 进攻启发 0.0100→0.0100, 防守启发 0.0001→0.0001
2026-03-06 20:09:06,184 - INFO -   AI1(弱): ε 0.068→0.068, lr 0.300→0.300, 攻击权 0.95→0.95, 防守权 0.05→0.05, 进攻启发 0.0100→0.0100, 防守启发 0.0001→0.0001
2026-03-06 20:09:06,184 - INFO -   AI1(弱): ε 0.068→0.068, lr 0.300→0.300, 攻击权 0.95→0.95, 防守权 0.05→0.05, 进攻启发 0.0100→0.0100, 防守启发 0.0001→0.0001
2026-03-06 20:25:06,381 - INFO - 
⚖️ 平衡调整 #123: 差距<10% (拉开) 差距=3.0% 平局率=91.0% 强力进攻(全局倾向 x2.91)
2026-03-06 20:25:06,381 - INFO - 
⚖️ 平衡调整 #123: 差距<10% (拉开) 差距=3.0% 平局率=91.0% 强力进攻(全局倾向 x2.91)
2026-03-06 20:25:06,382 - INFO -   AI2(强): ε 0.010→0.009, lr 0.108→0.088, 攻击权 0.95→0.95, 防守权 0.05→0.05, 进攻启发 0.0100→0.0100, 防守启发 0.0001→0.0001
2026-03-06 20:25:06,382 - INFO -   AI2(强): ε 0.010→0.009, lr 0.108→0.088, 攻击权 0.95→0.95, 防守权 0.05→0.05, 进攻启发 0.0100→0.0100, 防守启发 0.0001→0.0001
2026-03-06 20:25:06,382 - INFO -   AI1(弱): ε 0.056→0.073, lr 0.300→0.300, 攻击权 0.95→0.95, 防守权 0.05→0.05, 进攻启发 0.0100→0.0100, 防守启发 0.0001→0.0001
2026-03-06 20:25:06,382 - INFO -   AI1(弱): ε 0.056→0.073, lr 0.300→0.300, 攻击权 0.95→0.95, 防守权 0.05→0.05, 进攻启发 0.0100→0.0100, 防守启发 0.0001→0.0001
2026-03-06 20:41:30,349 - INFO - 
⚖️ 平衡调整 #124: 差距<10% (拉开) 差距=2.0% 平局率=92.0% 强力进攻(全局倾向 x2.88)
2026-03-06 20:41:30,349 - INFO - 
⚖️ 平衡调整 #124: 差距<10% (拉开) 差距=2.0% 平局率=92.0% 强力进攻(全局倾向 x2.88)
2026-03-06 20:41:30,350 - INFO -   AI2(强): ε 0.010→0.009, lr 0.088→0.072, 攻击权 0.95→0.95, 防守权 0.05→0.05, 进攻启发 0.0100→0.0100, 防守启发 0.0001→0.0001
2026-03-06 20:41:30,350 - INFO -   AI2(强): ε 0.010→0.009, lr 0.088→0.072, 攻击权 0.95→0.95, 防守权 0.05→0.05, 进攻启发 0.0100→0.0100, 防守启发 0.0001→0.0001
2026-03-06 20:41:30,350 - INFO -   AI1(弱): ε 0.061→0.080, lr 0.300→0.300, 攻击权 0.95→0.95, 防守权 0.05→0.05, 进攻启发 0.0100→0.0100, 防守启发 0.0001→0.0001
2026-03-06 20:41:30,350 - INFO -   AI1(弱): ε 0.061→0.080, lr 0.300→0.300, 攻击权 0.95→0.95, 防守权 0.05→0.05, 进攻启发 0.0100→0.0100, 防守启发 0.0001→0.0001
2026-03-06 20:56:56,362 - INFO - 📈 全局进攻倾向提升至 3.00
2026-03-06 20:56:56,362 - INFO - 📈 全局进攻倾向提升至 3.00
2026-03-06 20:56:56,362 - INFO - 
⚖️ 平衡调整 #125: 差距<10% (拉开) 差距=1.0% 平局率=91.0% 强力进攻(全局倾向 x3.00)
2026-03-06 20:56:56,362 - INFO - 
⚖️ 平衡调整 #125: 差距<10% (拉开) 差距=1.0% 平局率=91.0% 强力进攻(全局倾向 x3.00)
2026-03-06 20:56:56,362 - INFO -   AI1(强): ε 0.067→0.060, lr 0.300→0.200, 攻击权 0.95→0.95, 防守权 0.05→0.05, 进攻启发 0.0100→0.0100, 防守启发 0.0001→0.0001
2026-03-06 20:56:56,362 - INFO -   AI1(强): ε 0.067→0.060, lr 0.300→0.200, 攻击权 0.95→0.95, 防守权 0.05→0.05, 进攻启发 0.0100→0.0100, 防守启发 0.0001→0.0001
2026-03-06 20:56:56,362 - INFO -   AI2(弱): ε 0.010→0.013, lr 0.072→0.120, 攻击权 0.95→0.95, 防守权 0.05→0.05, 进攻启发 0.0100→0.0100, 防守启发 0.0001→0.0001
2026-03-06 20:56:56,362 - INFO -   AI2(弱): ε 0.010→0.013, lr 0.072→0.120, 攻击权 0.95→0.95, 防守权 0.05→0.05, 进攻启发 0.0100→0.0100, 防守启发 0.0001→0.0001
2026-03-06 21:11:50,062 - INFO - 
⚖️ 平衡调整 #126: 差距<10% (拉开) 差距=0.0% 平局率=88.0% 强力进攻(全局倾向 x2.97)
2026-03-06 21:11:50,062 - INFO - 
⚖️ 平衡调整 #126: 差距<10% (拉开) 差距=0.0% 平局率=88.0% 强力进攻(全局倾向 x2.97)
2026-03-06 21:11:50,062 - INFO -   AI2(强): ε 0.011→0.010, lr 0.120→0.098, 攻击权 0.95→0.95, 防守权 0.05→0.05, 进攻启发 0.0100→0.0100, 防守启发 0.0001→0.0001
2026-03-06 21:11:50,062 - INFO -   AI2(强): ε 0.011→0.010, lr 0.120→0.098, 攻击权 0.95→0.95, 防守权 0.05→0.05, 进攻启发 0.0100→0.0100, 防守启发 0.0001→0.0001
2026-03-06 21:11:50,062 - INFO -   AI1(弱): ε 0.051→0.066, lr 0.200→0.285, 攻击权 0.95→0.95, 防守权 0.05→0.05, 进攻启发 0.0100→0.0100, 防守启发 0.0001→0.0001
2026-03-06 21:11:50,062 - INFO -   AI1(弱): ε 0.051→0.066, lr 0.200→0.285, 攻击权 0.95→0.95, 防守权 0.05→0.05, 进攻启发 0.0100→0.0100, 防守启发 0.0001→0.0001
2026-03-06 21:26:36,645 - INFO - 
⚖️ 平衡调整 #127: 差距<10% (拉开) 差距=3.0% 平局率=93.0% 强力进攻(全局倾向 x2.94)
2026-03-06 21:26:36,645 - INFO - 
⚖️ 平衡调整 #127: 差距<10% (拉开) 差距=3.0% 平局率=93.0% 强力进攻(全局倾向 x2.94)
2026-03-06 21:26:36,645 - INFO -   AI2(强): ε 0.010→0.009, lr 0.098→0.080, 攻击权 0.95→0.95, 防守权 0.05→0.05, 进攻启发 0.0100→0.0100, 防守启发 0.0001→0.0001
2026-03-06 21:26:36,645 - INFO -   AI2(强): ε 0.010→0.009, lr 0.098→0.080, 攻击权 0.95→0.95, 防守权 0.05→0.05, 进攻启发 0.0100→0.0100, 防守启发 0.0001→0.0001
2026-03-06 21:26:36,645 - INFO -   AI1(弱): ε 0.056→0.073, lr 0.285→0.300, 攻击权 0.95→0.95, 防守权 0.05→0.05, 进攻启发 0.0100→0.0100, 防守启发 0.0001→0.0001
2026-03-06 21:26:36,645 - INFO -   AI1(弱): ε 0.056→0.073, lr 0.285→0.300, 攻击权 0.95→0.95, 防守权 0.05→0.05, 进攻启发 0.0100→0.0100, 防守启发 0.0001→0.0001
2026-03-06 21:47:21,395 - INFO - 
⚖️ 平衡调整 #128: 差距<10% (拉开) 差距=1.0% 平局率=93.0% 强力进攻(全局倾向 x2.91)
2026-03-06 21:47:21,395 - INFO - 
⚖️ 平衡调整 #128: 差距<10% (拉开) 差距=1.0% 平局率=93.0% 强力进攻(全局倾向 x2.91)
2026-03-06 21:47:21,396 - INFO -   AI2(强): ε 0.010→0.009, lr 0.080→0.065, 攻击权 0.95→0.95, 防守权 0.05→0.05, 进攻启发 0.0100→0.0100, 防守启发 0.0001→0.0001
2026-03-06 21:47:21,396 - INFO -   AI2(强): ε 0.010→0.009, lr 0.080→0.065, 攻击权 0.95→0.95, 防守权 0.05→0.05, 进攻启发 0.0100→0.0100, 防守启发 0.0001→0.0001
2026-03-06 21:47:21,396 - INFO -   AI1(弱): ε 0.061→0.080, lr 0.300→0.300, 攻击权 0.95→0.95, 防守权 0.05→0.05, 进攻启发 0.0100→0.0100, 防守启发 0.0001→0.0001
2026-03-06 21:47:21,396 - INFO -   AI1(弱): ε 0.061→0.080, lr 0.300→0.300, 攻击权 0.95→0.95, 防守权 0.05→0.05, 进攻启发 0.0100→0.0100, 防守启发 0.0001→0.0001
2026-03-06 21:54:47,961 - INFO - 
==================================================
2026-03-06 21:54:47,961 - INFO - 
==================================================
2026-03-06 21:54:47,961 - INFO - 第 9000/20000 局 (45.0%)
2026-03-06 21:54:47,961 - INFO - 第 9000/20000 局 (45.0%)
2026-03-06 21:54:47,961 - INFO - 速度: 0.1局/秒, 已用: 1810.9分钟
2026-03-06 21:54:47,961 - INFO - 速度: 0.1局/秒, 已用: 1810.9分钟
2026-03-06 21:54:47,961 - INFO - 总战绩: AI1 325胜, AI2 1022胜, 平局 7653
2026-03-06 21:54:47,961 - INFO - 总战绩: AI1 325胜, AI2 1022胜, 平局 7653
2026-03-06 21:54:47,961 - INFO - 近期100局: AI1 0.0%, AI2 4.0%, 平局 96.0%
2026-03-06 21:54:47,961 - INFO - 近期100局: AI1 0.0%, AI2 4.0%, 平局 96.0%
2026-03-06 21:54:47,962 - INFO - 胜率差距: 4.0%
2026-03-06 21:54:47,962 - INFO - 胜率差距: 4.0%
2026-03-06 21:54:47,962 - INFO - 防守统计: 总131854次, 平均14.65次/局
2026-03-06 21:54:47,962 - INFO - 防守统计: 总131854次, 平均14.65次/局
2026-03-06 21:54:47,962 - INFO - 参数: AI1 ε=0.072, lr=0.300
2026-03-06 21:54:47,962 - INFO - 参数: AI1 ε=0.072, lr=0.300
2026-03-06 21:54:47,962 - INFO -        AI2 ε=0.010, lr=0.065
2026-03-06 21:54:47,962 - INFO -        AI2 ε=0.010, lr=0.065
2026-03-06 21:54:47,962 - INFO - ==================================================
2026-03-06 21:54:47,962 - INFO - ==================================================
2026-03-06 22:00:22,632 - INFO - 
⚖️ 平衡调整 #129: 差距<10% (拉开) 差距=2.0% 平局率=96.0% 强力进攻(全局倾向 x2.88)
2026-03-06 22:00:22,632 - INFO - 
⚖️ 平衡调整 #129: 差距<10% (拉开) 差距=2.0% 平局率=96.0% 强力进攻(全局倾向 x2.88)
2026-03-06 22:00:22,633 - INFO -   AI2(强): ε 0.010→0.009, lr 0.065→0.053, 攻击权 0.95→0.95, 防守权 0.05→0.05, 进攻启发 0.0100→0.0100, 防守启发 0.0001→0.0001
2026-03-06 22:00:22,633 - INFO -   AI2(强): ε 0.010→0.009, lr 0.065→0.053, 攻击权 0.95→0.95, 防守权 0.05→0.05, 进攻启发 0.0100→0.0100, 防守启发 0.0001→0.0001
2026-03-06 22:00:22,633 - INFO -   AI1(弱): ε 0.067→0.087, lr 0.300→0.300, 攻击权 0.95→0.95, 防守权 0.05→0.05, 进攻启发 0.0100→0.0100, 防守启发 0.0001→0.0001
2026-03-06 22:00:22,633 - INFO -   AI1(弱): ε 0.067→0.087, lr 0.300→0.300, 攻击权 0.95→0.95, 防守权 0.05→0.05, 进攻启发 0.0100→0.0100, 防守启发 0.0001→0.0001
2026-03-06 22:13:30,786 - INFO - 📈 全局进攻倾向提升至 3.00
2026-03-06 22:13:30,786 - INFO - 📈 全局进攻倾向提升至 3.00
2026-03-06 22:13:30,787 - INFO - 
⚖️ 平衡调整 #130: 差距<10% (拉开) 差距=1.0% 平局率=91.0% 强力进攻(全局倾向 x3.00)
2026-03-06 22:13:30,787 - INFO - 
⚖️ 平衡调整 #130: 差距<10% (拉开) 差距=1.0% 平局率=91.0% 强力进攻(全局倾向 x3.00)
2026-03-06 22:13:30,787 - INFO -   AI1(强): ε 0.073→0.066, lr 0.300→0.200, 攻击权 0.95→0.95, 防守权 0.05→0.05, 进攻启发 0.0100→0.0100, 防守启发 0.0001→0.0001
2026-03-06 22:13:30,787 - INFO -   AI1(强): ε 0.073→0.066, lr 0.300→0.200, 攻击权 0.95→0.95, 防守权 0.05→0.05, 进攻启发 0.0100→0.0100, 防守启发 0.0001→0.0001
2026-03-06 22:13:30,787 - INFO -   AI2(弱): ε 0.010→0.013, lr 0.053→0.120, 攻击权 0.95→0.95, 防守权 0.05→0.05, 进攻启发 0.0100→0.0100, 防守启发 0.0001→0.0001
2026-03-06 22:13:30,787 - INFO -   AI2(弱): ε 0.010→0.013, lr 0.053→0.120, 攻击权 0.95→0.95, 防守权 0.05→0.05, 进攻启发 0.0100→0.0100, 防守启发 0.0001→0.0001
2026-03-06 22:26:20,248 - INFO - 
⚖️ 平衡调整 #131: 差距<10% (拉开) 差距=1.0% 平局率=93.0% 强力进攻(全局倾向 x2.97)
2026-03-06 22:26:20,248 - INFO - 
⚖️ 平衡调整 #131: 差距<10% (拉开) 差距=1.0% 平局率=93.0% 强力进攻(全局倾向 x2.97)
2026-03-06 22:26:20,248 - INFO -   AI1(强): ε 0.055→0.050, lr 0.200→0.163, 攻击权 0.95→0.95, 防守权 0.05→0.05, 进攻启发 0.0100→0.0100, 防守启发 0.0001→0.0001
2026-03-06 22:26:20,248 - INFO -   AI1(强): ε 0.055→0.050, lr 0.200→0.163, 攻击权 0.95→0.95, 防守权 0.05→0.05, 进攻启发 0.0100→0.0100, 防守启发 0.0001→0.0001
2026-03-06 22:26:20,248 - INFO -   AI2(弱): ε 0.011→0.014, lr 0.120→0.171, 攻击权 0.95→0.95, 防守权 0.05→0.05, 进攻启发 0.0100→0.0100, 防守启发 0.0001→0.0001
2026-03-06 22:26:20,248 - INFO -   AI2(弱): ε 0.011→0.014, lr 0.120→0.171, 攻击权 0.95→0.95, 防守权 0.05→0.05, 进攻启发 0.0100→0.0100, 防守启发 0.0001→0.0001
2026-03-06 22:40:13,655 - INFO - 
⚖️ 平衡调整 #132: 差距<10% (拉开) 差距=6.0% 平局率=90.0% 强力进攻(全局倾向 x2.94)
2026-03-06 22:40:13,655 - INFO - 
⚖️ 平衡调整 #132: 差距<10% (拉开) 差距=6.0% 平局率=90.0% 强力进攻(全局倾向 x2.94)
2026-03-06 22:40:13,656 - INFO -   AI1(强): ε 0.042→0.038, lr 0.163→0.133, 攻击权 0.95→0.95, 防守权 0.05→0.05, 进攻启发 0.0100→0.0100, 防守启发 0.0001→0.0001
2026-03-06 22:40:13,656 - INFO -   AI1(强): ε 0.042→0.038, lr 0.163→0.133, 攻击权 0.95→0.95, 防守权 0.05→0.05, 进攻启发 0.0100→0.0100, 防守启发 0.0001→0.0001
2026-03-06 22:40:13,656 - INFO -   AI2(弱): ε 0.012→0.015, lr 0.171→0.244, 攻击权 0.95→0.95, 防守权 0.05→0.05, 进攻启发 0.0100→0.0100, 防守启发 0.0001→0.0001
2026-03-06 22:40:13,656 - INFO -   AI2(弱): ε 0.012→0.015, lr 0.171→0.244, 攻击权 0.95→0.95, 防守权 0.05→0.05, 进攻启发 0.0100→0.0100, 防守启发 0.0001→0.0001
2026-03-06 22:53:57,662 - INFO - 
⚖️ 平衡调整 #133: 差距<10% (拉开) 差距=5.0% 平局率=87.0% 强力进攻(全局倾向 x2.91)
2026-03-06 22:53:57,662 - INFO - 
⚖️ 平衡调整 #133: 差距<10% (拉开) 差距=5.0% 平局率=87.0% 强力进攻(全局倾向 x2.91)
2026-03-06 22:53:57,662 - INFO -   AI1(强): ε 0.031→0.028, lr 0.133→0.109, 攻击权 0.95→0.95, 防守权 0.05→0.05, 进攻启发 0.0100→0.0100, 防守启发 0.0001→0.0001
2026-03-06 22:53:57,662 - INFO -   AI1(强): ε 0.031→0.028, lr 0.133→0.109, 攻击权 0.95→0.95, 防守权 0.05→0.05, 进攻启发 0.0100→0.0100, 防守启发 0.0001→0.0001
2026-03-06 22:53:57,662 - INFO -   AI2(弱): ε 0.013→0.017, lr 0.244→0.300, 攻击权 0.95→0.95, 防守权 0.05→0.05, 进攻启发 0.0100→0.0100, 防守启发 0.0001→0.0001
2026-03-06 22:53:57,662 - INFO -   AI2(弱): ε 0.013→0.017, lr 0.244→0.300, 攻击权 0.95→0.95, 防守权 0.05→0.05, 进攻启发 0.0100→0.0100, 防守启发 0.0001→0.0001
2026-03-06 23:08:11,374 - INFO - 
⚖️ 平衡调整 #134: 差距<10% (拉开) 差距=0.0% 平局率=92.0% 强力进攻(全局倾向 x2.88)
2026-03-06 23:08:11,374 - INFO - 
⚖️ 平衡调整 #134: 差距<10% (拉开) 差距=0.0% 平局率=92.0% 强力进攻(全局倾向 x2.88)
2026-03-06 23:08:11,374 - INFO -   AI2(强): ε 0.014→0.013, lr 0.300→0.200, 攻击权 0.95→0.95, 防守权 0.05→0.05, 进攻启发 0.0100→0.0100, 防守启发 0.0001→0.0001
2026-03-06 23:08:11,374 - INFO -   AI2(强): ε 0.014→0.013, lr 0.300→0.200, 攻击权 0.95→0.95, 防守权 0.05→0.05, 进攻启发 0.0100→0.0100, 防守启发 0.0001→0.0001
2026-03-06 23:08:11,374 - INFO -   AI1(弱): ε 0.024→0.031, lr 0.109→0.155, 攻击权 0.95→0.95, 防守权 0.05→0.05, 进攻启发 0.0100→0.0100, 防守启发 0.0001→0.0001
2026-03-06 23:08:11,374 - INFO -   AI1(弱): ε 0.024→0.031, lr 0.109→0.155, 攻击权 0.95→0.95, 防守权 0.05→0.05, 进攻启发 0.0100→0.0100, 防守启发 0.0001→0.0001
2026-03-06 23:22:29,326 - INFO - 📈 全局进攻倾向提升至 3.00
2026-03-06 23:22:29,326 - INFO - 📈 全局进攻倾向提升至 3.00
2026-03-06 23:22:29,327 - INFO - 
⚖️ 平衡调整 #135: 差距<10% (拉开) 差距=1.0% 平局率=93.0% 强力进攻(全局倾向 x3.00)
2026-03-06 23:22:29,327 - INFO - 
⚖️ 平衡调整 #135: 差距<10% (拉开) 差距=1.0% 平局率=93.0% 强力进攻(全局倾向 x3.00)
2026-03-06 23:22:29,327 - INFO -   AI1(强): ε 0.026→0.023, lr 0.155→0.126, 攻击权 0.95→0.95, 防守权 0.05→0.05, 进攻启发 0.0100→0.0100, 防守启发 0.0001→0.0001
2026-03-06 23:22:29,327 - INFO -   AI1(强): ε 0.026→0.023, lr 0.155→0.126, 攻击权 0.95→0.95, 防守权 0.05→0.05, 进攻启发 0.0100→0.0100, 防守启发 0.0001→0.0001
2026-03-06 23:22:29,327 - INFO -   AI2(弱): ε 0.011→0.014, lr 0.200→0.285, 攻击权 0.95→0.95, 防守权 0.05→0.05, 进攻启发 0.0100→0.0100, 防守启发 0.0001→0.0001
2026-03-06 23:22:29,327 - INFO -   AI2(弱): ε 0.011→0.014, lr 0.200→0.285, 攻击权 0.95→0.95, 防守权 0.05→0.05, 进攻启发 0.0100→0.0100, 防守启发 0.0001→0.0001
2026-03-06 23:32:37,449 - INFO - 
==================================================
2026-03-06 23:32:37,449 - INFO - 
==================================================
2026-03-06 23:32:37,450 - INFO - 第 9500/20000 局 (47.5%)
2026-03-06 23:32:37,450 - INFO - 第 9500/20000 局 (47.5%)
2026-03-06 23:32:37,450 - INFO - 速度: 0.1局/秒, 已用: 1908.7分钟
2026-03-06 23:32:37,450 - INFO - 速度: 0.1局/秒, 已用: 1908.7分钟
2026-03-06 23:32:37,450 - INFO - 总战绩: AI1 353胜, AI2 1040胜, 平局 8107
2026-03-06 23:32:37,450 - INFO - 总战绩: AI1 353胜, AI2 1040胜, 平局 8107
2026-03-06 23:32:37,450 - INFO - 近期100局: AI1 4.0%, AI2 5.0%, 平局 91.0%
2026-03-06 23:32:37,450 - INFO - 近期100局: AI1 4.0%, AI2 5.0%, 平局 91.0%
2026-03-06 23:32:37,450 - INFO - 胜率差距: 1.0%
2026-03-06 23:32:37,450 - INFO - 胜率差距: 1.0%
2026-03-06 23:32:37,450 - INFO - 防守统计: 总138492次, 平均14.58次/局
2026-03-06 23:32:37,450 - INFO - 防守统计: 总138492次, 平均14.58次/局
2026-03-06 23:32:37,450 - INFO - 参数: AI1 ε=0.020, lr=0.126
2026-03-06 23:32:37,450 - INFO - 参数: AI1 ε=0.020, lr=0.126
2026-03-06 23:32:37,450 - INFO -        AI2 ε=0.013, lr=0.285
2026-03-06 23:32:37,450 - INFO -        AI2 ε=0.013, lr=0.285
2026-03-06 23:32:37,450 - INFO - ==================================================
2026-03-06 23:32:37,450 - INFO - ==================================================
2026-03-06 23:36:44,466 - INFO - 
⚖️ 平衡调整 #136: 差距<10% (拉开) 差距=4.0% 平局率=92.0% 强力进攻(全局倾向 x2.97)
2026-03-06 23:36:44,466 - INFO - 
⚖️ 平衡调整 #136: 差距<10% (拉开) 差距=4.0% 平局率=92.0% 强力进攻(全局倾向 x2.97)
2026-03-06 23:36:44,466 - INFO -   AI2(强): ε 0.012→0.011, lr 0.285→0.200, 攻击权 0.95→0.95, 防守权 0.05→0.05, 进攻启发 0.0100→0.0100, 防守启发 0.0001→0.0001
2026-03-06 23:36:44,466 - INFO -   AI2(强): ε 0.012→0.011, lr 0.285→0.200, 攻击权 0.95→0.95, 防守权 0.05→0.05, 进攻启发 0.0100→0.0100, 防守启发 0.0001→0.0001
2026-03-06 23:36:44,466 - INFO -   AI1(弱): ε 0.019→0.025, lr 0.126→0.180, 攻击权 0.95→0.95, 防守权 0.05→0.05, 进攻启发 0.0100→0.0100, 防守启发 0.0001→0.0001
2026-03-06 23:36:44,466 - INFO -   AI1(弱): ε 0.019→0.025, lr 0.126→0.180, 攻击权 0.95→0.95, 防守权 0.05→0.05, 进攻启发 0.0100→0.0100, 防守启发 0.0001→0.0001
2026-03-06 23:50:59,160 - INFO - 
⚖️ 平衡调整 #137: 差距<10% (拉开) 差距=0.0% 平局率=94.0% 强力进攻(全局倾向 x2.94)
2026-03-06 23:50:59,160 - INFO - 
⚖️ 平衡调整 #137: 差距<10% (拉开) 差距=0.0% 平局率=94.0% 强力进攻(全局倾向 x2.94)
2026-03-06 23:50:59,160 - INFO -   AI2(强): ε 0.010→0.009, lr 0.200→0.163, 攻击权 0.95→0.95, 防守权 0.05→0.05, 进攻启发 0.0100→0.0100, 防守启发 0.0001→0.0001
2026-03-06 23:50:59,160 - INFO -   AI2(强): ε 0.010→0.009, lr 0.200→0.163, 攻击权 0.95→0.95, 防守权 0.05→0.05, 进攻启发 0.0100→0.0100, 防守启发 0.0001→0.0001
2026-03-06 23:50:59,161 - INFO -   AI1(弱): ε 0.021→0.027, lr 0.180→0.257, 攻击权 0.95→0.95, 防守权 0.05→0.05, 进攻启发 0.0100→0.0100, 防守启发 0.0001→0.0001
2026-03-06 23:50:59,161 - INFO -   AI1(弱): ε 0.021→0.027, lr 0.180→0.257, 攻击权 0.95→0.95, 防守权 0.05→0.05, 进攻启发 0.0100→0.0100, 防守启发 0.0001→0.0001
2026-03-07 00:05:09,290 - INFO - 
⚖️ 平衡调整 #138: 差距<10% (拉开) 差距=2.0% 平局率=92.0% 强力进攻(全局倾向 x2.91)
2026-03-07 00:05:09,290 - INFO - 
⚖️ 平衡调整 #138: 差距<10% (拉开) 差距=2.0% 平局率=92.0% 强力进攻(全局倾向 x2.91)
2026-03-07 00:05:09,290 - INFO -   AI1(强): ε 0.023→0.021, lr 0.257→0.200, 攻击权 0.95→0.95, 防守权 0.05→0.05, 进攻启发 0.0100→0.0100, 防守启发 0.0001→0.0001
2026-03-07 00:05:09,290 - INFO -   AI1(强): ε 0.023→0.021, lr 0.257→0.200, 攻击权 0.95→0.95, 防守权 0.05→0.05, 进攻启发 0.0100→0.0100, 防守启发 0.0001→0.0001
2026-03-07 00:05:09,291 - INFO -   AI2(弱): ε 0.010→0.013, lr 0.163→0.233, 攻击权 0.95→0.95, 防守权 0.05→0.05, 进攻启发 0.0100→0.0100, 防守启发 0.0001→0.0001
2026-03-07 00:05:09,291 - INFO -   AI2(弱): ε 0.010→0.013, lr 0.163→0.233, 攻击权 0.95→0.95, 防守权 0.05→0.05, 进攻启发 0.0100→0.0100, 防守启发 0.0001→0.0001
2026-03-07 00:19:37,219 - INFO - 
⚖️ 平衡调整 #139: 差距<10% (拉开) 差距=5.0% 平局率=93.0% 强力进攻(全局倾向 x2.88)
2026-03-07 00:19:37,219 - INFO - 
⚖️ 平衡调整 #139: 差距<10% (拉开) 差距=5.0% 平局率=93.0% 强力进攻(全局倾向 x2.88)
2026-03-07 00:19:37,220 - INFO -   AI1(强): ε 0.017→0.015, lr 0.200→0.163, 攻击权 0.95→0.95, 防守权 0.05→0.05, 进攻启发 0.0100→0.0100, 防守启发 0.0001→0.0001
2026-03-07 00:19:37,220 - INFO -   AI1(强): ε 0.017→0.015, lr 0.200→0.163, 攻击权 0.95→0.95, 防守权 0.05→0.05, 进攻启发 0.0100→0.0100, 防守启发 0.0001→0.0001
2026-03-07 00:19:37,220 - INFO -   AI2(弱): ε 0.011→0.014, lr 0.233→0.300, 攻击权 0.95→0.95, 防守权 0.05→0.05, 进攻启发 0.0100→0.0100, 防守启发 0.0001→0.0001
2026-03-07 00:19:37,220 - INFO -   AI2(弱): ε 0.011→0.014, lr 0.233→0.300, 攻击权 0.95→0.95, 防守权 0.05→0.05, 进攻启发 0.0100→0.0100, 防守启发 0.0001→0.0001
2026-03-07 00:34:01,227 - INFO - 📈 全局进攻倾向提升至 3.00
2026-03-07 00:34:01,227 - INFO - 📈 全局进攻倾向提升至 3.00
2026-03-07 00:34:01,228 - INFO - 
⚖️ 平衡调整 #140: 差距<10% (拉开) 差距=4.0% 平局率=96.0% 强力进攻(全局倾向 x3.00)
2026-03-07 00:34:01,228 - INFO - 
⚖️ 平衡调整 #140: 差距<10% (拉开) 差距=4.0% 平局率=96.0% 强力进攻(全局倾向 x3.00)
2026-03-07 00:34:01,228 - INFO -   AI1(强): ε 0.013→0.012, lr 0.163→0.133, 攻击权 0.95→0.95, 防守权 0.05→0.05, 进攻启发 0.0100→0.0100, 防守启发 0.0001→0.0001
2026-03-07 00:34:01,228 - INFO -   AI1(强): ε 0.013→0.012, lr 0.163→0.133, 攻击权 0.95→0.95, 防守权 0.05→0.05, 进攻启发 0.0100→0.0100, 防守启发 0.0001→0.0001
2026-03-07 00:34:01,228 - INFO -   AI2(弱): ε 0.012→0.016, lr 0.300→0.300, 攻击权 0.95→0.95, 防守权 0.05→0.05, 进攻启发 0.0100→0.0100, 防守启发 0.0001→0.0001
2026-03-07 00:34:01,228 - INFO -   AI2(弱): ε 0.012→0.016, lr 0.300→0.300, 攻击权 0.95→0.95, 防守权 0.05→0.05, 进攻启发 0.0100→0.0100, 防守启发 0.0001→0.0001
2026-03-07 00:48:20,171 - INFO - 
⚖️ 平衡调整 #141: 差距<10% (拉开) 差距=3.0% 平局率=95.0% 强力进攻(全局倾向 x2.97)
2026-03-07 00:48:20,171 - INFO - 
⚖️ 平衡调整 #141: 差距<10% (拉开) 差距=3.0% 平局率=95.0% 强力进攻(全局倾向 x2.97)
2026-03-07 00:48:20,172 - INFO -   AI1(强): ε 0.010→0.009, lr 0.133→0.109, 攻击权 0.95→0.95, 防守权 0.05→0.05, 进攻启发 0.0100→0.0100, 防守启发 0.0001→0.0001
2026-03-07 00:48:20,172 - INFO -   AI1(强): ε 0.010→0.009, lr 0.133→0.109, 攻击权 0.95→0.95, 防守权 0.05→0.05, 进攻启发 0.0100→0.0100, 防守启发 0.0001→0.0001
2026-03-07 00:48:20,172 - INFO -   AI2(弱): ε 0.013→0.017, lr 0.300→0.300, 攻击权 0.95→0.95, 防守权 0.05→0.05, 进攻启发 0.0100→0.0100, 防守启发 0.0001→0.0001
2026-03-07 00:48:20,172 - INFO -   AI2(弱): ε 0.013→0.017, lr 0.300→0.300, 攻击权 0.95→0.95, 防守权 0.05→0.05, 进攻启发 0.0100→0.0100, 防守启发 0.0001→0.0001
2026-03-07 01:02:12,216 - INFO - 
⚖️ 平衡调整 #142: 差距<10% (拉开) 差距=3.0% 平局率=97.0% 强力进攻(全局倾向 x2.94)
2026-03-07 01:02:12,216 - INFO - 
⚖️ 平衡调整 #142: 差距<10% (拉开) 差距=3.0% 平局率=97.0% 强力进攻(全局倾向 x2.94)
2026-03-07 01:02:12,216 - INFO -   AI1(强): ε 0.010→0.009, lr 0.109→0.089, 攻击权 0.95→0.95, 防守权 0.05→0.05, 进攻启发 0.0100→0.0100, 防守启发 0.0001→0.0001
2026-03-07 01:02:12,216 - INFO -   AI1(强): ε 0.010→0.009, lr 0.109→0.089, 攻击权 0.95→0.95, 防守权 0.05→0.05, 进攻启发 0.0100→0.0100, 防守启发 0.0001→0.0001
2026-03-07 01:02:12,216 - INFO -   AI2(弱): ε 0.014→0.019, lr 0.300→0.300, 攻击权 0.95→0.95, 防守权 0.05→0.05, 进攻启发 0.0100→0.0100, 防守启发 0.0001→0.0001
2026-03-07 01:02:12,216 - INFO -   AI2(弱): ε 0.014→0.019, lr 0.300→0.300, 攻击权 0.95→0.95, 防守权 0.05→0.05, 进攻启发 0.0100→0.0100, 防守启发 0.0001→0.0001
2026-03-07 01:14:36,707 - INFO - 
==================================================
2026-03-07 01:14:36,707 - INFO - 
==================================================
2026-03-07 01:14:36,707 - INFO - 第 10000/20000 局 (50.0%)
2026-03-07 01:14:36,707 - INFO - 第 10000/20000 局 (50.0%)
2026-03-07 01:14:36,707 - INFO - 速度: 0.1局/秒, 已用: 2010.7分钟
2026-03-07 01:14:36,707 - INFO - 速度: 0.1局/秒, 已用: 2010.7分钟
2026-03-07 01:14:36,708 - INFO - 总战绩: AI1 373胜, AI2 1047胜, 平局 8580
2026-03-07 01:14:36,708 - INFO - 总战绩: AI1 373胜, AI2 1047胜, 平局 8580
2026-03-07 01:14:36,708 - INFO - 近期100局: AI1 2.0%, AI2 1.0%, 平局 97.0%
2026-03-07 01:14:36,708 - INFO - 近期100局: AI1 2.0%, AI2 1.0%, 平局 97.0%
2026-03-07 01:14:36,708 - INFO - 胜率差距: 1.0%
2026-03-07 01:14:36,708 - INFO - 胜率差距: 1.0%
2026-03-07 01:14:36,708 - INFO - 防守统计: 总145076次, 平均14.51次/局
2026-03-07 01:14:36,708 - INFO - 防守统计: 总145076次, 平均14.51次/局
2026-03-07 01:14:36,708 - INFO - 参数: AI1 ε=0.010, lr=0.089
2026-03-07 01:14:36,708 - INFO - 参数: AI1 ε=0.010, lr=0.089
2026-03-07 01:14:36,708 - INFO -        AI2 ε=0.016, lr=0.300
2026-03-07 01:14:36,708 - INFO -        AI2 ε=0.016, lr=0.300
2026-03-07 01:14:36,708 - INFO - ==================================================
2026-03-07 01:14:36,708 - INFO - ==================================================
2026-03-07 01:14:36,710 - INFO - 
📊 第 10000 局检查点 速度:0.1局/秒
2026-03-07 01:14:36,710 - INFO - 
📊 第 10000 局检查点 速度:0.1局/秒
2026-03-07 01:14:36,711 - INFO -   战绩: AI1 373胜 AI2 1047胜 平局 8580
2026-03-07 01:14:36,711 - INFO -   战绩: AI1 373胜 AI2 1047胜 平局 8580
2026-03-07 01:14:36,711 - INFO -   胜率: AI1 3.7% AI2 10.5% 平局 85.8%
2026-03-07 01:14:36,711 - INFO -   胜率: AI1 3.7% AI2 10.5% 平局 85.8%
2026-03-07 01:14:36,711 - INFO -   差距:6.7% 防守:145076次
2026-03-07 01:14:36,711 - INFO -   差距:6.7% 防守:145076次
2026-03-07 01:14:39,266 - INFO -   统计图已保存: stats_ep10000.png
2026-03-07 01:14:39,266 - INFO -   统计图已保存: stats_ep10000.png
2026-03-07 01:16:38,332 - INFO - 
⚖️ 平衡调整 #143: 差距<10% (拉开) 差距=1.0% 平局率=95.0% 强力进攻(全局倾向 x2.91)
2026-03-07 01:16:38,332 - INFO - 
⚖️ 平衡调整 #143: 差距<10% (拉开) 差距=1.0% 平局率=95.0% 强力进攻(全局倾向 x2.91)
2026-03-07 01:16:38,332 - INFO -   AI1(强): ε 0.010→0.009, lr 0.089→0.072, 攻击权 0.95→0.95, 防守权 0.05→0.05, 进攻启发 0.0100→0.0100, 防守启发 0.0001→0.0001
2026-03-07 01:16:38,332 - INFO -   AI1(强): ε 0.010→0.009, lr 0.089→0.072, 攻击权 0.95→0.95, 防守权 0.05→0.05, 进攻启发 0.0100→0.0100, 防守启发 0.0001→0.0001
2026-03-07 01:16:38,333 - INFO -   AI2(弱): ε 0.016→0.021, lr 0.300→0.300, 攻击权 0.95→0.95, 防守权 0.05→0.05, 进攻启发 0.0100→0.0100, 防守启发 0.0001→0.0001
2026-03-07 01:16:38,333 - INFO -   AI2(弱): ε 0.016→0.021, lr 0.300→0.300, 攻击权 0.95→0.95, 防守权 0.05→0.05, 进攻启发 0.0100→0.0100, 防守启发 0.0001→0.0001
2026-03-07 01:30:29,958 - INFO - 
⚖️ 平衡调整 #144: 差距<10% (拉开) 差距=1.0% 平局率=93.0% 强力进攻(全局倾向 x2.88)
2026-03-07 01:30:29,958 - INFO - 
⚖️ 平衡调整 #144: 差距<10% (拉开) 差距=1.0% 平局率=93.0% 强力进攻(全局倾向 x2.88)
2026-03-07 01:30:29,959 - INFO -   AI2(强): ε 0.017→0.015, lr 0.300→0.200, 攻击权 0.95→0.95, 防守权 0.05→0.05, 进攻启发 0.0100→0.0100, 防守启发 0.0001→0.0001
2026-03-07 01:30:29,959 - INFO -   AI2(强): ε 0.017→0.015, lr 0.300→0.200, 攻击权 0.95→0.95, 防守权 0.05→0.05, 进攻启发 0.0100→0.0100, 防守启发 0.0001→0.0001
2026-03-07 01:30:29,959 - INFO -   AI1(弱): ε 0.010→0.013, lr 0.072→0.120, 攻击权 0.95→0.95, 防守权 0.05→0.05, 进攻启发 0.0100→0.0100, 防守启发 0.0001→0.0001
2026-03-07 01:30:29,959 - INFO -   AI1(弱): ε 0.010→0.013, lr 0.072→0.120, 攻击权 0.95→0.95, 防守权 0.05→0.05, 进攻启发 0.0100→0.0100, 防守启发 0.0001→0.0001
2026-03-07 01:44:19,929 - INFO - 📈 全局进攻倾向提升至 3.00
2026-03-07 01:44:19,929 - INFO - 📈 全局进攻倾向提升至 3.00
2026-03-07 01:44:19,929 - INFO - 
⚖️ 平衡调整 #145: 差距<10% (拉开) 差距=4.0% 平局率=94.0% 强力进攻(全局倾向 x3.00)
2026-03-07 01:44:19,929 - INFO - 
⚖️ 平衡调整 #145: 差距<10% (拉开) 差距=4.0% 平局率=94.0% 强力进攻(全局倾向 x3.00)
2026-03-07 01:44:19,930 - INFO -   AI1(强): ε 0.011→0.010, lr 0.120→0.098, 攻击权 0.95→0.95, 防守权 0.05→0.05, 进攻启发 0.0100→0.0100, 防守启发 0.0001→0.0001
2026-03-07 01:44:19,930 - INFO -   AI1(强): ε 0.011→0.010, lr 0.120→0.098, 攻击权 0.95→0.95, 防守权 0.05→0.05, 进攻启发 0.0100→0.0100, 防守启发 0.0001→0.0001
2026-03-07 01:44:19,930 - INFO -   AI2(弱): ε 0.013→0.017, lr 0.200→0.285, 攻击权 0.95→0.95, 防守权 0.05→0.05, 进攻启发 0.0100→0.0100, 防守启发 0.0001→0.0001
2026-03-07 01:44:19,930 - INFO -   AI2(弱): ε 0.013→0.017, lr 0.200→0.285, 攻击权 0.95→0.95, 防守权 0.05→0.05, 进攻启发 0.0100→0.0100, 防守启发 0.0001→0.0001
2026-03-07 01:58:08,648 - INFO - 
⚖️ 平衡调整 #146: 差距<10% (拉开) 差距=2.0% 平局率=96.0% 强力进攻(全局倾向 x2.97)
2026-03-07 01:58:08,648 - INFO - 
⚖️ 平衡调整 #146: 差距<10% (拉开) 差距=2.0% 平局率=96.0% 强力进攻(全局倾向 x2.97)
2026-03-07 01:58:08,648 - INFO -   AI2(强): ε 0.014→0.013, lr 0.285→0.200, 攻击权 0.95→0.95, 防守权 0.05→0.05, 进攻启发 0.0100→0.0100, 防守启发 0.0001→0.0001
2026-03-07 01:58:08,648 - INFO -   AI2(强): ε 0.014→0.013, lr 0.285→0.200, 攻击权 0.95→0.95, 防守权 0.05→0.05, 进攻启发 0.0100→0.0100, 防守启发 0.0001→0.0001
2026-03-07 01:58:08,649 - INFO -   AI1(弱): ε 0.010→0.013, lr 0.098→0.140, 攻击权 0.95→0.95, 防守权 0.05→0.05, 进攻启发 0.0100→0.0100, 防守启发 0.0001→0.0001
2026-03-07 01:58:08,649 - INFO -   AI1(弱): ε 0.010→0.013, lr 0.098→0.140, 攻击权 0.95→0.95, 防守权 0.05→0.05, 进攻启发 0.0100→0.0100, 防守启发 0.0001→0.0001
2026-03-07 02:12:31,581 - INFO - 
⚖️ 平衡调整 #147: 差距<10% (拉开) 差距=4.0% 平局率=94.0% 强力进攻(全局倾向 x2.94)
2026-03-07 02:12:31,581 - INFO - 
⚖️ 平衡调整 #147: 差距<10% (拉开) 差距=4.0% 平局率=94.0% 强力进攻(全局倾向 x2.94)
2026-03-07 02:12:31,581 - INFO -   AI2(强): ε 0.011→0.010, lr 0.200→0.163, 攻击权 0.95→0.95, 防守权 0.05→0.05, 进攻启发 0.0100→0.0100, 防守启发 0.0001→0.0001
2026-03-07 02:12:31,581 - INFO -   AI2(强): ε 0.011→0.010, lr 0.200→0.163, 攻击权 0.95→0.95, 防守权 0.05→0.05, 进攻启发 0.0100→0.0100, 防守启发 0.0001→0.0001
2026-03-07 02:12:31,582 - INFO -   AI1(弱): ε 0.011→0.014, lr 0.140→0.199, 攻击权 0.95→0.95, 防守权 0.05→0.05, 进攻启发 0.0100→0.0100, 防守启发 0.0001→0.0001
2026-03-07 02:12:31,582 - INFO -   AI1(弱): ε 0.011→0.014, lr 0.140→0.199, 攻击权 0.95→0.95, 防守权 0.05→0.05, 进攻启发 0.0100→0.0100, 防守启发 0.0001→0.0001
2026-03-07 02:26:42,588 - INFO - 
⚖️ 平衡调整 #148: 差距<10% (拉开) 差距=3.0% 平局率=93.0% 强力进攻(全局倾向 x2.91)
2026-03-07 02:26:42,588 - INFO - 
⚖️ 平衡调整 #148: 差距<10% (拉开) 差距=3.0% 平局率=93.0% 强力进攻(全局倾向 x2.91)
2026-03-07 02:26:42,588 - INFO -   AI2(强): ε 0.010→0.009, lr 0.163→0.133, 攻击权 0.95→0.95, 防守权 0.05→0.05, 进攻启发 0.0100→0.0100, 防守启发 0.0001→0.0001
2026-03-07 02:26:42,588 - INFO -   AI2(强): ε 0.010→0.009, lr 0.163→0.133, 攻击权 0.95→0.95, 防守权 0.05→0.05, 进攻启发 0.0100→0.0100, 防守启发 0.0001→0.0001
2026-03-07 02:26:42,588 - INFO -   AI1(弱): ε 0.012→0.016, lr 0.199→0.283, 攻击权 0.95→0.95, 防守权 0.05→0.05, 进攻启发 0.0100→0.0100, 防守启发 0.0001→0.0001
2026-03-07 02:26:42,588 - INFO -   AI1(弱): ε 0.012→0.016, lr 0.199→0.283, 攻击权 0.95→0.95, 防守权 0.05→0.05, 进攻启发 0.0100→0.0100, 防守启发 0.0001→0.0001
2026-03-07 02:40:59,736 - INFO - 
⚖️ 平衡调整 #149: 差距<10% (拉开) 差距=2.0% 平局率=94.0% 强力进攻(全局倾向 x2.88)
2026-03-07 02:40:59,736 - INFO - 
⚖️ 平衡调整 #149: 差距<10% (拉开) 差距=2.0% 平局率=94.0% 强力进攻(全局倾向 x2.88)
2026-03-07 02:40:59,736 - INFO -   AI2(强): ε 0.010→0.009, lr 0.133→0.109, 攻击权 0.95→0.95, 防守权 0.05→0.05, 进攻启发 0.0100→0.0100, 防守启发 0.0001→0.0001
2026-03-07 02:40:59,736 - INFO -   AI2(强): ε 0.010→0.009, lr 0.133→0.109, 攻击权 0.95→0.95, 防守权 0.05→0.05, 进攻启发 0.0100→0.0100, 防守启发 0.0001→0.0001
2026-03-07 02:40:59,736 - INFO -   AI1(弱): ε 0.013→0.017, lr 0.283→0.300, 攻击权 0.95→0.95, 防守权 0.05→0.05, 进攻启发 0.0100→0.0100, 防守启发 0.0001→0.0001
2026-03-07 02:40:59,736 - INFO -   AI1(弱): ε 0.013→0.017, lr 0.283→0.300, 攻击权 0.95→0.95, 防守权 0.05→0.05, 进攻启发 0.0100→0.0100, 防守启发 0.0001→0.0001
2026-03-07 02:54:52,782 - INFO - 📈 全局进攻倾向提升至 3.00
2026-03-07 02:54:52,782 - INFO - 📈 全局进攻倾向提升至 3.00
2026-03-07 02:54:52,783 - INFO - 
⚖️ 平衡调整 #150: 差距<10% (拉开) 差距=2.0% 平局率=92.0% 强力进攻(全局倾向 x3.00)
2026-03-07 02:54:52,783 - INFO - 
⚖️ 平衡调整 #150: 差距<10% (拉开) 差距=2.0% 平局率=92.0% 强力进攻(全局倾向 x3.00)
2026-03-07 02:54:52,783 - INFO -   AI1(强): ε 0.014→0.013, lr 0.300→0.200, 攻击权 0.95→0.95, 防守权 0.05→0.05, 进攻启发 0.0100→0.0100, 防守启发 0.0001→0.0001
2026-03-07 02:54:52,783 - INFO -   AI1(强): ε 0.014→0.013, lr 0.300→0.200, 攻击权 0.95→0.95, 防守权 0.05→0.05, 进攻启发 0.0100→0.0100, 防守启发 0.0001→0.0001
2026-03-07 02:54:52,783 - INFO -   AI2(弱): ε 0.010→0.013, lr 0.109→0.155, 攻击权 0.95→0.95, 防守权 0.05→0.05, 进攻启发 0.0100→0.0100, 防守启发 0.0001→0.0001
2026-03-07 02:54:52,783 - INFO -   AI2(弱): ε 0.010→0.013, lr 0.109→0.155, 攻击权 0.95→0.95, 防守权 0.05→0.05, 进攻启发 0.0100→0.0100, 防守启发 0.0001→0.0001
2026-03-07 02:54:52,783 - INFO - 
==================================================
2026-03-07 02:54:52,783 - INFO - 
==================================================
2026-03-07 02:54:52,783 - INFO - 第 10500/20000 局 (52.5%)
2026-03-07 02:54:52,783 - INFO - 第 10500/20000 局 (52.5%)
2026-03-07 02:54:52,783 - INFO - 速度: 0.1局/秒, 已用: 2111.0分钟
2026-03-07 02:54:52,783 - INFO - 速度: 0.1局/秒, 已用: 2111.0分钟
2026-03-07 02:54:52,783 - INFO - 总战绩: AI1 389胜, AI2 1067胜, 平局 9044
2026-03-07 02:54:52,783 - INFO - 总战绩: AI1 389胜, AI2 1067胜, 平局 9044
2026-03-07 02:54:52,783 - INFO - 近期100局: AI1 5.0%, AI2 3.0%, 平局 92.0%
2026-03-07 02:54:52,783 - INFO - 近期100局: AI1 5.0%, AI2 3.0%, 平局 92.0%
2026-03-07 02:54:52,783 - INFO - 胜率差距: 2.0%
2026-03-07 02:54:52,783 - INFO - 胜率差距: 2.0%
2026-03-07 02:54:52,784 - INFO - 防守统计: 总151696次, 平均14.45次/局
2026-03-07 02:54:52,784 - INFO - 防守统计: 总151696次, 平均14.45次/局
2026-03-07 02:54:52,784 - INFO - 参数: AI1 ε=0.013, lr=0.200
2026-03-07 02:54:52,784 - INFO - 参数: AI1 ε=0.013, lr=0.200
2026-03-07 02:54:52,784 - INFO -        AI2 ε=0.013, lr=0.155
2026-03-07 02:54:52,784 - INFO -        AI2 ε=0.013, lr=0.155
2026-03-07 02:54:52,784 - INFO - ==================================================
2026-03-07 02:54:52,784 - INFO - ==================================================
2026-03-07 03:09:19,355 - INFO - 
⚖️ 平衡调整 #151: 差距<10% (拉开) 差距=3.0% 平局率=95.0% 强力进攻(全局倾向 x2.97)
2026-03-07 03:09:19,355 - INFO - 
⚖️ 平衡调整 #151: 差距<10% (拉开) 差距=3.0% 平局率=95.0% 强力进攻(全局倾向 x2.97)
2026-03-07 03:09:19,356 - INFO -   AI1(强): ε 0.011→0.010, lr 0.200→0.163, 攻击权 0.95→0.95, 防守权 0.05→0.05, 进攻启发 0.0100→0.0100, 防守启发 0.0001→0.0001
2026-03-07 03:09:19,356 - INFO -   AI1(强): ε 0.011→0.010, lr 0.200→0.163, 攻击权 0.95→0.95, 防守权 0.05→0.05, 进攻启发 0.0100→0.0100, 防守启发 0.0001→0.0001
2026-03-07 03:09:19,356 - INFO -   AI2(弱): ε 0.011→0.014, lr 0.155→0.221, 攻击权 0.95→0.95, 防守权 0.05→0.05, 进攻启发 0.0100→0.0100, 防守启发 0.0001→0.0001
2026-03-07 03:09:19,356 - INFO -   AI2(弱): ε 0.011→0.014, lr 0.155→0.221, 攻击权 0.95→0.95, 防守权 0.05→0.05, 进攻启发 0.0100→0.0100, 防守启发 0.0001→0.0001
2026-03-07 03:23:43,516 - INFO - 
⚖️ 平衡调整 #152: 差距<10% (拉开) 差距=0.0% 平局率=96.0% 强力进攻(全局倾向 x2.94)
2026-03-07 03:23:43,516 - INFO - 
⚖️ 平衡调整 #152: 差距<10% (拉开) 差距=0.0% 平局率=96.0% 强力进攻(全局倾向 x2.94)
2026-03-07 03:23:43,517 - INFO -   AI2(强): ε 0.012→0.011, lr 0.221→0.180, 攻击权 0.95→0.95, 防守权 0.05→0.05, 进攻启发 0.0100→0.0100, 防守启发 0.0001→0.0001
2026-03-07 03:23:43,517 - INFO -   AI2(强): ε 0.012→0.011, lr 0.221→0.180, 攻击权 0.95→0.95, 防守权 0.05→0.05, 进攻启发 0.0100→0.0100, 防守启发 0.0001→0.0001
2026-03-07 03:23:43,517 - INFO -   AI1(弱): ε 0.010→0.013, lr 0.163→0.233, 攻击权 0.95→0.95, 防守权 0.05→0.05, 进攻启发 0.0100→0.0100, 防守启发 0.0001→0.0001
2026-03-07 03:23:43,517 - INFO -   AI1(弱): ε 0.010→0.013, lr 0.163→0.233, 攻击权 0.95→0.95, 防守权 0.05→0.05, 进攻启发 0.0100→0.0100, 防守启发 0.0001→0.0001
2026-03-07 03:38:01,725 - INFO - 
⚖️ 平衡调整 #153: 差距<10% (拉开) 差距=2.0% 平局率=94.0% 强力进攻(全局倾向 x2.91)
2026-03-07 03:38:01,725 - INFO - 
⚖️ 平衡调整 #153: 差距<10% (拉开) 差距=2.0% 平局率=94.0% 强力进攻(全局倾向 x2.91)
2026-03-07 03:38:01,726 - INFO -   AI1(强): ε 0.011→0.010, lr 0.233→0.190, 攻击权 0.95→0.95, 防守权 0.05→0.05, 进攻启发 0.0100→0.0100, 防守启发 0.0001→0.0001
2026-03-07 03:38:01,726 - INFO -   AI1(强): ε 0.011→0.010, lr 0.233→0.190, 攻击权 0.95→0.95, 防守权 0.05→0.05, 进攻启发 0.0100→0.0100, 防守启发 0.0001→0.0001
2026-03-07 03:38:01,726 - INFO -   AI2(弱): ε 0.010→0.013, lr 0.180→0.257, 攻击权 0.95→0.95, 防守权 0.05→0.05, 进攻启发 0.0100→0.0100, 防守启发 0.0001→0.0001
2026-03-07 03:38:01,726 - INFO -   AI2(弱): ε 0.010→0.013, lr 0.180→0.257, 攻击权 0.95→0.95, 防守权 0.05→0.05, 进攻启发 0.0100→0.0100, 防守启发 0.0001→0.0001
2026-03-07 03:52:18,435 - INFO - 
⚖️ 平衡调整 #154: 差距<10% (拉开) 差距=1.0% 平局率=95.0% 强力进攻(全局倾向 x2.88)
2026-03-07 03:52:18,435 - INFO - 
⚖️ 平衡调整 #154: 差距<10% (拉开) 差距=1.0% 平局率=95.0% 强力进攻(全局倾向 x2.88)
2026-03-07 03:52:18,436 - INFO -   AI1(强): ε 0.010→0.009, lr 0.190→0.155, 攻击权 0.95→0.95, 防守权 0.05→0.05, 进攻启发 0.0100→0.0100, 防守启发 0.0001→0.0001
2026-03-07 03:52:18,436 - INFO -   AI1(强): ε 0.010→0.009, lr 0.190→0.155, 攻击权 0.95→0.95, 防守权 0.05→0.05, 进攻启发 0.0100→0.0100, 防守启发 0.0001→0.0001
2026-03-07 03:52:18,436 - INFO -   AI2(弱): ε 0.011→0.014, lr 0.257→0.300, 攻击权 0.95→0.95, 防守权 0.05→0.05, 进攻启发 0.0100→0.0100, 防守启发 0.0001→0.0001
2026-03-07 03:52:18,436 - INFO -   AI2(弱): ε 0.011→0.014, lr 0.257→0.300, 攻击权 0.95→0.95, 防守权 0.05→0.05, 进攻启发 0.0100→0.0100, 防守启发 0.0001→0.0001
2026-03-07 04:06:22,694 - INFO - 📈 全局进攻倾向提升至 3.00
2026-03-07 04:06:22,694 - INFO - 📈 全局进攻倾向提升至 3.00
2026-03-07 04:06:22,695 - INFO - 
⚖️ 平衡调整 #155: 差距<10% (拉开) 差距=3.0% 平局率=91.0% 强力进攻(全局倾向 x3.00)
2026-03-07 04:06:22,695 - INFO - 
⚖️ 平衡调整 #155: 差距<10% (拉开) 差距=3.0% 平局率=91.0% 强力进攻(全局倾向 x3.00)
2026-03-07 04:06:22,695 - INFO -   AI1(强): ε 0.010→0.009, lr 0.155→0.126, 攻击权 0.95→0.95, 防守权 0.05→0.05, 进攻启发 0.0100→0.0100, 防守启发 0.0001→0.0001
2026-03-07 04:06:22,695 - INFO -   AI1(强): ε 0.010→0.009, lr 0.155→0.126, 攻击权 0.95→0.95, 防守权 0.05→0.05, 进攻启发 0.0100→0.0100, 防守启发 0.0001→0.0001
2026-03-07 04:06:22,695 - INFO -   AI2(弱): ε 0.012→0.016, lr 0.300→0.300, 攻击权 0.95→0.95, 防守权 0.05→0.05, 进攻启发 0.0100→0.0100, 防守启发 0.0001→0.0001
2026-03-07 04:06:22,695 - INFO -   AI2(弱): ε 0.012→0.016, lr 0.300→0.300, 攻击权 0.95→0.95, 防守权 0.05→0.05, 进攻启发 0.0100→0.0100, 防守启发 0.0001→0.0001
2026-03-07 04:20:37,160 - INFO - 
⚖️ 平衡调整 #156: 差距<10% (拉开) 差距=5.0% 平局率=91.0% 强力进攻(全局倾向 x2.97)
2026-03-07 04:20:37,160 - INFO - 
⚖️ 平衡调整 #156: 差距<10% (拉开) 差距=5.0% 平局率=91.0% 强力进攻(全局倾向 x2.97)
2026-03-07 04:20:37,160 - INFO -   AI1(强): ε 0.010→0.009, lr 0.126→0.103, 攻击权 0.95→0.95, 防守权 0.05→0.05, 进攻启发 0.0100→0.0100, 防守启发 0.0001→0.0001
2026-03-07 04:20:37,160 - INFO -   AI1(强): ε 0.010→0.009, lr 0.126→0.103, 攻击权 0.95→0.95, 防守权 0.05→0.05, 进攻启发 0.0100→0.0100, 防守启发 0.0001→0.0001
2026-03-07 04:20:37,160 - INFO -   AI2(弱): ε 0.013→0.017, lr 0.300→0.300, 攻击权 0.95→0.95, 防守权 0.05→0.05, 进攻启发 0.0100→0.0100, 防守启发 0.0001→0.0001
2026-03-07 04:20:37,160 - INFO -   AI2(弱): ε 0.013→0.017, lr 0.300→0.300, 攻击权 0.95→0.95, 防守权 0.05→0.05, 进攻启发 0.0100→0.0100, 防守启发 0.0001→0.0001
2026-03-07 04:34:11,533 - INFO - 
⚖️ 平衡调整 #157: 差距<10% (拉开) 差距=0.0% 平局率=92.0% 强力进攻(全局倾向 x2.94)
2026-03-07 04:34:11,533 - INFO - 
⚖️ 平衡调整 #157: 差距<10% (拉开) 差距=0.0% 平局率=92.0% 强力进攻(全局倾向 x2.94)
2026-03-07 04:34:11,533 - INFO -   AI2(强): ε 0.015→0.013, lr 0.300→0.200, 攻击权 0.95→0.95, 防守权 0.05→0.05, 进攻启发 0.0100→0.0100, 防守启发 0.0001→0.0001
2026-03-07 04:34:11,533 - INFO -   AI2(强): ε 0.015→0.013, lr 0.300→0.200, 攻击权 0.95→0.95, 防守权 0.05→0.05, 进攻启发 0.0100→0.0100, 防守启发 0.0001→0.0001
2026-03-07 04:34:11,533 - INFO -   AI1(弱): ε 0.010→0.013, lr 0.103→0.147, 攻击权 0.95→0.95, 防守权 0.05→0.05, 进攻启发 0.0100→0.0100, 防守启发 0.0001→0.0001
2026-03-07 04:34:11,533 - INFO -   AI1(弱): ε 0.010→0.013, lr 0.103→0.147, 攻击权 0.95→0.95, 防守权 0.05→0.05, 进攻启发 0.0100→0.0100, 防守启发 0.0001→0.0001
2026-03-07 04:36:15,126 - INFO - 
==================================================
2026-03-07 04:36:15,126 - INFO - 
==================================================
2026-03-07 04:36:15,127 - INFO - 第 11000/20000 局 (55.0%)
2026-03-07 04:36:15,127 - INFO - 第 11000/20000 局 (55.0%)
2026-03-07 04:36:15,127 - INFO - 速度: 0.1局/秒, 已用: 2212.4分钟
2026-03-07 04:36:15,127 - INFO - 速度: 0.1局/秒, 已用: 2212.4分钟
2026-03-07 04:36:15,127 - INFO - 总战绩: AI1 409胜, AI2 1077胜, 平局 9514
2026-03-07 04:36:15,127 - INFO - 总战绩: AI1 409胜, AI2 1077胜, 平局 9514
2026-03-07 04:36:15,127 - INFO - 近期100局: AI1 4.0%, AI2 4.0%, 平局 92.0%
2026-03-07 04:36:15,127 - INFO - 近期100局: AI1 4.0%, AI2 4.0%, 平局 92.0%
2026-03-07 04:36:15,127 - INFO - 胜率差距: 0.0%
2026-03-07 04:36:15,127 - INFO - 胜率差距: 0.0%
2026-03-07 04:36:15,127 - INFO - 防守统计: 总158298次, 平均14.39次/局
2026-03-07 04:36:15,127 - INFO - 防守统计: 总158298次, 平均14.39次/局
2026-03-07 04:36:15,127 - INFO - 参数: AI1 ε=0.013, lr=0.147
2026-03-07 04:36:15,127 - INFO - 参数: AI1 ε=0.013, lr=0.147
2026-03-07 04:36:15,127 - INFO -        AI2 ε=0.013, lr=0.200
2026-03-07 04:36:15,127 - INFO -        AI2 ε=0.013, lr=0.200
2026-03-07 04:36:15,127 - INFO - ==================================================
2026-03-07 04:36:15,127 - INFO - ==================================================
2026-03-07 04:48:09,655 - INFO - 
⚖️ 平衡调整 #158: 差距<10% (拉开) 差距=2.0% 平局率=92.0% 强力进攻(全局倾向 x2.91)
2026-03-07 04:48:09,655 - INFO - 
⚖️ 平衡调整 #158: 差距<10% (拉开) 差距=2.0% 平局率=92.0% 强力进攻(全局倾向 x2.91)
2026-03-07 04:48:09,655 - INFO -   AI1(强): ε 0.011→0.010, lr 0.147→0.120, 攻击权 0.95→0.95, 防守权 0.05→0.05, 进攻启发 0.0100→0.0100, 防守启发 0.0001→0.0001
2026-03-07 04:48:09,655 - INFO -   AI1(强): ε 0.011→0.010, lr 0.147→0.120, 攻击权 0.95→0.95, 防守权 0.05→0.05, 进攻启发 0.0100→0.0100, 防守启发 0.0001→0.0001
2026-03-07 04:48:09,655 - INFO -   AI2(弱): ε 0.011→0.014, lr 0.200→0.285, 攻击权 0.95→0.95, 防守权 0.05→0.05, 进攻启发 0.0100→0.0100, 防守启发 0.0001→0.0001
2026-03-07 04:48:09,655 - INFO -   AI2(弱): ε 0.011→0.014, lr 0.200→0.285, 攻击权 0.95→0.95, 防守权 0.05→0.05, 进攻启发 0.0100→0.0100, 防守启发 0.0001→0.0001
2026-03-07 05:02:06,291 - INFO - 
⚖️ 平衡调整 #159: 差距<10% (拉开) 差距=3.0% 平局率=95.0% 强力进攻(全局倾向 x2.88)
2026-03-07 05:02:06,291 - INFO - 
⚖️ 平衡调整 #159: 差距<10% (拉开) 差距=3.0% 平局率=95.0% 强力进攻(全局倾向 x2.88)
2026-03-07 05:02:06,291 - INFO -   AI2(强): ε 0.012→0.011, lr 0.285→0.200, 攻击权 0.95→0.95, 防守权 0.05→0.05, 进攻启发 0.0100→0.0100, 防守启发 0.0001→0.0001
2026-03-07 05:02:06,291 - INFO -   AI2(强): ε 0.012→0.011, lr 0.285→0.200, 攻击权 0.95→0.95, 防守权 0.05→0.05, 进攻启发 0.0100→0.0100, 防守启发 0.0001→0.0001
2026-03-07 05:02:06,291 - INFO -   AI1(弱): ε 0.010→0.013, lr 0.120→0.171, 攻击权 0.95→0.95, 防守权 0.05→0.05, 进攻启发 0.0100→0.0100, 防守启发 0.0001→0.0001
2026-03-07 05:02:06,291 - INFO -   AI1(弱): ε 0.010→0.013, lr 0.120→0.171, 攻击权 0.95→0.95, 防守权 0.05→0.05, 进攻启发 0.0100→0.0100, 防守启发 0.0001→0.0001
2026-03-07 05:16:06,614 - INFO - 📈 全局进攻倾向提升至 3.00
2026-03-07 05:16:06,614 - INFO - 📈 全局进攻倾向提升至 3.00
2026-03-07 05:16:06,615 - INFO - 
⚖️ 平衡调整 #160: 差距<10% (拉开) 差距=5.0% 平局率=93.0% 强力进攻(全局倾向 x3.00)
2026-03-07 05:16:06,615 - INFO - 
⚖️ 平衡调整 #160: 差距<10% (拉开) 差距=5.0% 平局率=93.0% 强力进攻(全局倾向 x3.00)
2026-03-07 05:16:06,615 - INFO -   AI2(强): ε 0.010→0.009, lr 0.200→0.163, 攻击权 0.95→0.95, 防守权 0.05→0.05, 进攻启发 0.0100→0.0100, 防守启发 0.0001→0.0001
2026-03-07 05:16:06,615 - INFO -   AI2(强): ε 0.010→0.009, lr 0.200→0.163, 攻击权 0.95→0.95, 防守权 0.05→0.05, 进攻启发 0.0100→0.0100, 防守启发 0.0001→0.0001
2026-03-07 05:16:06,615 - INFO -   AI1(弱): ε 0.011→0.014, lr 0.171→0.243, 攻击权 0.95→0.95, 防守权 0.05→0.05, 进攻启发 0.0100→0.0100, 防守启发 0.0001→0.0001
2026-03-07 05:16:06,615 - INFO -   AI1(弱): ε 0.011→0.014, lr 0.171→0.243, 攻击权 0.95→0.95, 防守权 0.05→0.05, 进攻启发 0.0100→0.0100, 防守启发 0.0001→0.0001
2026-03-07 05:30:26,671 - INFO - 
⚖️ 平衡调整 #161: 差距<10% (拉开) 差距=2.0% 平局率=94.0% 强力进攻(全局倾向 x2.97)
2026-03-07 05:30:26,671 - INFO - 
⚖️ 平衡调整 #161: 差距<10% (拉开) 差距=2.0% 平局率=94.0% 强力进攻(全局倾向 x2.97)
2026-03-07 05:30:26,671 - INFO -   AI2(强): ε 0.010→0.009, lr 0.163→0.133, 攻击权 0.95→0.95, 防守权 0.05→0.05, 进攻启发 0.0100→0.0100, 防守启发 0.0001→0.0001
2026-03-07 05:30:26,671 - INFO -   AI2(强): ε 0.010→0.009, lr 0.163→0.133, 攻击权 0.95→0.95, 防守权 0.05→0.05, 进攻启发 0.0100→0.0100, 防守启发 0.0001→0.0001
2026-03-07 05:30:26,671 - INFO -   AI1(弱): ε 0.012→0.016, lr 0.243→0.300, 攻击权 0.95→0.95, 防守权 0.05→0.05, 进攻启发 0.0100→0.0100, 防守启发 0.0001→0.0001
2026-03-07 05:30:26,671 - INFO -   AI1(弱): ε 0.012→0.016, lr 0.243→0.300, 攻击权 0.95→0.95, 防守权 0.05→0.05, 进攻启发 0.0100→0.0100, 防守启发 0.0001→0.0001
2026-03-07 05:44:42,702 - INFO - 
⚖️ 平衡调整 #162: 差距<10% (拉开) 差距=3.0% 平局率=93.0% 强力进攻(全局倾向 x2.94)
2026-03-07 05:44:42,702 - INFO - 
⚖️ 平衡调整 #162: 差距<10% (拉开) 差距=3.0% 平局率=93.0% 强力进攻(全局倾向 x2.94)
2026-03-07 05:44:42,702 - INFO -   AI2(强): ε 0.010→0.009, lr 0.133→0.109, 攻击权 0.95→0.95, 防守权 0.05→0.05, 进攻启发 0.0100→0.0100, 防守启发 0.0001→0.0001
2026-03-07 05:44:42,702 - INFO -   AI2(强): ε 0.010→0.009, lr 0.133→0.109, 攻击权 0.95→0.95, 防守权 0.05→0.05, 进攻启发 0.0100→0.0100, 防守启发 0.0001→0.0001
2026-03-07 05:44:42,702 - INFO -   AI1(弱): ε 0.013→0.017, lr 0.300→0.300, 攻击权 0.95→0.95, 防守权 0.05→0.05, 进攻启发 0.0100→0.0100, 防守启发 0.0001→0.0001
2026-03-07 05:44:42,702 - INFO -   AI1(弱): ε 0.013→0.017, lr 0.300→0.300, 攻击权 0.95→0.95, 防守权 0.05→0.05, 进攻启发 0.0100→0.0100, 防守启发 0.0001→0.0001
2026-03-07 05:58:20,136 - INFO - 
⚖️ 平衡调整 #163: 差距<10% (拉开) 差距=7.0% 平局率=91.0% 强力进攻(全局倾向 x2.91)
2026-03-07 05:58:20,136 - INFO - 
⚖️ 平衡调整 #163: 差距<10% (拉开) 差距=7.0% 平局率=91.0% 强力进攻(全局倾向 x2.91)
2026-03-07 05:58:20,137 - INFO -   AI2(强): ε 0.010→0.009, lr 0.109→0.089, 攻击权 0.95→0.95, 防守权 0.05→0.05, 进攻启发 0.0100→0.0100, 防守启发 0.0001→0.0001
2026-03-07 05:58:20,137 - INFO -   AI2(强): ε 0.010→0.009, lr 0.109→0.089, 攻击权 0.95→0.95, 防守权 0.05→0.05, 进攻启发 0.0100→0.0100, 防守启发 0.0001→0.0001
2026-03-07 05:58:20,137 - INFO -   AI1(弱): ε 0.015→0.019, lr 0.300→0.300, 攻击权 0.95→0.95, 防守权 0.05→0.05, 进攻启发 0.0100→0.0100, 防守启发 0.0001→0.0001
2026-03-07 05:58:20,137 - INFO -   AI1(弱): ε 0.015→0.019, lr 0.300→0.300, 攻击权 0.95→0.95, 防守权 0.05→0.05, 进攻启发 0.0100→0.0100, 防守启发 0.0001→0.0001
2026-03-07 06:12:20,370 - INFO - 
⚖️ 平衡调整 #164: 差距<10% (拉开) 差距=4.0% 平局率=90.0% 强力进攻(全局倾向 x2.88)
2026-03-07 06:12:20,370 - INFO - 
⚖️ 平衡调整 #164: 差距<10% (拉开) 差距=4.0% 平局率=90.0% 强力进攻(全局倾向 x2.88)
2026-03-07 06:12:20,370 - INFO -   AI2(强): ε 0.010→0.009, lr 0.089→0.072, 攻击权 0.95→0.95, 防守权 0.05→0.05, 进攻启发 0.0100→0.0100, 防守启发 0.0001→0.0001
2026-03-07 06:12:20,370 - INFO -   AI2(强): ε 0.010→0.009, lr 0.089→0.072, 攻击权 0.95→0.95, 防守权 0.05→0.05, 进攻启发 0.0100→0.0100, 防守启发 0.0001→0.0001
2026-03-07 06:12:20,370 - INFO -   AI1(弱): ε 0.016→0.021, lr 0.300→0.300, 攻击权 0.95→0.95, 防守权 0.05→0.05, 进攻启发 0.0100→0.0100, 防守启发 0.0001→0.0001
2026-03-07 06:12:20,370 - INFO -   AI1(弱): ε 0.016→0.021, lr 0.300→0.300, 攻击权 0.95→0.95, 防守权 0.05→0.05, 进攻启发 0.0100→0.0100, 防守启发 0.0001→0.0001
2026-03-07 06:16:17,055 - INFO - 
==================================================
2026-03-07 06:16:17,055 - INFO - 
==================================================
2026-03-07 06:16:17,056 - INFO - 第 11500/20000 局 (57.5%)
2026-03-07 06:16:17,056 - INFO - 第 11500/20000 局 (57.5%)
2026-03-07 06:16:17,056 - INFO - 速度: 0.1局/秒, 已用: 2312.4分钟
2026-03-07 06:16:17,056 - INFO - 速度: 0.1局/秒, 已用: 2312.4分钟
2026-03-07 06:16:17,056 - INFO - 总战绩: AI1 422胜, AI2 1103胜, 平局 9975
2026-03-07 06:16:17,056 - INFO - 总战绩: AI1 422胜, AI2 1103胜, 平局 9975
2026-03-07 06:16:17,056 - INFO - 近期100局: AI1 4.0%, AI2 5.0%, 平局 91.0%
2026-03-07 06:16:17,056 - INFO - 近期100局: AI1 4.0%, AI2 5.0%, 平局 91.0%
2026-03-07 06:16:17,056 - INFO - 胜率差距: 1.0%
2026-03-07 06:16:17,056 - INFO - 胜率差距: 1.0%
2026-03-07 06:16:17,056 - INFO - 防守统计: 总164958次, 平均14.34次/局
2026-03-07 06:16:17,056 - INFO - 防守统计: 总164958次, 平均14.34次/局
2026-03-07 06:16:17,056 - INFO - 参数: AI1 ε=0.020, lr=0.300
2026-03-07 06:16:17,056 - INFO - 参数: AI1 ε=0.020, lr=0.300
2026-03-07 06:16:17,056 - INFO -        AI2 ε=0.010, lr=0.072
2026-03-07 06:16:17,056 - INFO -        AI2 ε=0.010, lr=0.072
2026-03-07 06:16:17,056 - INFO - ==================================================
2026-03-07 06:16:17,056 - INFO - ==================================================
2026-03-07 06:26:02,517 - INFO - 📈 全局进攻倾向提升至 3.00
2026-03-07 06:26:02,517 - INFO - 📈 全局进攻倾向提升至 3.00
2026-03-07 06:26:02,517 - INFO - 
⚖️ 平衡调整 #165: 差距<10% (拉开) 差距=3.0% 平局率=95.0% 强力进攻(全局倾向 x3.00)
2026-03-07 06:26:02,517 - INFO - 
⚖️ 平衡调整 #165: 差距<10% (拉开) 差距=3.0% 平局率=95.0% 强力进攻(全局倾向 x3.00)
2026-03-07 06:26:02,517 - INFO -   AI1(强): ε 0.017→0.015, lr 0.300→0.200, 攻击权 0.95→0.95, 防守权 0.05→0.05, 进攻启发 0.0100→0.0100, 防守启发 0.0001→0.0001
2026-03-07 06:26:02,517 - INFO -   AI1(强): ε 0.017→0.015, lr 0.300→0.200, 攻击权 0.95→0.95, 防守权 0.05→0.05, 进攻启发 0.0100→0.0100, 防守启发 0.0001→0.0001
2026-03-07 06:26:02,517 - INFO -   AI2(弱): ε 0.010→0.013, lr 0.072→0.120, 攻击权 0.95→0.95, 防守权 0.05→0.05, 进攻启发 0.0100→0.0100, 防守启发 0.0001→0.0001
2026-03-07 06:26:02,517 - INFO -   AI2(弱): ε 0.010→0.013, lr 0.072→0.120, 攻击权 0.95→0.95, 防守权 0.05→0.05, 进攻启发 0.0100→0.0100, 防守启发 0.0001→0.0001
2026-03-07 06:39:56,386 - INFO - 
⚖️ 平衡调整 #166: 差距<10% (拉开) 差距=0.0% 平局率=96.0% 强力进攻(全局倾向 x2.97)
2026-03-07 06:39:56,386 - INFO - 
⚖️ 平衡调整 #166: 差距<10% (拉开) 差距=0.0% 平局率=96.0% 强力进攻(全局倾向 x2.97)
2026-03-07 06:39:56,387 - INFO -   AI2(强): ε 0.011→0.010, lr 0.120→0.098, 攻击权 0.95→0.95, 防守权 0.05→0.05, 进攻启发 0.0100→0.0100, 防守启发 0.0001→0.0001
2026-03-07 06:39:56,387 - INFO -   AI2(强): ε 0.011→0.010, lr 0.120→0.098, 攻击权 0.95→0.95, 防守权 0.05→0.05, 进攻启发 0.0100→0.0100, 防守启发 0.0001→0.0001
2026-03-07 06:39:56,387 - INFO -   AI1(弱): ε 0.013→0.017, lr 0.200→0.285, 攻击权 0.95→0.95, 防守权 0.05→0.05, 进攻启发 0.0100→0.0100, 防守启发 0.0001→0.0001
2026-03-07 06:39:56,387 - INFO -   AI1(弱): ε 0.013→0.017, lr 0.200→0.285, 攻击权 0.95→0.95, 防守权 0.05→0.05, 进攻启发 0.0100→0.0100, 防守启发 0.0001→0.0001
2026-03-07 06:53:51,794 - INFO - 
⚖️ 平衡调整 #167: 差距<10% (拉开) 差距=1.0% 平局率=97.0% 强力进攻(全局倾向 x2.94)
2026-03-07 06:53:51,794 - INFO - 
⚖️ 平衡调整 #167: 差距<10% (拉开) 差距=1.0% 平局率=97.0% 强力进攻(全局倾向 x2.94)
2026-03-07 06:53:51,794 - INFO -   AI2(强): ε 0.010→0.009, lr 0.098→0.080, 攻击权 0.95→0.95, 防守权 0.05→0.05, 进攻启发 0.0100→0.0100, 防守启发 0.0001→0.0001
2026-03-07 06:53:51,794 - INFO -   AI2(强): ε 0.010→0.009, lr 0.098→0.080, 攻击权 0.95→0.95, 防守权 0.05→0.05, 进攻启发 0.0100→0.0100, 防守启发 0.0001→0.0001
2026-03-07 06:53:51,794 - INFO -   AI1(弱): ε 0.014→0.018, lr 0.285→0.300, 攻击权 0.95→0.95, 防守权 0.05→0.05, 进攻启发 0.0100→0.0100, 防守启发 0.0001→0.0001
2026-03-07 06:53:51,794 - INFO -   AI1(弱): ε 0.014→0.018, lr 0.285→0.300, 攻击权 0.95→0.95, 防守权 0.05→0.05, 进攻启发 0.0100→0.0100, 防守启发 0.0001→0.0001
2026-03-07 07:07:31,589 - INFO - 
⚖️ 平衡调整 #168: 差距<10% (拉开) 差距=6.0% 平局率=90.0% 强力进攻(全局倾向 x2.91)
2026-03-07 07:07:31,589 - INFO - 
⚖️ 平衡调整 #168: 差距<10% (拉开) 差距=6.0% 平局率=90.0% 强力进攻(全局倾向 x2.91)
2026-03-07 07:07:31,589 - INFO -   AI2(强): ε 0.010→0.009, lr 0.080→0.065, 攻击权 0.95→0.95, 防守权 0.05→0.05, 进攻启发 0.0100→0.0100, 防守启发 0.0001→0.0001
2026-03-07 07:07:31,589 - INFO -   AI2(强): ε 0.010→0.009, lr 0.080→0.065, 攻击权 0.95→0.95, 防守权 0.05→0.05, 进攻启发 0.0100→0.0100, 防守启发 0.0001→0.0001
2026-03-07 07:07:31,589 - INFO -   AI1(弱): ε 0.016→0.020, lr 0.300→0.300, 攻击权 0.95→0.95, 防守权 0.05→0.05, 进攻启发 0.0100→0.0100, 防守启发 0.0001→0.0001
2026-03-07 07:07:31,589 - INFO -   AI1(弱): ε 0.016→0.020, lr 0.300→0.300, 攻击权 0.95→0.95, 防守权 0.05→0.05, 进攻启发 0.0100→0.0100, 防守启发 0.0001→0.0001
2026-03-07 07:21:08,702 - INFO - 
⚖️ 平衡调整 #169: 差距<10% (拉开) 差距=4.0% 平局率=88.0% 强力进攻(全局倾向 x2.88)
2026-03-07 07:21:08,702 - INFO - 
⚖️ 平衡调整 #169: 差距<10% (拉开) 差距=4.0% 平局率=88.0% 强力进攻(全局倾向 x2.88)
2026-03-07 07:21:08,702 - INFO -   AI2(强): ε 0.010→0.009, lr 0.065→0.053, 攻击权 0.95→0.95, 防守权 0.05→0.05, 进攻启发 0.0100→0.0100, 防守启发 0.0001→0.0001
2026-03-07 07:21:08,702 - INFO -   AI2(强): ε 0.010→0.009, lr 0.065→0.053, 攻击权 0.95→0.95, 防守权 0.05→0.05, 进攻启发 0.0100→0.0100, 防守启发 0.0001→0.0001
2026-03-07 07:21:08,703 - INFO -   AI1(弱): ε 0.017→0.022, lr 0.300→0.300, 攻击权 0.95→0.95, 防守权 0.05→0.05, 进攻启发 0.0100→0.0100, 防守启发 0.0001→0.0001
2026-03-07 07:21:08,703 - INFO -   AI1(弱): ε 0.017→0.022, lr 0.300→0.300, 攻击权 0.95→0.95, 防守权 0.05→0.05, 进攻启发 0.0100→0.0100, 防守启发 0.0001→0.0001
2026-03-07 07:35:07,255 - INFO - 📈 全局进攻倾向提升至 3.00
2026-03-07 07:35:07,255 - INFO - 📈 全局进攻倾向提升至 3.00
2026-03-07 07:35:07,256 - INFO - 
⚖️ 平衡调整 #170: 差距<10% (拉开) 差距=2.0% 平局率=94.0% 强力进攻(全局倾向 x3.00)
2026-03-07 07:35:07,256 - INFO - 
⚖️ 平衡调整 #170: 差距<10% (拉开) 差距=2.0% 平局率=94.0% 强力进攻(全局倾向 x3.00)
2026-03-07 07:35:07,256 - INFO -   AI2(强): ε 0.010→0.009, lr 0.053→0.043, 攻击权 0.95→0.95, 防守权 0.05→0.05, 进攻启发 0.0100→0.0100, 防守启发 0.0001→0.0001
2026-03-07 07:35:07,256 - INFO -   AI2(强): ε 0.010→0.009, lr 0.053→0.043, 攻击权 0.95→0.95, 防守权 0.05→0.05, 进攻启发 0.0100→0.0100, 防守启发 0.0001→0.0001
2026-03-07 07:35:07,256 - INFO -   AI1(弱): ε 0.019→0.024, lr 0.300→0.300, 攻击权 0.95→0.95, 防守权 0.05→0.05, 进攻启发 0.0100→0.0100, 防守启发 0.0001→0.0001
2026-03-07 07:35:07,256 - INFO -   AI1(弱): ε 0.019→0.024, lr 0.300→0.300, 攻击权 0.95→0.95, 防守权 0.05→0.05, 进攻启发 0.0100→0.0100, 防守启发 0.0001→0.0001
2026-03-07 07:49:00,762 - INFO - 
⚖️ 平衡调整 #171: 差距<10% (拉开) 差距=0.0% 平局率=96.0% 强力进攻(全局倾向 x2.97)
2026-03-07 07:49:00,762 - INFO - 
⚖️ 平衡调整 #171: 差距<10% (拉开) 差距=0.0% 平局率=96.0% 强力进攻(全局倾向 x2.97)
2026-03-07 07:49:00,763 - INFO -   AI2(强): ε 0.010→0.009, lr 0.043→0.035, 攻击权 0.95→0.95, 防守权 0.05→0.05, 进攻启发 0.0100→0.0100, 防守启发 0.0001→0.0001
2026-03-07 07:49:00,763 - INFO -   AI2(强): ε 0.010→0.009, lr 0.043→0.035, 攻击权 0.95→0.95, 防守权 0.05→0.05, 进攻启发 0.0100→0.0100, 防守启发 0.0001→0.0001
2026-03-07 07:49:00,763 - INFO -   AI1(弱): ε 0.020→0.026, lr 0.300→0.300, 攻击权 0.95→0.95, 防守权 0.05→0.05, 进攻启发 0.0100→0.0100, 防守启发 0.0001→0.0001
2026-03-07 07:49:00,763 - INFO -   AI1(弱): ε 0.020→0.026, lr 0.300→0.300, 攻击权 0.95→0.95, 防守权 0.05→0.05, 进攻启发 0.0100→0.0100, 防守启发 0.0001→0.0001
2026-03-07 07:54:52,307 - INFO - 
==================================================
2026-03-07 07:54:52,307 - INFO - 
==================================================
2026-03-07 07:54:52,307 - INFO - 第 12000/20000 局 (60.0%)
2026-03-07 07:54:52,307 - INFO - 第 12000/20000 局 (60.0%)
2026-03-07 07:54:52,307 - INFO - 速度: 0.1局/秒, 已用: 2411.0分钟
2026-03-07 07:54:52,307 - INFO - 速度: 0.1局/秒, 已用: 2411.0分钟
2026-03-07 07:54:52,308 - INFO - 总战绩: AI1 436胜, AI2 1121胜, 平局 10443
2026-03-07 07:54:52,308 - INFO - 总战绩: AI1 436胜, AI2 1121胜, 平局 10443
2026-03-07 07:54:52,308 - INFO - 近期100局: AI1 3.0%, AI2 3.0%, 平局 94.0%
2026-03-07 07:54:52,308 - INFO - 近期100局: AI1 3.0%, AI2 3.0%, 平局 94.0%
2026-03-07 07:54:52,308 - INFO - 胜率差距: 0.0%
2026-03-07 07:54:52,308 - INFO - 胜率差距: 0.0%
2026-03-07 07:54:52,308 - INFO - 防守统计: 总171574次, 平均14.30次/局
2026-03-07 07:54:52,308 - INFO - 防守统计: 总171574次, 平均14.30次/局
2026-03-07 07:54:52,308 - INFO - 参数: AI1 ε=0.025, lr=0.300
2026-03-07 07:54:52,308 - INFO - 参数: AI1 ε=0.025, lr=0.300
2026-03-07 07:54:52,308 - INFO -        AI2 ε=0.010, lr=0.035
2026-03-07 07:54:52,308 - INFO -        AI2 ε=0.010, lr=0.035
2026-03-07 07:54:52,308 - INFO - ==================================================
2026-03-07 07:54:52,308 - INFO - ==================================================
2026-03-07 08:02:38,446 - INFO - 
⚖️ 平衡调整 #172: 差距<10% (拉开) 差距=1.0% 平局率=93.0% 强力进攻(全局倾向 x2.94)
2026-03-07 08:02:38,446 - INFO - 
⚖️ 平衡调整 #172: 差距<10% (拉开) 差距=1.0% 平局率=93.0% 强力进攻(全局倾向 x2.94)
2026-03-07 08:02:38,446 - INFO -   AI1(强): ε 0.022→0.020, lr 0.300→0.200, 攻击权 0.95→0.95, 防守权 0.05→0.05, 进攻启发 0.0100→0.0100, 防守启发 0.0001→0.0001
2026-03-07 08:02:38,446 - INFO -   AI1(强): ε 0.022→0.020, lr 0.300→0.200, 攻击权 0.95→0.95, 防守权 0.05→0.05, 进攻启发 0.0100→0.0100, 防守启发 0.0001→0.0001
2026-03-07 08:02:38,446 - INFO -   AI2(弱): ε 0.010→0.013, lr 0.035→0.120, 攻击权 0.95→0.95, 防守权 0.05→0.05, 进攻启发 0.0100→0.0100, 防守启发 0.0001→0.0001
2026-03-07 08:02:38,446 - INFO -   AI2(弱): ε 0.010→0.013, lr 0.035→0.120, 攻击权 0.95→0.95, 防守权 0.05→0.05, 进攻启发 0.0100→0.0100, 防守启发 0.0001→0.0001
2026-03-07 08:16:10,054 - INFO - 
⚖️ 平衡调整 #173: 差距<10% (拉开) 差距=2.0% 平局率=92.0% 强力进攻(全局倾向 x2.91)
2026-03-07 08:16:10,054 - INFO - 
⚖️ 平衡调整 #173: 差距<10% (拉开) 差距=2.0% 平局率=92.0% 强力进攻(全局倾向 x2.91)
2026-03-07 08:16:10,054 - INFO -   AI1(强): ε 0.017→0.015, lr 0.200→0.163, 攻击权 0.95→0.95, 防守权 0.05→0.05, 进攻启发 0.0100→0.0100, 防守启发 0.0001→0.0001
2026-03-07 08:16:10,054 - INFO -   AI1(强): ε 0.017→0.015, lr 0.200→0.163, 攻击权 0.95→0.95, 防守权 0.05→0.05, 进攻启发 0.0100→0.0100, 防守启发 0.0001→0.0001
2026-03-07 08:16:10,054 - INFO -   AI2(弱): ε 0.011→0.014, lr 0.120→0.171, 攻击权 0.95→0.95, 防守权 0.05→0.05, 进攻启发 0.0100→0.0100, 防守启发 0.0001→0.0001
2026-03-07 08:16:10,054 - INFO -   AI2(弱): ε 0.011→0.014, lr 0.120→0.171, 攻击权 0.95→0.95, 防守权 0.05→0.05, 进攻启发 0.0100→0.0100, 防守启发 0.0001→0.0001
2026-03-07 08:30:25,819 - INFO - 
⚖️ 平衡调整 #174: 差距<10% (拉开) 差距=3.0% 平局率=93.0% 强力进攻(全局倾向 x2.88)
2026-03-07 08:30:25,819 - INFO - 
⚖️ 平衡调整 #174: 差距<10% (拉开) 差距=3.0% 平局率=93.0% 强力进攻(全局倾向 x2.88)
2026-03-07 08:30:25,819 - INFO -   AI2(强): ε 0.012→0.010, lr 0.171→0.140, 攻击权 0.95→0.95, 防守权 0.05→0.05, 进攻启发 0.0100→0.0100, 防守启发 0.0001→0.0001
2026-03-07 08:30:25,819 - INFO -   AI2(强): ε 0.012→0.010, lr 0.171→0.140, 攻击权 0.95→0.95, 防守权 0.05→0.05, 进攻启发 0.0100→0.0100, 防守启发 0.0001→0.0001
2026-03-07 08:30:25,820 - INFO -   AI1(弱): ε 0.013→0.017, lr 0.163→0.233, 攻击权 0.95→0.95, 防守权 0.05→0.05, 进攻启发 0.0100→0.0100, 防守启发 0.0001→0.0001
2026-03-07 08:30:25,820 - INFO -   AI1(弱): ε 0.013→0.017, lr 0.163→0.233, 攻击权 0.95→0.95, 防守权 0.05→0.05, 进攻启发 0.0100→0.0100, 防守启发 0.0001→0.0001
2026-03-07 08:44:59,263 - INFO - 📈 全局进攻倾向提升至 3.00
2026-03-07 08:44:59,263 - INFO - 📈 全局进攻倾向提升至 3.00
2026-03-07 08:44:59,264 - INFO - 
⚖️ 平衡调整 #175: 差距<10% (拉开) 差距=2.0% 平局率=98.0% 强力进攻(全局倾向 x3.00)
2026-03-07 08:44:59,264 - INFO - 
⚖️ 平衡调整 #175: 差距<10% (拉开) 差距=2.0% 平局率=98.0% 强力进攻(全局倾向 x3.00)
2026-03-07 08:44:59,264 - INFO -   AI2(强): ε 0.010→0.009, lr 0.140→0.114, 攻击权 0.95→0.95, 防守权 0.05→0.05, 进攻启发 0.0100→0.0100, 防守启发 0.0001→0.0001
2026-03-07 08:44:59,264 - INFO -   AI2(强): ε 0.010→0.009, lr 0.140→0.114, 攻击权 0.95→0.95, 防守权 0.05→0.05, 进攻启发 0.0100→0.0100, 防守启发 0.0001→0.0001
2026-03-07 08:44:59,264 - INFO -   AI1(弱): ε 0.014→0.018, lr 0.233→0.300, 攻击权 0.95→0.95, 防守权 0.05→0.05, 进攻启发 0.0100→0.0100, 防守启发 0.0001→0.0001
2026-03-07 08:44:59,264 - INFO -   AI1(弱): ε 0.014→0.018, lr 0.233→0.300, 攻击权 0.95→0.95, 防守权 0.05→0.05, 进攻启发 0.0100→0.0100, 防守启发 0.0001→0.0001
2026-03-07 08:58:35,485 - INFO - 
⚖️ 平衡调整 #176: 差距<10% (拉开) 差距=3.0% 平局率=93.0% 强力进攻(全局倾向 x2.97)
2026-03-07 08:58:35,485 - INFO - 
⚖️ 平衡调整 #176: 差距<10% (拉开) 差距=3.0% 平局率=93.0% 强力进攻(全局倾向 x2.97)
2026-03-07 08:58:35,485 - INFO -   AI1(强): ε 0.015→0.014, lr 0.300→0.200, 攻击权 0.95→0.95, 防守权 0.05→0.05, 进攻启发 0.0100→0.0100, 防守启发 0.0001→0.0001
2026-03-07 08:58:35,485 - INFO -   AI1(强): ε 0.015→0.014, lr 0.300→0.200, 攻击权 0.95→0.95, 防守权 0.05→0.05, 进攻启发 0.0100→0.0100, 防守启发 0.0001→0.0001
2026-03-07 08:58:35,486 - INFO -   AI2(弱): ε 0.010→0.013, lr 0.114→0.162, 攻击权 0.95→0.95, 防守权 0.05→0.05, 进攻启发 0.0100→0.0100, 防守启发 0.0001→0.0001
2026-03-07 08:58:35,486 - INFO -   AI2(弱): ε 0.010→0.013, lr 0.114→0.162, 攻击权 0.95→0.95, 防守权 0.05→0.05, 进攻启发 0.0100→0.0100, 防守启发 0.0001→0.0001
2026-03-07 09:13:43,362 - INFO - 
⚖️ 平衡调整 #177: 差距<10% (拉开) 差距=2.0% 平局率=90.0% 强力进攻(全局倾向 x2.94)
2026-03-07 09:13:43,362 - INFO - 
⚖️ 平衡调整 #177: 差距<10% (拉开) 差距=2.0% 平局率=90.0% 强力进攻(全局倾向 x2.94)
2026-03-07 09:13:43,363 - INFO -   AI2(强): ε 0.011→0.010, lr 0.162→0.132, 攻击权 0.95→0.95, 防守权 0.05→0.05, 进攻启发 0.0100→0.0100, 防守启发 0.0001→0.0001
2026-03-07 09:13:43,363 - INFO -   AI2(强): ε 0.011→0.010, lr 0.162→0.132, 攻击权 0.95→0.95, 防守权 0.05→0.05, 进攻启发 0.0100→0.0100, 防守启发 0.0001→0.0001
2026-03-07 09:13:43,363 - INFO -   AI1(弱): ε 0.012→0.015, lr 0.200→0.285, 攻击权 0.95→0.95, 防守权 0.05→0.05, 进攻启发 0.0100→0.0100, 防守启发 0.0001→0.0001
2026-03-07 09:13:43,363 - INFO -   AI1(弱): ε 0.012→0.015, lr 0.200→0.285, 攻击权 0.95→0.95, 防守权 0.05→0.05, 进攻启发 0.0100→0.0100, 防守启发 0.0001→0.0001
2026-03-07 09:28:32,825 - INFO - 
⚖️ 平衡调整 #178: 差距<10% (拉开) 差距=0.0% 平局率=94.0% 强力进攻(全局倾向 x2.91)
2026-03-07 09:28:32,825 - INFO - 
⚖️ 平衡调整 #178: 差距<10% (拉开) 差距=0.0% 平局率=94.0% 强力进攻(全局倾向 x2.91)
2026-03-07 09:28:32,826 - INFO -   AI2(强): ε 0.010→0.009, lr 0.132→0.108, 攻击权 0.95→0.95, 防守权 0.05→0.05, 进攻启发 0.0100→0.0100, 防守启发 0.0001→0.0001
2026-03-07 09:28:32,826 - INFO -   AI2(强): ε 0.010→0.009, lr 0.132→0.108, 攻击权 0.95→0.95, 防守权 0.05→0.05, 进攻启发 0.0100→0.0100, 防守启发 0.0001→0.0001
2026-03-07 09:28:32,826 - INFO -   AI1(弱): ε 0.013→0.016, lr 0.285→0.300, 攻击权 0.95→0.95, 防守权 0.05→0.05, 进攻启发 0.0100→0.0100, 防守启发 0.0001→0.0001
2026-03-07 09:28:32,826 - INFO -   AI1(弱): ε 0.013→0.016, lr 0.285→0.300, 攻击权 0.95→0.95, 防守权 0.05→0.05, 进攻启发 0.0100→0.0100, 防守启发 0.0001→0.0001
2026-03-07 09:36:38,729 - INFO - 
==================================================
2026-03-07 09:36:38,729 - INFO - 
==================================================
2026-03-07 09:36:38,729 - INFO - 第 12500/20000 局 (62.5%)
2026-03-07 09:36:38,729 - INFO - 第 12500/20000 局 (62.5%)
2026-03-07 09:36:38,730 - INFO - 速度: 0.1局/秒, 已用: 2512.7分钟
2026-03-07 09:36:38,730 - INFO - 速度: 0.1局/秒, 已用: 2512.7分钟
2026-03-07 09:36:38,730 - INFO - 总战绩: AI1 454胜, AI2 1141胜, 平局 10905
2026-03-07 09:36:38,730 - INFO - 总战绩: AI1 454胜, AI2 1141胜, 平局 10905
2026-03-07 09:36:38,730 - INFO - 近期100局: AI1 3.0%, AI2 4.0%, 平局 93.0%
2026-03-07 09:36:38,730 - INFO - 近期100局: AI1 3.0%, AI2 4.0%, 平局 93.0%
2026-03-07 09:36:38,730 - INFO - 胜率差距: 1.0%
2026-03-07 09:36:38,730 - INFO - 胜率差距: 1.0%
2026-03-07 09:36:38,730 - INFO - 防守统计: 总178293次, 平均14.26次/局
2026-03-07 09:36:38,730 - INFO - 防守统计: 总178293次, 平均14.26次/局
2026-03-07 09:36:38,730 - INFO - 参数: AI1 ε=0.015, lr=0.300
2026-03-07 09:36:38,730 - INFO - 参数: AI1 ε=0.015, lr=0.300
2026-03-07 09:36:38,730 - INFO -        AI2 ε=0.010, lr=0.108
2026-03-07 09:36:38,730 - INFO -        AI2 ε=0.010, lr=0.108
2026-03-07 09:36:38,730 - INFO - ==================================================
2026-03-07 09:36:38,730 - INFO - ==================================================
2026-03-07 09:42:42,239 - INFO - 
⚖️ 平衡调整 #179: 差距<10% (拉开) 差距=1.0% 平局率=93.0% 强力进攻(全局倾向 x2.88)
2026-03-07 09:42:42,239 - INFO - 
⚖️ 平衡调整 #179: 差距<10% (拉开) 差距=1.0% 平局率=93.0% 强力进攻(全局倾向 x2.88)
2026-03-07 09:42:42,239 - INFO -   AI2(强): ε 0.010→0.009, lr 0.108→0.088, 攻击权 0.95→0.95, 防守权 0.05→0.05, 进攻启发 0.0100→0.0100, 防守启发 0.0001→0.0001
2026-03-07 09:42:42,239 - INFO -   AI2(强): ε 0.010→0.009, lr 0.108→0.088, 攻击权 0.95→0.95, 防守权 0.05→0.05, 进攻启发 0.0100→0.0100, 防守启发 0.0001→0.0001
2026-03-07 09:42:42,239 - INFO -   AI1(弱): ε 0.014→0.018, lr 0.300→0.300, 攻击权 0.95→0.95, 防守权 0.05→0.05, 进攻启发 0.0100→0.0100, 防守启发 0.0001→0.0001
2026-03-07 09:42:42,239 - INFO -   AI1(弱): ε 0.014→0.018, lr 0.300→0.300, 攻击权 0.95→0.95, 防守权 0.05→0.05, 进攻启发 0.0100→0.0100, 防守启发 0.0001→0.0001
2026-03-07 09:56:57,140 - INFO - 📈 全局进攻倾向提升至 3.00
2026-03-07 09:56:57,140 - INFO - 📈 全局进攻倾向提升至 3.00
2026-03-07 09:56:57,140 - INFO - 
⚖️ 平衡调整 #180: 差距<10% (拉开) 差距=1.0% 平局率=95.0% 强力进攻(全局倾向 x3.00)
2026-03-07 09:56:57,140 - INFO - 
⚖️ 平衡调整 #180: 差距<10% (拉开) 差距=1.0% 平局率=95.0% 强力进攻(全局倾向 x3.00)
2026-03-07 09:56:57,140 - INFO -   AI2(强): ε 0.010→0.009, lr 0.088→0.072, 攻击权 0.95→0.95, 防守权 0.05→0.05, 进攻启发 0.0100→0.0100, 防守启发 0.0001→0.0001
2026-03-07 09:56:57,140 - INFO -   AI2(强): ε 0.010→0.009, lr 0.088→0.072, 攻击权 0.95→0.95, 防守权 0.05→0.05, 进攻启发 0.0100→0.0100, 防守启发 0.0001→0.0001
2026-03-07 09:56:57,140 - INFO -   AI1(弱): ε 0.015→0.020, lr 0.300→0.300, 攻击权 0.95→0.95, 防守权 0.05→0.05, 进攻启发 0.0100→0.0100, 防守启发 0.0001→0.0001
2026-03-07 09:56:57,140 - INFO -   AI1(弱): ε 0.015→0.020, lr 0.300→0.300, 攻击权 0.95→0.95, 防守权 0.05→0.05, 进攻启发 0.0100→0.0100, 防守启发 0.0001→0.0001
2026-03-07 10:11:16,286 - INFO - 
⚖️ 平衡调整 #181: 差距<10% (拉开) 差距=4.0% 平局率=92.0% 强力进攻(全局倾向 x2.97)
2026-03-07 10:11:16,286 - INFO - 
⚖️ 平衡调整 #181: 差距<10% (拉开) 差距=4.0% 平局率=92.0% 强力进攻(全局倾向 x2.97)
2026-03-07 10:11:16,286 - INFO -   AI1(强): ε 0.016→0.015, lr 0.300→0.200, 攻击权 0.95→0.95, 防守权 0.05→0.05, 进攻启发 0.0100→0.0100, 防守启发 0.0001→0.0001
2026-03-07 10:11:16,286 - INFO -   AI1(强): ε 0.016→0.015, lr 0.300→0.200, 攻击权 0.95→0.95, 防守权 0.05→0.05, 进攻启发 0.0100→0.0100, 防守启发 0.0001→0.0001
2026-03-07 10:11:16,286 - INFO -   AI2(弱): ε 0.010→0.013, lr 0.072→0.120, 攻击权 0.95→0.95, 防守权 0.05→0.05, 进攻启发 0.0100→0.0100, 防守启发 0.0001→0.0001
2026-03-07 10:11:16,286 - INFO -   AI2(弱): ε 0.010→0.013, lr 0.072→0.120, 攻击权 0.95→0.95, 防守权 0.05→0.05, 进攻启发 0.0100→0.0100, 防守启发 0.0001→0.0001
2026-03-07 12:52:43,825 - INFO - 
⚖️ 平衡调整 #182: 差距<10% (拉开) 差距=3.0% 平局率=95.0% 强力进攻(全局倾向 x2.94)
2026-03-07 12:52:43,825 - INFO - 
⚖️ 平衡调整 #182: 差距<10% (拉开) 差距=3.0% 平局率=95.0% 强力进攻(全局倾向 x2.94)
2026-03-07 12:52:43,825 - INFO -   AI1(强): ε 0.012→0.011, lr 0.200→0.163, 攻击权 0.95→0.95, 防守权 0.05→0.05, 进攻启发 0.0100→0.0100, 防守启发 0.0001→0.0001
2026-03-07 12:52:43,825 - INFO -   AI1(强): ε 0.012→0.011, lr 0.200→0.163, 攻击权 0.95→0.95, 防守权 0.05→0.05, 进攻启发 0.0100→0.0100, 防守启发 0.0001→0.0001
2026-03-07 12:52:43,825 - INFO -   AI2(弱): ε 0.011→0.014, lr 0.120→0.171, 攻击权 0.95→0.95, 防守权 0.05→0.05, 进攻启发 0.0100→0.0100, 防守启发 0.0001→0.0001
2026-03-07 12:52:43,825 - INFO -   AI2(弱): ε 0.011→0.014, lr 0.120→0.171, 攻击权 0.95→0.95, 防守权 0.05→0.05, 进攻启发 0.0100→0.0100, 防守启发 0.0001→0.0001
2026-03-07 13:05:33,230 - INFO - 
⚖️ 平衡调整 #183: 差距<10% (拉开) 差距=3.0% 平局率=93.0% 强力进攻(全局倾向 x2.91)
2026-03-07 13:05:33,230 - INFO - 
⚖️ 平衡调整 #183: 差距<10% (拉开) 差距=3.0% 平局率=93.0% 强力进攻(全局倾向 x2.91)
2026-03-07 13:05:33,230 - INFO -   AI2(强): ε 0.012→0.011, lr 0.171→0.140, 攻击权 0.95→0.95, 防守权 0.05→0.05, 进攻启发 0.0100→0.0100, 防守启发 0.0001→0.0001
2026-03-07 13:05:33,230 - INFO -   AI2(强): ε 0.012→0.011, lr 0.171→0.140, 攻击权 0.95→0.95, 防守权 0.05→0.05, 进攻启发 0.0100→0.0100, 防守启发 0.0001→0.0001
2026-03-07 13:05:33,230 - INFO -   AI1(弱): ε 0.010→0.013, lr 0.163→0.233, 攻击权 0.95→0.95, 防守权 0.05→0.05, 进攻启发 0.0100→0.0100, 防守启发 0.0001→0.0001
2026-03-07 13:05:33,230 - INFO -   AI1(弱): ε 0.010→0.013, lr 0.163→0.233, 攻击权 0.95→0.95, 防守权 0.05→0.05, 进攻启发 0.0100→0.0100, 防守启发 0.0001→0.0001
2026-03-07 13:18:30,691 - INFO - 
⚖️ 平衡调整 #184: 差距<10% (拉开) 差距=1.0% 平局率=93.0% 强力进攻(全局倾向 x2.88)
2026-03-07 13:18:30,691 - INFO - 
⚖️ 平衡调整 #184: 差距<10% (拉开) 差距=1.0% 平局率=93.0% 强力进攻(全局倾向 x2.88)
2026-03-07 13:18:30,692 - INFO -   AI2(强): ε 0.010→0.009, lr 0.140→0.114, 攻击权 0.95→0.95, 防守权 0.05→0.05, 进攻启发 0.0100→0.0100, 防守启发 0.0001→0.0001
2026-03-07 13:18:30,692 - INFO -   AI2(强): ε 0.010→0.009, lr 0.140→0.114, 攻击权 0.95→0.95, 防守权 0.05→0.05, 进攻启发 0.0100→0.0100, 防守启发 0.0001→0.0001
2026-03-07 13:18:30,692 - INFO -   AI1(弱): ε 0.011→0.014, lr 0.233→0.300, 攻击权 0.95→0.95, 防守权 0.05→0.05, 进攻启发 0.0100→0.0100, 防守启发 0.0001→0.0001
2026-03-07 13:18:30,692 - INFO -   AI1(弱): ε 0.011→0.014, lr 0.233→0.300, 攻击权 0.95→0.95, 防守权 0.05→0.05, 进攻启发 0.0100→0.0100, 防守启发 0.0001→0.0001
2026-03-07 13:31:11,317 - INFO - 📈 全局进攻倾向提升至 3.00
2026-03-07 13:31:11,317 - INFO - 📈 全局进攻倾向提升至 3.00
2026-03-07 13:31:11,317 - INFO - 
⚖️ 平衡调整 #185: 差距<10% (拉开) 差距=1.0% 平局率=97.0% 强力进攻(全局倾向 x3.00)
2026-03-07 13:31:11,317 - INFO - 
⚖️ 平衡调整 #185: 差距<10% (拉开) 差距=1.0% 平局率=97.0% 强力进攻(全局倾向 x3.00)
2026-03-07 13:31:11,317 - INFO -   AI1(强): ε 0.012→0.011, lr 0.300→0.200, 攻击权 0.95→0.95, 防守权 0.05→0.05, 进攻启发 0.0100→0.0100, 防守启发 0.0001→0.0001
2026-03-07 13:31:11,317 - INFO -   AI1(强): ε 0.012→0.011, lr 0.300→0.200, 攻击权 0.95→0.95, 防守权 0.05→0.05, 进攻启发 0.0100→0.0100, 防守启发 0.0001→0.0001
2026-03-07 13:31:11,317 - INFO -   AI2(弱): ε 0.010→0.013, lr 0.114→0.162, 攻击权 0.95→0.95, 防守权 0.05→0.05, 进攻启发 0.0100→0.0100, 防守启发 0.0001→0.0001
2026-03-07 13:31:11,317 - INFO -   AI2(弱): ε 0.010→0.013, lr 0.114→0.162, 攻击权 0.95→0.95, 防守权 0.05→0.05, 进攻启发 0.0100→0.0100, 防守启发 0.0001→0.0001
2026-03-07 13:40:41,611 - INFO - 
==================================================
2026-03-07 13:40:41,611 - INFO - 
==================================================
2026-03-07 13:40:41,612 - INFO - 第 13000/20000 局 (65.0%)
2026-03-07 13:40:41,612 - INFO - 第 13000/20000 局 (65.0%)
2026-03-07 13:40:41,612 - INFO - 速度: 0.1局/秒, 已用: 2756.8分钟
2026-03-07 13:40:41,612 - INFO - 速度: 0.1局/秒, 已用: 2756.8分钟
2026-03-07 13:40:41,612 - INFO - 总战绩: AI1 469胜, AI2 1155胜, 平局 11376
2026-03-07 13:40:41,612 - INFO - 总战绩: AI1 469胜, AI2 1155胜, 平局 11376
2026-03-07 13:40:41,612 - INFO - 近期100局: AI1 1.0%, AI2 4.0%, 平局 95.0%
2026-03-07 13:40:41,612 - INFO - 近期100局: AI1 1.0%, AI2 4.0%, 平局 95.0%
2026-03-07 13:40:41,612 - INFO - 胜率差距: 3.0%
2026-03-07 13:40:41,612 - INFO - 胜率差距: 3.0%
2026-03-07 13:40:41,612 - INFO - 防守统计: 总184830次, 平均14.22次/局
2026-03-07 13:40:41,612 - INFO - 防守统计: 总184830次, 平均14.22次/局
2026-03-07 13:40:41,612 - INFO - 参数: AI1 ε=0.010, lr=0.200
2026-03-07 13:40:41,612 - INFO - 参数: AI1 ε=0.010, lr=0.200
2026-03-07 13:40:41,612 - INFO -        AI2 ε=0.011, lr=0.162
2026-03-07 13:40:41,612 - INFO -        AI2 ε=0.011, lr=0.162
2026-03-07 13:40:41,612 - INFO - ==================================================
2026-03-07 13:40:41,612 - INFO - ==================================================
2026-03-07 13:44:27,983 - INFO - 
⚖️ 平衡调整 #186: 差距<10% (拉开) 差距=4.0% 平局率=94.0% 强力进攻(全局倾向 x2.97)
2026-03-07 13:44:27,983 - INFO - 
⚖️ 平衡调整 #186: 差距<10% (拉开) 差距=4.0% 平局率=94.0% 强力进攻(全局倾向 x2.97)
2026-03-07 13:44:27,984 - INFO -   AI2(强): ε 0.011→0.010, lr 0.162→0.132, 攻击权 0.95→0.95, 防守权 0.05→0.05, 进攻启发 0.0100→0.0100, 防守启发 0.0001→0.0001
2026-03-07 13:44:27,984 - INFO -   AI2(强): ε 0.011→0.010, lr 0.162→0.132, 攻击权 0.95→0.95, 防守权 0.05→0.05, 进攻启发 0.0100→0.0100, 防守启发 0.0001→0.0001
2026-03-07 13:44:27,984 - INFO -   AI1(弱): ε 0.010→0.013, lr 0.200→0.285, 攻击权 0.95→0.95, 防守权 0.05→0.05, 进攻启发 0.0100→0.0100, 防守启发 0.0001→0.0001
2026-03-07 13:44:27,984 - INFO -   AI1(弱): ε 0.010→0.013, lr 0.200→0.285, 攻击权 0.95→0.95, 防守权 0.05→0.05, 进攻启发 0.0100→0.0100, 防守启发 0.0001→0.0001
2026-03-07 13:58:05,536 - INFO - 
⚖️ 平衡调整 #187: 差距<10% (拉开) 差距=1.0% 平局率=95.0% 强力进攻(全局倾向 x2.94)
2026-03-07 13:58:05,536 - INFO - 
⚖️ 平衡调整 #187: 差距<10% (拉开) 差距=1.0% 平局率=95.0% 强力进攻(全局倾向 x2.94)
2026-03-07 13:58:05,536 - INFO -   AI2(强): ε 0.010→0.009, lr 0.132→0.108, 攻击权 0.95→0.95, 防守权 0.05→0.05, 进攻启发 0.0100→0.0100, 防守启发 0.0001→0.0001
2026-03-07 13:58:05,536 - INFO -   AI2(强): ε 0.010→0.009, lr 0.132→0.108, 攻击权 0.95→0.95, 防守权 0.05→0.05, 进攻启发 0.0100→0.0100, 防守启发 0.0001→0.0001
2026-03-07 13:58:05,536 - INFO -   AI1(弱): ε 0.011→0.014, lr 0.285→0.300, 攻击权 0.95→0.95, 防守权 0.05→0.05, 进攻启发 0.0100→0.0100, 防守启发 0.0001→0.0001
2026-03-07 13:58:05,536 - INFO -   AI1(弱): ε 0.011→0.014, lr 0.285→0.300, 攻击权 0.95→0.95, 防守权 0.05→0.05, 进攻启发 0.0100→0.0100, 防守启发 0.0001→0.0001
2026-03-07 14:15:31,221 - INFO - 
⚖️ 平衡调整 #188: 差距<10% (拉开) 差距=2.0% 平局率=96.0% 强力进攻(全局倾向 x2.91)
2026-03-07 14:15:31,221 - INFO - 
⚖️ 平衡调整 #188: 差距<10% (拉开) 差距=2.0% 平局率=96.0% 强力进攻(全局倾向 x2.91)
2026-03-07 14:15:31,222 - INFO -   AI1(强): ε 0.012→0.011, lr 0.300→0.200, 攻击权 0.95→0.95, 防守权 0.05→0.05, 进攻启发 0.0100→0.0100, 防守启发 0.0001→0.0001
2026-03-07 14:15:31,222 - INFO -   AI1(强): ε 0.012→0.011, lr 0.300→0.200, 攻击权 0.95→0.95, 防守权 0.05→0.05, 进攻启发 0.0100→0.0100, 防守启发 0.0001→0.0001
2026-03-07 14:15:31,223 - INFO -   AI2(弱): ε 0.010→0.013, lr 0.108→0.154, 攻击权 0.95→0.95, 防守权 0.05→0.05, 进攻启发 0.0100→0.0100, 防守启发 0.0001→0.0001
2026-03-07 14:15:31,223 - INFO -   AI2(弱): ε 0.010→0.013, lr 0.108→0.154, 攻击权 0.95→0.95, 防守权 0.05→0.05, 进攻启发 0.0100→0.0100, 防守启发 0.0001→0.0001
2026-03-07 14:35:36,925 - INFO - 
⚖️ 平衡调整 #189: 差距<10% (拉开) 差距=1.0% 平局率=95.0% 强力进攻(全局倾向 x2.88)
2026-03-07 14:35:36,925 - INFO - 
⚖️ 平衡调整 #189: 差距<10% (拉开) 差距=1.0% 平局率=95.0% 强力进攻(全局倾向 x2.88)
2026-03-07 14:35:36,926 - INFO -   AI1(强): ε 0.010→0.009, lr 0.200→0.163, 攻击权 0.95→0.95, 防守权 0.05→0.05, 进攻启发 0.0100→0.0100, 防守启发 0.0001→0.0001
2026-03-07 14:35:36,926 - INFO -   AI1(强): ε 0.010→0.009, lr 0.200→0.163, 攻击权 0.95→0.95, 防守权 0.05→0.05, 进攻启发 0.0100→0.0100, 防守启发 0.0001→0.0001
2026-03-07 14:35:36,927 - INFO -   AI2(弱): ε 0.011→0.014, lr 0.154→0.219, 攻击权 0.95→0.95, 防守权 0.05→0.05, 进攻启发 0.0100→0.0100, 防守启发 0.0001→0.0001
2026-03-07 14:35:36,927 - INFO -   AI2(弱): ε 0.011→0.014, lr 0.154→0.219, 攻击权 0.95→0.95, 防守权 0.05→0.05, 进攻启发 0.0100→0.0100, 防守启发 0.0001→0.0001
2026-03-07 14:54:23,808 - INFO - 📈 全局进攻倾向提升至 3.00
2026-03-07 14:54:23,808 - INFO - 📈 全局进攻倾向提升至 3.00
2026-03-07 14:54:23,809 - INFO - 
⚖️ 平衡调整 #190: 差距<10% (拉开) 差距=3.0% 平局率=95.0% 强力进攻(全局倾向 x3.00)
2026-03-07 14:54:23,809 - INFO - 
⚖️ 平衡调整 #190: 差距<10% (拉开) 差距=3.0% 平局率=95.0% 强力进攻(全局倾向 x3.00)
2026-03-07 14:54:23,809 - INFO -   AI2(强): ε 0.012→0.010, lr 0.219→0.179, 攻击权 0.95→0.95, 防守权 0.05→0.05, 进攻启发 0.0100→0.0100, 防守启发 0.0001→0.0001
2026-03-07 14:54:23,809 - INFO -   AI2(强): ε 0.012→0.010, lr 0.219→0.179, 攻击权 0.95→0.95, 防守权 0.05→0.05, 进攻启发 0.0100→0.0100, 防守启发 0.0001→0.0001
2026-03-07 14:54:23,809 - INFO -   AI1(弱): ε 0.010→0.013, lr 0.163→0.233, 攻击权 0.95→0.95, 防守权 0.05→0.05, 进攻启发 0.0100→0.0100, 防守启发 0.0001→0.0001
2026-03-07 14:54:23,809 - INFO -   AI1(弱): ε 0.010→0.013, lr 0.163→0.233, 攻击权 0.95→0.95, 防守权 0.05→0.05, 进攻启发 0.0100→0.0100, 防守启发 0.0001→0.0001
2026-03-07 15:13:14,476 - INFO - 
⚖️ 平衡调整 #191: 差距<10% (拉开) 差距=3.0% 平局率=95.0% 强力进攻(全局倾向 x2.97)
2026-03-07 15:13:14,476 - INFO - 
⚖️ 平衡调整 #191: 差距<10% (拉开) 差距=3.0% 平局率=95.0% 强力进攻(全局倾向 x2.97)
2026-03-07 15:13:14,477 - INFO -   AI2(强): ε 0.010→0.009, lr 0.179→0.146, 攻击权 0.95→0.95, 防守权 0.05→0.05, 进攻启发 0.0100→0.0100, 防守启发 0.0001→0.0001
2026-03-07 15:13:14,477 - INFO -   AI2(强): ε 0.010→0.009, lr 0.179→0.146, 攻击权 0.95→0.95, 防守权 0.05→0.05, 进攻启发 0.0100→0.0100, 防守启发 0.0001→0.0001
2026-03-07 15:13:14,477 - INFO -   AI1(弱): ε 0.011→0.014, lr 0.233→0.300, 攻击权 0.95→0.95, 防守权 0.05→0.05, 进攻启发 0.0100→0.0100, 防守启发 0.0001→0.0001
2026-03-07 15:13:14,477 - INFO -   AI1(弱): ε 0.011→0.014, lr 0.233→0.300, 攻击权 0.95→0.95, 防守权 0.05→0.05, 进攻启发 0.0100→0.0100, 防守启发 0.0001→0.0001
2026-03-07 15:41:22,658 - INFO - 
⚖️ 平衡调整 #192: 差距<10% (拉开) 差距=2.0% 平局率=92.0% 强力进攻(全局倾向 x2.94)
2026-03-07 15:41:22,658 - INFO - 
⚖️ 平衡调整 #192: 差距<10% (拉开) 差距=2.0% 平局率=92.0% 强力进攻(全局倾向 x2.94)
2026-03-07 15:41:22,658 - INFO -   AI1(强): ε 0.012→0.011, lr 0.300→0.200, 攻击权 0.95→0.95, 防守权 0.05→0.05, 进攻启发 0.0100→0.0100, 防守启发 0.0001→0.0001
2026-03-07 15:41:22,658 - INFO -   AI1(强): ε 0.012→0.011, lr 0.300→0.200, 攻击权 0.95→0.95, 防守权 0.05→0.05, 进攻启发 0.0100→0.0100, 防守启发 0.0001→0.0001
2026-03-07 15:41:22,659 - INFO -   AI2(弱): ε 0.010→0.013, lr 0.146→0.208, 攻击权 0.95→0.95, 防守权 0.05→0.05, 进攻启发 0.0100→0.0100, 防守启发 0.0001→0.0001
2026-03-07 15:41:22,659 - INFO -   AI2(弱): ε 0.010→0.013, lr 0.146→0.208, 攻击权 0.95→0.95, 防守权 0.05→0.05, 进攻启发 0.0100→0.0100, 防守启发 0.0001→0.0001
2026-03-07 15:58:16,990 - INFO - 
==================================================
2026-03-07 15:58:16,990 - INFO - 
==================================================
2026-03-07 15:58:16,991 - INFO - 第 13500/20000 局 (67.5%)
2026-03-07 15:58:16,991 - INFO - 第 13500/20000 局 (67.5%)
2026-03-07 15:58:16,991 - INFO - 速度: 0.1局/秒, 已用: 2894.4分钟
2026-03-07 15:58:16,991 - INFO - 速度: 0.1局/秒, 已用: 2894.4分钟
2026-03-07 15:58:16,991 - INFO - 总战绩: AI1 484胜, AI2 1169胜, 平局 11847
2026-03-07 15:58:16,991 - INFO - 总战绩: AI1 484胜, AI2 1169胜, 平局 11847
2026-03-07 15:58:16,991 - INFO - 近期100局: AI1 6.0%, AI2 2.0%, 平局 92.0%
2026-03-07 15:58:16,991 - INFO - 近期100局: AI1 6.0%, AI2 2.0%, 平局 92.0%
2026-03-07 15:58:16,991 - INFO - 胜率差距: 4.0%
2026-03-07 15:58:16,991 - INFO - 胜率差距: 4.0%
2026-03-07 15:58:16,991 - INFO - 防守统计: 总191420次, 平均14.18次/局
2026-03-07 15:58:16,991 - INFO - 防守统计: 总191420次, 平均14.18次/局
2026-03-07 15:58:16,991 - INFO - 参数: AI1 ε=0.010, lr=0.200
2026-03-07 15:58:16,991 - INFO - 参数: AI1 ε=0.010, lr=0.200
2026-03-07 15:58:16,992 - INFO -        AI2 ε=0.011, lr=0.208
2026-03-07 15:58:16,992 - INFO -        AI2 ε=0.011, lr=0.208
2026-03-07 15:58:16,992 - INFO - ==================================================
2026-03-07 15:58:16,992 - INFO - ==================================================
2026-03-07 16:00:32,843 - INFO - 
⚖️ 平衡调整 #193: 差距<10% (拉开) 差距=5.0% 平局率=91.0% 强力进攻(全局倾向 x2.91)
2026-03-07 16:00:32,843 - INFO - 
⚖️ 平衡调整 #193: 差距<10% (拉开) 差距=5.0% 平局率=91.0% 强力进攻(全局倾向 x2.91)
2026-03-07 16:00:32,843 - INFO -   AI1(强): ε 0.010→0.009, lr 0.200→0.163, 攻击权 0.95→0.95, 防守权 0.05→0.05, 进攻启发 0.0100→0.0100, 防守启发 0.0001→0.0001
2026-03-07 16:00:32,843 - INFO -   AI1(强): ε 0.010→0.009, lr 0.200→0.163, 攻击权 0.95→0.95, 防守权 0.05→0.05, 进攻启发 0.0100→0.0100, 防守启发 0.0001→0.0001
2026-03-07 16:00:32,843 - INFO -   AI2(弱): ε 0.011→0.014, lr 0.208→0.297, 攻击权 0.95→0.95, 防守权 0.05→0.05, 进攻启发 0.0100→0.0100, 防守启发 0.0001→0.0001
2026-03-07 16:00:32,843 - INFO -   AI2(弱): ε 0.011→0.014, lr 0.208→0.297, 攻击权 0.95→0.95, 防守权 0.05→0.05, 进攻启发 0.0100→0.0100, 防守启发 0.0001→0.0001
2026-03-07 16:17:42,040 - INFO - 
⚖️ 平衡调整 #194: 差距<10% (拉开) 差距=1.0% 平局率=87.0% 强力进攻(全局倾向 x2.88)
2026-03-07 16:17:42,040 - INFO - 
⚖️ 平衡调整 #194: 差距<10% (拉开) 差距=1.0% 平局率=87.0% 强力进攻(全局倾向 x2.88)
2026-03-07 16:17:42,041 - INFO -   AI2(强): ε 0.012→0.011, lr 0.297→0.200, 攻击权 0.95→0.95, 防守权 0.05→0.05, 进攻启发 0.0100→0.0100, 防守启发 0.0001→0.0001
2026-03-07 16:17:42,041 - INFO -   AI2(强): ε 0.012→0.011, lr 0.297→0.200, 攻击权 0.95→0.95, 防守权 0.05→0.05, 进攻启发 0.0100→0.0100, 防守启发 0.0001→0.0001
2026-03-07 16:17:42,041 - INFO -   AI1(弱): ε 0.010→0.013, lr 0.163→0.233, 攻击权 0.95→0.95, 防守权 0.05→0.05, 进攻启发 0.0100→0.0100, 防守启发 0.0001→0.0001
2026-03-07 16:17:42,041 - INFO -   AI1(弱): ε 0.010→0.013, lr 0.163→0.233, 攻击权 0.95→0.95, 防守权 0.05→0.05, 进攻启发 0.0100→0.0100, 防守启发 0.0001→0.0001
2026-03-07 17:17:07,666 - INFO - 📈 全局进攻倾向提升至 3.00
2026-03-07 17:17:07,666 - INFO - 📈 全局进攻倾向提升至 3.00
2026-03-07 17:17:07,666 - INFO - 
⚖️ 平衡调整 #195: 差距<10% (拉开) 差距=3.0% 平局率=93.0% 强力进攻(全局倾向 x3.00)
2026-03-07 17:17:07,666 - INFO - 
⚖️ 平衡调整 #195: 差距<10% (拉开) 差距=3.0% 平局率=93.0% 强力进攻(全局倾向 x3.00)
2026-03-07 17:17:07,667 - INFO -   AI1(强): ε 0.011→0.010, lr 0.233→0.190, 攻击权 0.95→0.95, 防守权 0.05→0.05, 进攻启发 0.0100→0.0100, 防守启发 0.0001→0.0001
2026-03-07 17:17:07,667 - INFO -   AI1(强): ε 0.011→0.010, lr 0.233→0.190, 攻击权 0.95→0.95, 防守权 0.05→0.05, 进攻启发 0.0100→0.0100, 防守启发 0.0001→0.0001
2026-03-07 17:17:07,667 - INFO -   AI2(弱): ε 0.010→0.013, lr 0.200→0.285, 攻击权 0.95→0.95, 防守权 0.05→0.05, 进攻启发 0.0100→0.0100, 防守启发 0.0001→0.0001
2026-03-07 17:17:07,667 - INFO -   AI2(弱): ε 0.010→0.013, lr 0.200→0.285, 攻击权 0.95→0.95, 防守权 0.05→0.05, 进攻启发 0.0100→0.0100, 防守启发 0.0001→0.0001
2026-03-07 17:31:10,694 - INFO - 
⚖️ 平衡调整 #196: 差距<10% (拉开) 差距=2.0% 平局率=98.0% 强力进攻(全局倾向 x2.97)
2026-03-07 17:31:10,694 - INFO - 
⚖️ 平衡调整 #196: 差距<10% (拉开) 差距=2.0% 平局率=98.0% 强力进攻(全局倾向 x2.97)
2026-03-07 17:31:10,695 - INFO -   AI1(强): ε 0.010→0.009, lr 0.190→0.155, 攻击权 0.95→0.95, 防守权 0.05→0.05, 进攻启发 0.0100→0.0100, 防守启发 0.0001→0.0001
2026-03-07 17:31:10,695 - INFO -   AI1(强): ε 0.010→0.009, lr 0.190→0.155, 攻击权 0.95→0.95, 防守权 0.05→0.05, 进攻启发 0.0100→0.0100, 防守启发 0.0001→0.0001
2026-03-07 17:31:10,695 - INFO -   AI2(弱): ε 0.011→0.014, lr 0.285→0.300, 攻击权 0.95→0.95, 防守权 0.05→0.05, 进攻启发 0.0100→0.0100, 防守启发 0.0001→0.0001
2026-03-07 17:31:10,695 - INFO -   AI2(弱): ε 0.011→0.014, lr 0.285→0.300, 攻击权 0.95→0.95, 防守权 0.05→0.05, 进攻启发 0.0100→0.0100, 防守启发 0.0001→0.0001
2026-03-07 17:46:01,639 - INFO - 
⚖️ 平衡调整 #197: 差距<10% (拉开) 差距=6.0% 平局率=88.0% 强力进攻(全局倾向 x2.94)
2026-03-07 17:46:01,639 - INFO - 
⚖️ 平衡调整 #197: 差距<10% (拉开) 差距=6.0% 平局率=88.0% 强力进攻(全局倾向 x2.94)
2026-03-07 17:46:01,640 - INFO -   AI1(强): ε 0.010→0.009, lr 0.155→0.126, 攻击权 0.95→0.95, 防守权 0.05→0.05, 进攻启发 0.0100→0.0100, 防守启发 0.0001→0.0001
2026-03-07 17:46:01,640 - INFO -   AI1(强): ε 0.010→0.009, lr 0.155→0.126, 攻击权 0.95→0.95, 防守权 0.05→0.05, 进攻启发 0.0100→0.0100, 防守启发 0.0001→0.0001
2026-03-07 17:46:01,640 - INFO -   AI2(弱): ε 0.012→0.016, lr 0.300→0.300, 攻击权 0.95→0.95, 防守权 0.05→0.05, 进攻启发 0.0100→0.0100, 防守启发 0.0001→0.0001
2026-03-07 17:46:01,640 - INFO -   AI2(弱): ε 0.012→0.016, lr 0.300→0.300, 攻击权 0.95→0.95, 防守权 0.05→0.05, 进攻启发 0.0100→0.0100, 防守启发 0.0001→0.0001
2026-03-07 18:36:51,843 - INFO - 
⚖️ 平衡调整 #198: 差距<10% (拉开) 差距=4.0% 平局率=92.0% 强力进攻(全局倾向 x2.91)
2026-03-07 18:36:51,843 - INFO - 
⚖️ 平衡调整 #198: 差距<10% (拉开) 差距=4.0% 平局率=92.0% 强力进攻(全局倾向 x2.91)
2026-03-07 18:36:51,844 - INFO -   AI1(强): ε 0.010→0.009, lr 0.126→0.103, 攻击权 0.95→0.95, 防守权 0.05→0.05, 进攻启发 0.0100→0.0100, 防守启发 0.0001→0.0001
2026-03-07 18:36:51,844 - INFO -   AI1(强): ε 0.010→0.009, lr 0.126→0.103, 攻击权 0.95→0.95, 防守权 0.05→0.05, 进攻启发 0.0100→0.0100, 防守启发 0.0001→0.0001
2026-03-07 18:36:51,844 - INFO -   AI2(弱): ε 0.013→0.017, lr 0.300→0.300, 攻击权 0.95→0.95, 防守权 0.05→0.05, 进攻启发 0.0100→0.0100, 防守启发 0.0001→0.0001
2026-03-07 18:36:51,844 - INFO -   AI2(弱): ε 0.013→0.017, lr 0.300→0.300, 攻击权 0.95→0.95, 防守权 0.05→0.05, 进攻启发 0.0100→0.0100, 防守启发 0.0001→0.0001
2026-03-07 18:56:22,021 - INFO - 
⚖️ 平衡调整 #199: 差距<10% (拉开) 差距=8.0% 平局率=90.0% 强力进攻(全局倾向 x2.88)
2026-03-07 18:56:22,021 - INFO - 
⚖️ 平衡调整 #199: 差距<10% (拉开) 差距=8.0% 平局率=90.0% 强力进攻(全局倾向 x2.88)
2026-03-07 18:56:22,021 - INFO -   AI1(强): ε 0.010→0.009, lr 0.103→0.084, 攻击权 0.95→0.95, 防守权 0.05→0.05, 进攻启发 0.0100→0.0100, 防守启发 0.0001→0.0001
2026-03-07 18:56:22,021 - INFO -   AI1(强): ε 0.010→0.009, lr 0.103→0.084, 攻击权 0.95→0.95, 防守权 0.05→0.05, 进攻启发 0.0100→0.0100, 防守启发 0.0001→0.0001
2026-03-07 18:56:22,021 - INFO -   AI2(弱): ε 0.015→0.019, lr 0.300→0.300, 攻击权 0.95→0.95, 防守权 0.05→0.05, 进攻启发 0.0100→0.0100, 防守启发 0.0001→0.0001
2026-03-07 18:56:22,021 - INFO -   AI2(弱): ε 0.015→0.019, lr 0.300→0.300, 攻击权 0.95→0.95, 防守权 0.05→0.05, 进攻启发 0.0100→0.0100, 防守启发 0.0001→0.0001
2026-03-07 19:18:58,442 - INFO - 📈 全局进攻倾向提升至 3.00
2026-03-07 19:18:58,442 - INFO - 📈 全局进攻倾向提升至 3.00
2026-03-07 19:18:58,442 - INFO - 
⚖️ 平衡调整 #200: 差距<10% (拉开) 差距=3.0% 平局率=89.0% 强力进攻(全局倾向 x3.00)
2026-03-07 19:18:58,442 - INFO - 
⚖️ 平衡调整 #200: 差距<10% (拉开) 差距=3.0% 平局率=89.0% 强力进攻(全局倾向 x3.00)
2026-03-07 19:18:58,443 - INFO -   AI1(强): ε 0.010→0.009, lr 0.084→0.069, 攻击权 0.95→0.95, 防守权 0.05→0.05, 进攻启发 0.0100→0.0100, 防守启发 0.0001→0.0001
2026-03-07 19:18:58,443 - INFO -   AI1(强): ε 0.010→0.009, lr 0.084→0.069, 攻击权 0.95→0.95, 防守权 0.05→0.05, 进攻启发 0.0100→0.0100, 防守启发 0.0001→0.0001
2026-03-07 19:18:58,443 - INFO -   AI2(弱): ε 0.016→0.021, lr 0.300→0.300, 攻击权 0.95→0.95, 防守权 0.05→0.05, 进攻启发 0.0100→0.0100, 防守启发 0.0001→0.0001
2026-03-07 19:18:58,443 - INFO -   AI2(弱): ε 0.016→0.021, lr 0.300→0.300, 攻击权 0.95→0.95, 防守权 0.05→0.05, 进攻启发 0.0100→0.0100, 防守启发 0.0001→0.0001
2026-03-07 19:18:58,444 - INFO - 
==================================================
2026-03-07 19:18:58,444 - INFO - 
==================================================
2026-03-07 19:18:58,444 - INFO - 第 14000/20000 局 (70.0%)
2026-03-07 19:18:58,444 - INFO - 第 14000/20000 局 (70.0%)
2026-03-07 19:18:58,444 - INFO - 速度: 0.1局/秒, 已用: 3095.1分钟
2026-03-07 19:18:58,444 - INFO - 速度: 0.1局/秒, 已用: 3095.1分钟
2026-03-07 19:18:58,444 - INFO - 总战绩: AI1 514胜, AI2 1186胜, 平局 12300
2026-03-07 19:18:58,444 - INFO - 总战绩: AI1 514胜, AI2 1186胜, 平局 12300
2026-03-07 19:18:58,444 - INFO - 近期100局: AI1 7.0%, AI2 4.0%, 平局 89.0%
2026-03-07 19:18:58,444 - INFO - 近期100局: AI1 7.0%, AI2 4.0%, 平局 89.0%
2026-03-07 19:18:58,444 - INFO - 胜率差距: 3.0%
2026-03-07 19:18:58,444 - INFO - 胜率差距: 3.0%
2026-03-07 19:18:58,444 - INFO - 防守统计: 总197924次, 平均14.14次/局
2026-03-07 19:18:58,444 - INFO - 防守统计: 总197924次, 平均14.14次/局
2026-03-07 19:18:58,444 - INFO - 参数: AI1 ε=0.009, lr=0.069
2026-03-07 19:18:58,444 - INFO - 参数: AI1 ε=0.009, lr=0.069
2026-03-07 19:18:58,445 - INFO -        AI2 ε=0.021, lr=0.300
2026-03-07 19:18:58,445 - INFO -        AI2 ε=0.021, lr=0.300
2026-03-07 19:18:58,445 - INFO - ==================================================
2026-03-07 19:18:58,445 - INFO - ==================================================
2026-03-07 19:43:41,781 - INFO - 
⚖️ 平衡调整 #201: 差距<10% (拉开) 差距=2.0% 平局率=94.0% 强力进攻(全局倾向 x2.97)
2026-03-07 19:43:41,781 - INFO - 
⚖️ 平衡调整 #201: 差距<10% (拉开) 差距=2.0% 平局率=94.0% 强力进攻(全局倾向 x2.97)
2026-03-07 19:43:41,782 - INFO -   AI2(强): ε 0.017→0.016, lr 0.300→0.200, 攻击权 0.95→0.95, 防守权 0.05→0.05, 进攻启发 0.0100→0.0100, 防守启发 0.0001→0.0001
2026-03-07 19:43:41,782 - INFO -   AI2(强): ε 0.017→0.016, lr 0.300→0.200, 攻击权 0.95→0.95, 防守权 0.05→0.05, 进攻启发 0.0100→0.0100, 防守启发 0.0001→0.0001
2026-03-07 19:43:41,782 - INFO -   AI1(弱): ε 0.010→0.013, lr 0.069→0.120, 攻击权 0.95→0.95, 防守权 0.05→0.05, 进攻启发 0.0100→0.0100, 防守启发 0.0001→0.0001
2026-03-07 19:43:41,782 - INFO -   AI1(弱): ε 0.010→0.013, lr 0.069→0.120, 攻击权 0.95→0.95, 防守权 0.05→0.05, 进攻启发 0.0100→0.0100, 防守启发 0.0001→0.0001
2026-03-07 20:06:12,840 - INFO - 
⚖️ 平衡调整 #202: 差距<10% (拉开) 差距=0.0% 平局率=92.0% 强力进攻(全局倾向 x2.94)
2026-03-07 20:06:12,840 - INFO - 
⚖️ 平衡调整 #202: 差距<10% (拉开) 差距=0.0% 平局率=92.0% 强力进攻(全局倾向 x2.94)
2026-03-07 20:06:12,841 - INFO -   AI2(强): ε 0.013→0.012, lr 0.200→0.163, 攻击权 0.95→0.95, 防守权 0.05→0.05, 进攻启发 0.0100→0.0100, 防守启发 0.0001→0.0001
2026-03-07 20:06:12,841 - INFO -   AI2(强): ε 0.013→0.012, lr 0.200→0.163, 攻击权 0.95→0.95, 防守权 0.05→0.05, 进攻启发 0.0100→0.0100, 防守启发 0.0001→0.0001
2026-03-07 20:06:12,841 - INFO -   AI1(弱): ε 0.011→0.014, lr 0.120→0.171, 攻击权 0.95→0.95, 防守权 0.05→0.05, 进攻启发 0.0100→0.0100, 防守启发 0.0001→0.0001
2026-03-07 20:06:12,841 - INFO -   AI1(弱): ε 0.011→0.014, lr 0.120→0.171, 攻击权 0.95→0.95, 防守权 0.05→0.05, 进攻启发 0.0100→0.0100, 防守启发 0.0001→0.0001
2026-03-07 20:26:49,774 - INFO - 
⚖️ 平衡调整 #203: 差距<10% (拉开) 差距=5.0% 平局率=93.0% 强力进攻(全局倾向 x2.91)
2026-03-07 20:26:49,774 - INFO - 
⚖️ 平衡调整 #203: 差距<10% (拉开) 差距=5.0% 平局率=93.0% 强力进攻(全局倾向 x2.91)
2026-03-07 20:26:49,774 - INFO -   AI2(强): ε 0.010→0.009, lr 0.163→0.133, 攻击权 0.95→0.95, 防守权 0.05→0.05, 进攻启发 0.0100→0.0100, 防守启发 0.0001→0.0001
2026-03-07 20:26:49,774 - INFO -   AI2(强): ε 0.010→0.009, lr 0.163→0.133, 攻击权 0.95→0.95, 防守权 0.05→0.05, 进攻启发 0.0100→0.0100, 防守启发 0.0001→0.0001
2026-03-07 20:26:49,774 - INFO -   AI1(弱): ε 0.012→0.016, lr 0.171→0.244, 攻击权 0.95→0.95, 防守权 0.05→0.05, 进攻启发 0.0100→0.0100, 防守启发 0.0001→0.0001
2026-03-07 20:26:49,774 - INFO -   AI1(弱): ε 0.012→0.016, lr 0.171→0.244, 攻击权 0.95→0.95, 防守权 0.05→0.05, 进攻启发 0.0100→0.0100, 防守启发 0.0001→0.0001
2026-03-07 20:51:05,086 - INFO - 
⚖️ 平衡调整 #204: 差距<10% (拉开) 差距=1.0% 平局率=91.0% 强力进攻(全局倾向 x2.88)
2026-03-07 20:51:05,086 - INFO - 
⚖️ 平衡调整 #204: 差距<10% (拉开) 差距=1.0% 平局率=91.0% 强力进攻(全局倾向 x2.88)
2026-03-07 20:51:05,088 - INFO -   AI2(强): ε 0.010→0.009, lr 0.133→0.109, 攻击权 0.95→0.95, 防守权 0.05→0.05, 进攻启发 0.0100→0.0100, 防守启发 0.0001→0.0001
2026-03-07 20:51:05,088 - INFO -   AI2(强): ε 0.010→0.009, lr 0.133→0.109, 攻击权 0.95→0.95, 防守权 0.05→0.05, 进攻启发 0.0100→0.0100, 防守启发 0.0001→0.0001
2026-03-07 20:51:05,088 - INFO -   AI1(弱): ε 0.013→0.017, lr 0.244→0.300, 攻击权 0.95→0.95, 防守权 0.05→0.05, 进攻启发 0.0100→0.0100, 防守启发 0.0001→0.0001
2026-03-07 20:51:05,088 - INFO -   AI1(弱): ε 0.013→0.017, lr 0.244→0.300, 攻击权 0.95→0.95, 防守权 0.05→0.05, 进攻启发 0.0100→0.0100, 防守启发 0.0001→0.0001
2026-03-07 21:10:43,318 - INFO - 📈 全局进攻倾向提升至 3.00
2026-03-07 21:10:43,318 - INFO - 📈 全局进攻倾向提升至 3.00
2026-03-07 21:10:43,319 - INFO - 
⚖️ 平衡调整 #205: 差距<10% (拉开) 差距=2.0% 平局率=90.0% 强力进攻(全局倾向 x3.00)
2026-03-07 21:10:43,319 - INFO - 
⚖️ 平衡调整 #205: 差距<10% (拉开) 差距=2.0% 平局率=90.0% 强力进攻(全局倾向 x3.00)
2026-03-07 21:10:43,319 - INFO -   AI2(强): ε 0.010→0.009, lr 0.109→0.089, 攻击权 0.95→0.95, 防守权 0.05→0.05, 进攻启发 0.0100→0.0100, 防守启发 0.0001→0.0001
2026-03-07 21:10:43,319 - INFO -   AI2(强): ε 0.010→0.009, lr 0.109→0.089, 攻击权 0.95→0.95, 防守权 0.05→0.05, 进攻启发 0.0100→0.0100, 防守启发 0.0001→0.0001
2026-03-07 21:10:43,319 - INFO -   AI1(弱): ε 0.014→0.019, lr 0.300→0.300, 攻击权 0.95→0.95, 防守权 0.05→0.05, 进攻启发 0.0100→0.0100, 防守启发 0.0001→0.0001
2026-03-07 21:10:43,319 - INFO -   AI1(弱): ε 0.014→0.019, lr 0.300→0.300, 攻击权 0.95→0.95, 防守权 0.05→0.05, 进攻启发 0.0100→0.0100, 防守启发 0.0001→0.0001
2026-03-07 21:25:54,455 - INFO - 
⚖️ 平衡调整 #206: 差距<10% (拉开) 差距=7.0% 平局率=91.0% 强力进攻(全局倾向 x2.97)
2026-03-07 21:25:54,455 - INFO - 
⚖️ 平衡调整 #206: 差距<10% (拉开) 差距=7.0% 平局率=91.0% 强力进攻(全局倾向 x2.97)
2026-03-07 21:25:54,456 - INFO -   AI2(强): ε 0.010→0.009, lr 0.089→0.072, 攻击权 0.95→0.95, 防守权 0.05→0.05, 进攻启发 0.0100→0.0100, 防守启发 0.0001→0.0001
2026-03-07 21:25:54,456 - INFO -   AI2(强): ε 0.010→0.009, lr 0.089→0.072, 攻击权 0.95→0.95, 防守权 0.05→0.05, 进攻启发 0.0100→0.0100, 防守启发 0.0001→0.0001
2026-03-07 21:25:54,456 - INFO -   AI1(弱): ε 0.016→0.021, lr 0.300→0.300, 攻击权 0.95→0.95, 防守权 0.05→0.05, 进攻启发 0.0100→0.0100, 防守启发 0.0001→0.0001
2026-03-07 21:25:54,456 - INFO -   AI1(弱): ε 0.016→0.021, lr 0.300→0.300, 攻击权 0.95→0.95, 防守权 0.05→0.05, 进攻启发 0.0100→0.0100, 防守启发 0.0001→0.0001
2026-03-07 21:40:05,145 - INFO - 
⚖️ 平衡调整 #207: 差距<10% (拉开) 差距=1.0% 平局率=89.0% 强力进攻(全局倾向 x2.94)
2026-03-07 21:40:05,145 - INFO - 
⚖️ 平衡调整 #207: 差距<10% (拉开) 差距=1.0% 平局率=89.0% 强力进攻(全局倾向 x2.94)
2026-03-07 21:40:05,146 - INFO -   AI2(强): ε 0.010→0.009, lr 0.072→0.059, 攻击权 0.95→0.95, 防守权 0.05→0.05, 进攻启发 0.0100→0.0100, 防守启发 0.0001→0.0001
2026-03-07 21:40:05,146 - INFO -   AI2(强): ε 0.010→0.009, lr 0.072→0.059, 攻击权 0.95→0.95, 防守权 0.05→0.05, 进攻启发 0.0100→0.0100, 防守启发 0.0001→0.0001
2026-03-07 21:40:05,146 - INFO -   AI1(弱): ε 0.017→0.023, lr 0.300→0.300, 攻击权 0.95→0.95, 防守权 0.05→0.05, 进攻启发 0.0100→0.0100, 防守启发 0.0001→0.0001
2026-03-07 21:40:05,146 - INFO -   AI1(弱): ε 0.017→0.023, lr 0.300→0.300, 攻击权 0.95→0.95, 防守权 0.05→0.05, 进攻启发 0.0100→0.0100, 防守启发 0.0001→0.0001
2026-03-07 21:41:59,206 - INFO - 
==================================================
2026-03-07 21:41:59,206 - INFO - 
==================================================
2026-03-07 21:41:59,207 - INFO - 第 14500/20000 局 (72.5%)
2026-03-07 21:41:59,207 - INFO - 第 14500/20000 局 (72.5%)
2026-03-07 21:41:59,207 - INFO - 速度: 0.1局/秒, 已用: 3238.1分钟
2026-03-07 21:41:59,207 - INFO - 速度: 0.1局/秒, 已用: 3238.1分钟
2026-03-07 21:41:59,207 - INFO - 总战绩: AI1 530胜, AI2 1211胜, 平局 12759
2026-03-07 21:41:59,207 - INFO - 总战绩: AI1 530胜, AI2 1211胜, 平局 12759
2026-03-07 21:41:59,207 - INFO - 近期100局: AI1 4.0%, AI2 3.0%, 平局 93.0%
2026-03-07 21:41:59,207 - INFO - 近期100局: AI1 4.0%, AI2 3.0%, 平局 93.0%
2026-03-07 21:41:59,207 - INFO - 胜率差距: 1.0%
2026-03-07 21:41:59,207 - INFO - 胜率差距: 1.0%
2026-03-07 21:41:59,207 - INFO - 防守统计: 总204646次, 平均14.11次/局
2026-03-07 21:41:59,207 - INFO - 防守统计: 总204646次, 平均14.11次/局
2026-03-07 21:41:59,207 - INFO - 参数: AI1 ε=0.022, lr=0.300
2026-03-07 21:41:59,207 - INFO - 参数: AI1 ε=0.022, lr=0.300
2026-03-07 21:41:59,207 - INFO -        AI2 ε=0.010, lr=0.059
2026-03-07 21:41:59,207 - INFO -        AI2 ε=0.010, lr=0.059
2026-03-07 21:41:59,208 - INFO - ==================================================
2026-03-07 21:41:59,208 - INFO - ==================================================
2026-03-07 21:53:25,740 - INFO - 
⚖️ 平衡调整 #208: 差距<10% (拉开) 差距=1.0% 平局率=93.0% 强力进攻(全局倾向 x2.91)
2026-03-07 21:53:25,740 - INFO - 
⚖️ 平衡调整 #208: 差距<10% (拉开) 差距=1.0% 平局率=93.0% 强力进攻(全局倾向 x2.91)
2026-03-07 21:53:25,741 - INFO -   AI1(强): ε 0.019→0.017, lr 0.300→0.200, 攻击权 0.95→0.95, 防守权 0.05→0.05, 进攻启发 0.0100→0.0100, 防守启发 0.0001→0.0001
2026-03-07 21:53:25,741 - INFO -   AI1(强): ε 0.019→0.017, lr 0.300→0.200, 攻击权 0.95→0.95, 防守权 0.05→0.05, 进攻启发 0.0100→0.0100, 防守启发 0.0001→0.0001
2026-03-07 21:53:25,741 - INFO -   AI2(弱): ε 0.010→0.013, lr 0.059→0.120, 攻击权 0.95→0.95, 防守权 0.05→0.05, 进攻启发 0.0100→0.0100, 防守启发 0.0001→0.0001
2026-03-07 21:53:25,741 - INFO -   AI2(弱): ε 0.010→0.013, lr 0.059→0.120, 攻击权 0.95→0.95, 防守权 0.05→0.05, 进攻启发 0.0100→0.0100, 防守启发 0.0001→0.0001
2026-03-07 22:06:44,446 - INFO - 
⚖️ 平衡调整 #209: 差距<10% (拉开) 差距=1.0% 平局率=97.0% 强力进攻(全局倾向 x2.88)
2026-03-07 22:06:44,446 - INFO - 
⚖️ 平衡调整 #209: 差距<10% (拉开) 差距=1.0% 平局率=97.0% 强力进攻(全局倾向 x2.88)
2026-03-07 22:06:44,446 - INFO -   AI1(强): ε 0.014→0.013, lr 0.200→0.163, 攻击权 0.95→0.95, 防守权 0.05→0.05, 进攻启发 0.0100→0.0100, 防守启发 0.0001→0.0001
2026-03-07 22:06:44,446 - INFO -   AI1(强): ε 0.014→0.013, lr 0.200→0.163, 攻击权 0.95→0.95, 防守权 0.05→0.05, 进攻启发 0.0100→0.0100, 防守启发 0.0001→0.0001
2026-03-07 22:06:44,447 - INFO -   AI2(弱): ε 0.011→0.014, lr 0.120→0.171, 攻击权 0.95→0.95, 防守权 0.05→0.05, 进攻启发 0.0100→0.0100, 防守启发 0.0001→0.0001
2026-03-07 22:06:44,447 - INFO -   AI2(弱): ε 0.011→0.014, lr 0.120→0.171, 攻击权 0.95→0.95, 防守权 0.05→0.05, 进攻启发 0.0100→0.0100, 防守启发 0.0001→0.0001
2026-03-07 22:21:19,407 - INFO - 📈 全局进攻倾向提升至 3.00
2026-03-07 22:21:19,407 - INFO - 📈 全局进攻倾向提升至 3.00
2026-03-07 22:21:19,407 - INFO - 
⚖️ 平衡调整 #210: 差距<10% (拉开) 差距=1.0% 平局率=95.0% 强力进攻(全局倾向 x3.00)
2026-03-07 22:21:19,407 - INFO - 
⚖️ 平衡调整 #210: 差距<10% (拉开) 差距=1.0% 平局率=95.0% 强力进攻(全局倾向 x3.00)
2026-03-07 22:21:19,407 - INFO -   AI1(强): ε 0.011→0.010, lr 0.163→0.133, 攻击权 0.95→0.95, 防守权 0.05→0.05, 进攻启发 0.0100→0.0100, 防守启发 0.0001→0.0001
2026-03-07 22:21:19,407 - INFO -   AI1(强): ε 0.011→0.010, lr 0.163→0.133, 攻击权 0.95→0.95, 防守权 0.05→0.05, 进攻启发 0.0100→0.0100, 防守启发 0.0001→0.0001
2026-03-07 22:21:19,407 - INFO -   AI2(弱): ε 0.012→0.016, lr 0.171→0.244, 攻击权 0.95→0.95, 防守权 0.05→0.05, 进攻启发 0.0100→0.0100, 防守启发 0.0001→0.0001
2026-03-07 22:21:19,407 - INFO -   AI2(弱): ε 0.012→0.016, lr 0.171→0.244, 攻击权 0.95→0.95, 防守权 0.05→0.05, 进攻启发 0.0100→0.0100, 防守启发 0.0001→0.0001
2026-03-07 22:38:31,129 - INFO - 
⚖️ 平衡调整 #211: 差距<10% (拉开) 差距=1.0% 平局率=91.0% 强力进攻(全局倾向 x2.97)
2026-03-07 22:38:31,129 - INFO - 
⚖️ 平衡调整 #211: 差距<10% (拉开) 差距=1.0% 平局率=91.0% 强力进攻(全局倾向 x2.97)
2026-03-07 22:38:31,130 - INFO -   AI1(强): ε 0.010→0.009, lr 0.133→0.109, 攻击权 0.95→0.95, 防守权 0.05→0.05, 进攻启发 0.0100→0.0100, 防守启发 0.0001→0.0001
2026-03-07 22:38:31,130 - INFO -   AI1(强): ε 0.010→0.009, lr 0.133→0.109, 攻击权 0.95→0.95, 防守权 0.05→0.05, 进攻启发 0.0100→0.0100, 防守启发 0.0001→0.0001
2026-03-07 22:38:31,130 - INFO -   AI2(弱): ε 0.013→0.017, lr 0.244→0.300, 攻击权 0.95→0.95, 防守权 0.05→0.05, 进攻启发 0.0100→0.0100, 防守启发 0.0001→0.0001
2026-03-07 22:38:31,130 - INFO -   AI2(弱): ε 0.013→0.017, lr 0.244→0.300, 攻击权 0.95→0.95, 防守权 0.05→0.05, 进攻启发 0.0100→0.0100, 防守启发 0.0001→0.0001
2026-03-07 22:54:56,250 - INFO - 
⚖️ 平衡调整 #212: 差距<10% (拉开) 差距=5.0% 平局率=91.0% 强力进攻(全局倾向 x2.94)
2026-03-07 22:54:56,250 - INFO - 
⚖️ 平衡调整 #212: 差距<10% (拉开) 差距=5.0% 平局率=91.0% 强力进攻(全局倾向 x2.94)
2026-03-07 22:54:56,250 - INFO -   AI1(强): ε 0.010→0.009, lr 0.109→0.089, 攻击权 0.95→0.95, 防守权 0.05→0.05, 进攻启发 0.0100→0.0100, 防守启发 0.0001→0.0001
2026-03-07 22:54:56,250 - INFO -   AI1(强): ε 0.010→0.009, lr 0.109→0.089, 攻击权 0.95→0.95, 防守权 0.05→0.05, 进攻启发 0.0100→0.0100, 防守启发 0.0001→0.0001
2026-03-07 22:54:56,250 - INFO -   AI2(弱): ε 0.015→0.019, lr 0.300→0.300, 攻击权 0.95→0.95, 防守权 0.05→0.05, 进攻启发 0.0100→0.0100, 防守启发 0.0001→0.0001
2026-03-07 22:54:56,250 - INFO -   AI2(弱): ε 0.015→0.019, lr 0.300→0.300, 攻击权 0.95→0.95, 防守权 0.05→0.05, 进攻启发 0.0100→0.0100, 防守启发 0.0001→0.0001
2026-03-07 23:10:26,951 - INFO - 
⚖️ 平衡调整 #213: 差距<10% (拉开) 差距=5.0% 平局率=95.0% 强力进攻(全局倾向 x2.91)
2026-03-07 23:10:26,951 - INFO - 
⚖️ 平衡调整 #213: 差距<10% (拉开) 差距=5.0% 平局率=95.0% 强力进攻(全局倾向 x2.91)
2026-03-07 23:10:26,952 - INFO -   AI1(强): ε 0.010→0.009, lr 0.089→0.072, 攻击权 0.95→0.95, 防守权 0.05→0.05, 进攻启发 0.0100→0.0100, 防守启发 0.0001→0.0001
2026-03-07 23:10:26,952 - INFO -   AI1(强): ε 0.010→0.009, lr 0.089→0.072, 攻击权 0.95→0.95, 防守权 0.05→0.05, 进攻启发 0.0100→0.0100, 防守启发 0.0001→0.0001
2026-03-07 23:10:26,952 - INFO -   AI2(弱): ε 0.016→0.021, lr 0.300→0.300, 攻击权 0.95→0.95, 防守权 0.05→0.05, 进攻启发 0.0100→0.0100, 防守启发 0.0001→0.0001
2026-03-07 23:10:26,952 - INFO -   AI2(弱): ε 0.016→0.021, lr 0.300→0.300, 攻击权 0.95→0.95, 防守权 0.05→0.05, 进攻启发 0.0100→0.0100, 防守启发 0.0001→0.0001
2026-03-08 08:23:03,179 - INFO - 
⚖️ 平衡调整 #214: 差距<10% (拉开) 差距=1.0% 平局率=95.0% 强力进攻(全局倾向 x2.88)
2026-03-08 08:23:03,179 - INFO - 
⚖️ 平衡调整 #214: 差距<10% (拉开) 差距=1.0% 平局率=95.0% 强力进攻(全局倾向 x2.88)
2026-03-08 08:23:03,179 - INFO -   AI2(强): ε 0.017→0.016, lr 0.300→0.200, 攻击权 0.95→0.95, 防守权 0.05→0.05, 进攻启发 0.0100→0.0100, 防守启发 0.0001→0.0001
2026-03-08 08:23:03,179 - INFO -   AI2(强): ε 0.017→0.016, lr 0.300→0.200, 攻击权 0.95→0.95, 防守权 0.05→0.05, 进攻启发 0.0100→0.0100, 防守启发 0.0001→0.0001
2026-03-08 08:23:03,179 - INFO -   AI1(弱): ε 0.010→0.013, lr 0.072→0.120, 攻击权 0.95→0.95, 防守权 0.05→0.05, 进攻启发 0.0100→0.0100, 防守启发 0.0001→0.0001
2026-03-08 08:23:03,179 - INFO -   AI1(弱): ε 0.010→0.013, lr 0.072→0.120, 攻击权 0.95→0.95, 防守权 0.05→0.05, 进攻启发 0.0100→0.0100, 防守启发 0.0001→0.0001
2026-03-08 08:26:27,968 - INFO - 
==================================================
2026-03-08 08:26:27,968 - INFO - 
==================================================
2026-03-08 08:26:27,968 - INFO - 第 15000/20000 局 (75.0%)
2026-03-08 08:26:27,968 - INFO - 第 15000/20000 局 (75.0%)
2026-03-08 08:26:27,968 - INFO - 速度: 0.1局/秒, 已用: 3882.6分钟
2026-03-08 08:26:27,968 - INFO - 速度: 0.1局/秒, 已用: 3882.6分钟
2026-03-08 08:26:27,969 - INFO - 总战绩: AI1 552胜, AI2 1221胜, 平局 13227
2026-03-08 08:26:27,969 - INFO - 总战绩: AI1 552胜, AI2 1221胜, 平局 13227
2026-03-08 08:26:27,969 - INFO - 近期100局: AI1 3.0%, AI2 3.0%, 平局 94.0%
2026-03-08 08:26:27,969 - INFO - 近期100局: AI1 3.0%, AI2 3.0%, 平局 94.0%
2026-03-08 08:26:27,969 - INFO - 胜率差距: 0.0%
2026-03-08 08:26:27,969 - INFO - 胜率差距: 0.0%
2026-03-08 08:26:27,969 - INFO - 防守统计: 总211308次, 平均14.09次/局
2026-03-08 08:26:27,969 - INFO - 防守统计: 总211308次, 平均14.09次/局
2026-03-08 08:26:27,969 - INFO - 参数: AI1 ε=0.012, lr=0.120
2026-03-08 08:26:27,969 - INFO - 参数: AI1 ε=0.012, lr=0.120
2026-03-08 08:26:27,969 - INFO -        AI2 ε=0.015, lr=0.200
2026-03-08 08:26:27,969 - INFO -        AI2 ε=0.015, lr=0.200
2026-03-08 08:26:27,969 - INFO - ==================================================
2026-03-08 08:26:27,969 - INFO - ==================================================
2026-03-08 08:26:27,969 - INFO - 
📊 第 15000 局检查点 速度:0.1局/秒
2026-03-08 08:26:27,969 - INFO - 
📊 第 15000 局检查点 速度:0.1局/秒
2026-03-08 08:26:27,970 - INFO -   战绩: AI1 552胜 AI2 1221胜 平局 13227
2026-03-08 08:26:27,970 - INFO -   战绩: AI1 552胜 AI2 1221胜 平局 13227
2026-03-08 08:26:27,970 - INFO -   胜率: AI1 3.7% AI2 8.1% 平局 88.2%
2026-03-08 08:26:27,970 - INFO -   胜率: AI1 3.7% AI2 8.1% 平局 88.2%
2026-03-08 08:26:27,970 - INFO -   差距:4.5% 防守:211308次
2026-03-08 08:26:27,970 - INFO -   差距:4.5% 防守:211308次
2026-03-08 08:26:30,973 - INFO -   统计图已保存: stats_ep15000.png
2026-03-08 08:26:30,973 - INFO -   统计图已保存: stats_ep15000.png
2026-03-08 08:35:32,436 - INFO - 📈 全局进攻倾向提升至 3.00
2026-03-08 08:35:32,436 - INFO - 📈 全局进攻倾向提升至 3.00
2026-03-08 08:35:32,436 - INFO - 
⚖️ 平衡调整 #215: 差距<10% (拉开) 差距=3.0% 平局率=93.0% 强力进攻(全局倾向 x3.00)
2026-03-08 08:35:32,436 - INFO - 
⚖️ 平衡调整 #215: 差距<10% (拉开) 差距=3.0% 平局率=93.0% 强力进攻(全局倾向 x3.00)
2026-03-08 08:35:32,436 - INFO -   AI1(强): ε 0.011→0.010, lr 0.120→0.098, 攻击权 0.95→0.95, 防守权 0.05→0.05, 进攻启发 0.0100→0.0100, 防守启发 0.0001→0.0001
2026-03-08 08:35:32,436 - INFO -   AI1(强): ε 0.011→0.010, lr 0.120→0.098, 攻击权 0.95→0.95, 防守权 0.05→0.05, 进攻启发 0.0100→0.0100, 防守启发 0.0001→0.0001
2026-03-08 08:35:32,436 - INFO -   AI2(弱): ε 0.013→0.017, lr 0.200→0.285, 攻击权 0.95→0.95, 防守权 0.05→0.05, 进攻启发 0.0100→0.0100, 防守启发 0.0001→0.0001
2026-03-08 08:35:32,436 - INFO -   AI2(弱): ε 0.013→0.017, lr 0.200→0.285, 攻击权 0.95→0.95, 防守权 0.05→0.05, 进攻启发 0.0100→0.0100, 防守启发 0.0001→0.0001
2026-03-08 08:48:17,322 - INFO - 
⚖️ 平衡调整 #216: 差距<10% (拉开) 差距=3.0% 平局率=93.0% 强力进攻(全局倾向 x2.97)
2026-03-08 08:48:17,322 - INFO - 
⚖️ 平衡调整 #216: 差距<10% (拉开) 差距=3.0% 平局率=93.0% 强力进攻(全局倾向 x2.97)
2026-03-08 08:48:17,322 - INFO -   AI1(强): ε 0.010→0.009, lr 0.098→0.080, 攻击权 0.95→0.95, 防守权 0.05→0.05, 进攻启发 0.0100→0.0100, 防守启发 0.0001→0.0001
2026-03-08 08:48:17,322 - INFO -   AI1(强): ε 0.010→0.009, lr 0.098→0.080, 攻击权 0.95→0.95, 防守权 0.05→0.05, 进攻启发 0.0100→0.0100, 防守启发 0.0001→0.0001
2026-03-08 08:48:17,323 - INFO -   AI2(弱): ε 0.015→0.019, lr 0.285→0.300, 攻击权 0.95→0.95, 防守权 0.05→0.05, 进攻启发 0.0100→0.0100, 防守启发 0.0001→0.0001
2026-03-08 08:48:17,323 - INFO -   AI2(弱): ε 0.015→0.019, lr 0.285→0.300, 攻击权 0.95→0.95, 防守权 0.05→0.05, 进攻启发 0.0100→0.0100, 防守启发 0.0001→0.0001
2026-03-08 09:00:49,280 - INFO - 
⚖️ 平衡调整 #217: 差距<10% (拉开) 差距=1.0% 平局率=91.0% 强力进攻(全局倾向 x2.94)
2026-03-08 09:00:49,280 - INFO - 
⚖️ 平衡调整 #217: 差距<10% (拉开) 差距=1.0% 平局率=91.0% 强力进攻(全局倾向 x2.94)
2026-03-08 09:00:49,280 - INFO -   AI1(强): ε 0.010→0.009, lr 0.080→0.065, 攻击权 0.95→0.95, 防守权 0.05→0.05, 进攻启发 0.0100→0.0100, 防守启发 0.0001→0.0001
2026-03-08 09:00:49,280 - INFO -   AI1(强): ε 0.010→0.009, lr 0.080→0.065, 攻击权 0.95→0.95, 防守权 0.05→0.05, 进攻启发 0.0100→0.0100, 防守启发 0.0001→0.0001
2026-03-08 09:00:49,280 - INFO -   AI2(弱): ε 0.016→0.021, lr 0.300→0.300, 攻击权 0.95→0.95, 防守权 0.05→0.05, 进攻启发 0.0100→0.0100, 防守启发 0.0001→0.0001
2026-03-08 09:00:49,280 - INFO -   AI2(弱): ε 0.016→0.021, lr 0.300→0.300, 攻击权 0.95→0.95, 防守权 0.05→0.05, 进攻启发 0.0100→0.0100, 防守启发 0.0001→0.0001
2026-03-08 09:13:49,283 - INFO - 
⚖️ 平衡调整 #218: 差距<10% (拉开) 差距=1.0% 平局率=89.0% 强力进攻(全局倾向 x2.91)
2026-03-08 09:13:49,283 - INFO - 
⚖️ 平衡调整 #218: 差距<10% (拉开) 差距=1.0% 平局率=89.0% 强力进攻(全局倾向 x2.91)
2026-03-08 09:13:49,284 - INFO -   AI2(强): ε 0.017→0.016, lr 0.300→0.200, 攻击权 0.95→0.95, 防守权 0.05→0.05, 进攻启发 0.0100→0.0100, 防守启发 0.0001→0.0001
2026-03-08 09:13:49,284 - INFO -   AI2(强): ε 0.017→0.016, lr 0.300→0.200, 攻击权 0.95→0.95, 防守权 0.05→0.05, 进攻启发 0.0100→0.0100, 防守启发 0.0001→0.0001
2026-03-08 09:13:49,284 - INFO -   AI1(弱): ε 0.010→0.013, lr 0.065→0.120, 攻击权 0.95→0.95, 防守权 0.05→0.05, 进攻启发 0.0100→0.0100, 防守启发 0.0001→0.0001
2026-03-08 09:13:49,284 - INFO -   AI1(弱): ε 0.010→0.013, lr 0.065→0.120, 攻击权 0.95→0.95, 防守权 0.05→0.05, 进攻启发 0.0100→0.0100, 防守启发 0.0001→0.0001
2026-03-08 09:26:50,914 - INFO - 
⚖️ 平衡调整 #219: 差距<10% (拉开) 差距=1.0% 平局率=91.0% 强力进攻(全局倾向 x2.88)
2026-03-08 09:26:50,914 - INFO - 
⚖️ 平衡调整 #219: 差距<10% (拉开) 差距=1.0% 平局率=91.0% 强力进攻(全局倾向 x2.88)
2026-03-08 09:26:50,915 - INFO -   AI1(强): ε 0.011→0.010, lr 0.120→0.098, 攻击权 0.95→0.95, 防守权 0.05→0.05, 进攻启发 0.0100→0.0100, 防守启发 0.0001→0.0001
2026-03-08 09:26:50,915 - INFO -   AI1(强): ε 0.011→0.010, lr 0.120→0.098, 攻击权 0.95→0.95, 防守权 0.05→0.05, 进攻启发 0.0100→0.0100, 防守启发 0.0001→0.0001
2026-03-08 09:26:50,915 - INFO -   AI2(弱): ε 0.013→0.017, lr 0.200→0.285, 攻击权 0.95→0.95, 防守权 0.05→0.05, 进攻启发 0.0100→0.0100, 防守启发 0.0001→0.0001
2026-03-08 09:26:50,915 - INFO -   AI2(弱): ε 0.013→0.017, lr 0.200→0.285, 攻击权 0.95→0.95, 防守权 0.05→0.05, 进攻启发 0.0100→0.0100, 防守启发 0.0001→0.0001
2026-03-08 09:40:30,791 - INFO - 📈 全局进攻倾向提升至 3.00
2026-03-08 09:40:30,791 - INFO - 📈 全局进攻倾向提升至 3.00
2026-03-08 09:40:30,792 - INFO - 
⚖️ 平衡调整 #220: 差距<10% (拉开) 差距=2.0% 平局率=96.0% 强力进攻(全局倾向 x3.00)
2026-03-08 09:40:30,792 - INFO - 
⚖️ 平衡调整 #220: 差距<10% (拉开) 差距=2.0% 平局率=96.0% 强力进攻(全局倾向 x3.00)
2026-03-08 09:40:30,792 - INFO -   AI1(强): ε 0.010→0.009, lr 0.098→0.080, 攻击权 0.95→0.95, 防守权 0.05→0.05, 进攻启发 0.0100→0.0100, 防守启发 0.0001→0.0001
2026-03-08 09:40:30,792 - INFO -   AI1(强): ε 0.010→0.009, lr 0.098→0.080, 攻击权 0.95→0.95, 防守权 0.05→0.05, 进攻启发 0.0100→0.0100, 防守启发 0.0001→0.0001
2026-03-08 09:40:30,792 - INFO -   AI2(弱): ε 0.014→0.019, lr 0.285→0.300, 攻击权 0.95→0.95, 防守权 0.05→0.05, 进攻启发 0.0100→0.0100, 防守启发 0.0001→0.0001
2026-03-08 09:40:30,792 - INFO -   AI2(弱): ε 0.014→0.019, lr 0.285→0.300, 攻击权 0.95→0.95, 防守权 0.05→0.05, 进攻启发 0.0100→0.0100, 防守启发 0.0001→0.0001
2026-03-08 09:54:15,402 - INFO - 
⚖️ 平衡调整 #221: 差距<10% (拉开) 差距=2.0% 平局率=94.0% 强力进攻(全局倾向 x2.97)
2026-03-08 09:54:15,402 - INFO - 
⚖️ 平衡调整 #221: 差距<10% (拉开) 差距=2.0% 平局率=94.0% 强力进攻(全局倾向 x2.97)
2026-03-08 09:54:15,402 - INFO -   AI1(强): ε 0.010→0.009, lr 0.080→0.065, 攻击权 0.95→0.95, 防守权 0.05→0.05, 进攻启发 0.0100→0.0100, 防守启发 0.0001→0.0001
2026-03-08 09:54:15,402 - INFO -   AI1(强): ε 0.010→0.009, lr 0.080→0.065, 攻击权 0.95→0.95, 防守权 0.05→0.05, 进攻启发 0.0100→0.0100, 防守启发 0.0001→0.0001
2026-03-08 09:54:15,403 - INFO -   AI2(弱): ε 0.016→0.021, lr 0.300→0.300, 攻击权 0.95→0.95, 防守权 0.05→0.05, 进攻启发 0.0100→0.0100, 防守启发 0.0001→0.0001
2026-03-08 09:54:15,403 - INFO -   AI2(弱): ε 0.016→0.021, lr 0.300→0.300, 攻击权 0.95→0.95, 防守权 0.05→0.05, 进攻启发 0.0100→0.0100, 防守启发 0.0001→0.0001
2026-03-08 10:00:27,549 - INFO - 
==================================================
2026-03-08 10:00:27,549 - INFO - 
==================================================
2026-03-08 10:00:27,549 - INFO - 第 15500/20000 局 (77.5%)
2026-03-08 10:00:27,549 - INFO - 第 15500/20000 局 (77.5%)
2026-03-08 10:00:27,549 - INFO - 速度: 0.1局/秒, 已用: 3976.6分钟
2026-03-08 10:00:27,549 - INFO - 速度: 0.1局/秒, 已用: 3976.6分钟
2026-03-08 10:00:27,549 - INFO - 总战绩: AI1 572胜, AI2 1233胜, 平局 13695
2026-03-08 10:00:27,549 - INFO - 总战绩: AI1 572胜, AI2 1233胜, 平局 13695
2026-03-08 10:00:27,549 - INFO - 近期100局: AI1 4.0%, AI2 1.0%, 平局 95.0%
2026-03-08 10:00:27,549 - INFO - 近期100局: AI1 4.0%, AI2 1.0%, 平局 95.0%
2026-03-08 10:00:27,549 - INFO - 胜率差距: 3.0%
2026-03-08 10:00:27,549 - INFO - 胜率差距: 3.0%
2026-03-08 10:00:27,549 - INFO - 防守统计: 总218031次, 平均14.07次/局
2026-03-08 10:00:27,549 - INFO - 防守统计: 总218031次, 平均14.07次/局
2026-03-08 10:00:27,549 - INFO - 参数: AI1 ε=0.010, lr=0.065
2026-03-08 10:00:27,549 - INFO - 参数: AI1 ε=0.010, lr=0.065
2026-03-08 10:00:27,549 - INFO -        AI2 ε=0.019, lr=0.300
2026-03-08 10:00:27,549 - INFO -        AI2 ε=0.019, lr=0.300
2026-03-08 10:00:27,550 - INFO - ==================================================
2026-03-08 10:00:27,550 - INFO - ==================================================
2026-03-08 10:07:57,635 - INFO - 
⚖️ 平衡调整 #222: 差距<10% (拉开) 差距=2.0% 平局率=98.0% 强力进攻(全局倾向 x2.94)
2026-03-08 10:07:57,635 - INFO - 
⚖️ 平衡调整 #222: 差距<10% (拉开) 差距=2.0% 平局率=98.0% 强力进攻(全局倾向 x2.94)
2026-03-08 10:07:57,636 - INFO -   AI1(强): ε 0.010→0.009, lr 0.065→0.053, 攻击权 0.95→0.95, 防守权 0.05→0.05, 进攻启发 0.0100→0.0100, 防守启发 0.0001→0.0001
2026-03-08 10:07:57,636 - INFO -   AI1(强): ε 0.010→0.009, lr 0.065→0.053, 攻击权 0.95→0.95, 防守权 0.05→0.05, 进攻启发 0.0100→0.0100, 防守启发 0.0001→0.0001
2026-03-08 10:07:57,636 - INFO -   AI2(弱): ε 0.017→0.023, lr 0.300→0.300, 攻击权 0.95→0.95, 防守权 0.05→0.05, 进攻启发 0.0100→0.0100, 防守启发 0.0001→0.0001
2026-03-08 10:07:57,636 - INFO -   AI2(弱): ε 0.017→0.023, lr 0.300→0.300, 攻击权 0.95→0.95, 防守权 0.05→0.05, 进攻启发 0.0100→0.0100, 防守启发 0.0001→0.0001
2026-03-08 10:23:10,070 - INFO - 
⚖️ 平衡调整 #223: 差距<10% (拉开) 差距=1.0% 平局率=97.0% 强力进攻(全局倾向 x2.91)
2026-03-08 10:23:10,070 - INFO - 
⚖️ 平衡调整 #223: 差距<10% (拉开) 差距=1.0% 平局率=97.0% 强力进攻(全局倾向 x2.91)
2026-03-08 10:23:10,071 - INFO -   AI1(强): ε 0.010→0.009, lr 0.053→0.043, 攻击权 0.95→0.95, 防守权 0.05→0.05, 进攻启发 0.0100→0.0100, 防守启发 0.0001→0.0001
2026-03-08 10:23:10,071 - INFO -   AI1(强): ε 0.010→0.009, lr 0.053→0.043, 攻击权 0.95→0.95, 防守权 0.05→0.05, 进攻启发 0.0100→0.0100, 防守启发 0.0001→0.0001
2026-03-08 10:23:10,071 - INFO -   AI2(弱): ε 0.019→0.025, lr 0.300→0.300, 攻击权 0.95→0.95, 防守权 0.05→0.05, 进攻启发 0.0100→0.0100, 防守启发 0.0001→0.0001
2026-03-08 10:23:10,071 - INFO -   AI2(弱): ε 0.019→0.025, lr 0.300→0.300, 攻击权 0.95→0.95, 防守权 0.05→0.05, 进攻启发 0.0100→0.0100, 防守启发 0.0001→0.0001
2026-03-08 10:36:59,864 - INFO - 
⚖️ 平衡调整 #224: 差距<10% (拉开) 差距=0.0% 平局率=94.0% 强力进攻(全局倾向 x2.88)
2026-03-08 10:36:59,864 - INFO - 
⚖️ 平衡调整 #224: 差距<10% (拉开) 差距=0.0% 平局率=94.0% 强力进攻(全局倾向 x2.88)
2026-03-08 10:36:59,864 - INFO -   AI2(强): ε 0.020→0.018, lr 0.300→0.200, 攻击权 0.95→0.95, 防守权 0.05→0.05, 进攻启发 0.0100→0.0100, 防守启发 0.0001→0.0001
2026-03-08 10:36:59,864 - INFO -   AI2(强): ε 0.020→0.018, lr 0.300→0.200, 攻击权 0.95→0.95, 防守权 0.05→0.05, 进攻启发 0.0100→0.0100, 防守启发 0.0001→0.0001
2026-03-08 10:36:59,864 - INFO -   AI1(弱): ε 0.010→0.013, lr 0.043→0.120, 攻击权 0.95→0.95, 防守权 0.05→0.05, 进攻启发 0.0100→0.0100, 防守启发 0.0001→0.0001
2026-03-08 10:36:59,864 - INFO -   AI1(弱): ε 0.010→0.013, lr 0.043→0.120, 攻击权 0.95→0.95, 防守权 0.05→0.05, 进攻启发 0.0100→0.0100, 防守启发 0.0001→0.0001
2026-03-08 10:50:24,484 - INFO - 📈 全局进攻倾向提升至 3.00
2026-03-08 10:50:24,484 - INFO - 📈 全局进攻倾向提升至 3.00
2026-03-08 10:50:24,485 - INFO - 
⚖️ 平衡调整 #225: 差距<10% (拉开) 差距=3.0% 平局率=87.0% 强力进攻(全局倾向 x3.00)
2026-03-08 10:50:24,485 - INFO - 
⚖️ 平衡调整 #225: 差距<10% (拉开) 差距=3.0% 平局率=87.0% 强力进攻(全局倾向 x3.00)
2026-03-08 10:50:24,485 - INFO -   AI1(强): ε 0.011→0.010, lr 0.120→0.098, 攻击权 0.95→0.95, 防守权 0.05→0.05, 进攻启发 0.0100→0.0100, 防守启发 0.0001→0.0001
2026-03-08 10:50:24,485 - INFO -   AI1(强): ε 0.011→0.010, lr 0.120→0.098, 攻击权 0.95→0.95, 防守权 0.05→0.05, 进攻启发 0.0100→0.0100, 防守启发 0.0001→0.0001
2026-03-08 10:50:24,485 - INFO -   AI2(弱): ε 0.015→0.020, lr 0.200→0.285, 攻击权 0.95→0.95, 防守权 0.05→0.05, 进攻启发 0.0100→0.0100, 防守启发 0.0001→0.0001
2026-03-08 10:50:24,485 - INFO -   AI2(弱): ε 0.015→0.020, lr 0.200→0.285, 攻击权 0.95→0.95, 防守权 0.05→0.05, 进攻启发 0.0100→0.0100, 防守启发 0.0001→0.0001
2026-03-08 11:04:36,560 - INFO - 
⚖️ 平衡调整 #226: 差距<10% (拉开) 差距=4.0% 平局率=90.0% 强力进攻(全局倾向 x2.97)
2026-03-08 11:04:36,560 - INFO - 
⚖️ 平衡调整 #226: 差距<10% (拉开) 差距=4.0% 平局率=90.0% 强力进攻(全局倾向 x2.97)
2026-03-08 11:04:36,561 - INFO -   AI1(强): ε 0.010→0.009, lr 0.098→0.080, 攻击权 0.95→0.95, 防守权 0.05→0.05, 进攻启发 0.0100→0.0100, 防守启发 0.0001→0.0001
2026-03-08 11:04:36,561 - INFO -   AI1(强): ε 0.010→0.009, lr 0.098→0.080, 攻击权 0.95→0.95, 防守权 0.05→0.05, 进攻启发 0.0100→0.0100, 防守启发 0.0001→0.0001
2026-03-08 11:04:36,561 - INFO -   AI2(弱): ε 0.017→0.022, lr 0.285→0.300, 攻击权 0.95→0.95, 防守权 0.05→0.05, 进攻启发 0.0100→0.0100, 防守启发 0.0001→0.0001
2026-03-08 11:04:36,561 - INFO -   AI2(弱): ε 0.017→0.022, lr 0.285→0.300, 攻击权 0.95→0.95, 防守权 0.05→0.05, 进攻启发 0.0100→0.0100, 防守启发 0.0001→0.0001
2026-03-08 11:20:45,862 - INFO - 
⚖️ 平衡调整 #227: 差距<10% (拉开) 差距=1.0% 平局率=95.0% 强力进攻(全局倾向 x2.94)
2026-03-08 11:20:45,862 - INFO - 
⚖️ 平衡调整 #227: 差距<10% (拉开) 差距=1.0% 平局率=95.0% 强力进攻(全局倾向 x2.94)
2026-03-08 11:20:45,862 - INFO -   AI1(强): ε 0.010→0.009, lr 0.080→0.065, 攻击权 0.95→0.95, 防守权 0.05→0.05, 进攻启发 0.0100→0.0100, 防守启发 0.0001→0.0001
2026-03-08 11:20:45,862 - INFO -   AI1(强): ε 0.010→0.009, lr 0.080→0.065, 攻击权 0.95→0.95, 防守权 0.05→0.05, 进攻启发 0.0100→0.0100, 防守启发 0.0001→0.0001
2026-03-08 11:20:45,863 - INFO -   AI2(弱): ε 0.019→0.024, lr 0.300→0.300, 攻击权 0.95→0.95, 防守权 0.05→0.05, 进攻启发 0.0100→0.0100, 防守启发 0.0001→0.0001
2026-03-08 11:20:45,863 - INFO -   AI2(弱): ε 0.019→0.024, lr 0.300→0.300, 攻击权 0.95→0.95, 防守权 0.05→0.05, 进攻启发 0.0100→0.0100, 防守启发 0.0001→0.0001
2026-03-08 11:37:58,859 - INFO - 
⚖️ 平衡调整 #228: 差距<10% (拉开) 差距=1.0% 平局率=93.0% 强力进攻(全局倾向 x2.91)
2026-03-08 11:37:58,859 - INFO - 
⚖️ 平衡调整 #228: 差距<10% (拉开) 差距=1.0% 平局率=93.0% 强力进攻(全局倾向 x2.91)
2026-03-08 11:37:58,860 - INFO -   AI2(强): ε 0.020→0.018, lr 0.300→0.200, 攻击权 0.95→0.95, 防守权 0.05→0.05, 进攻启发 0.0100→0.0100, 防守启发 0.0001→0.0001
2026-03-08 11:37:58,860 - INFO -   AI2(强): ε 0.020→0.018, lr 0.300→0.200, 攻击权 0.95→0.95, 防守权 0.05→0.05, 进攻启发 0.0100→0.0100, 防守启发 0.0001→0.0001
2026-03-08 11:37:58,860 - INFO -   AI1(弱): ε 0.010→0.013, lr 0.065→0.120, 攻击权 0.95→0.95, 防守权 0.05→0.05, 进攻启发 0.0100→0.0100, 防守启发 0.0001→0.0001
2026-03-08 11:37:58,860 - INFO -   AI1(弱): ε 0.010→0.013, lr 0.065→0.120, 攻击权 0.95→0.95, 防守权 0.05→0.05, 进攻启发 0.0100→0.0100, 防守启发 0.0001→0.0001
2026-03-08 11:47:49,137 - INFO - 
==================================================
2026-03-08 11:47:49,137 - INFO - 
==================================================
2026-03-08 11:47:49,137 - INFO - 第 16000/20000 局 (80.0%)
2026-03-08 11:47:49,137 - INFO - 第 16000/20000 局 (80.0%)
2026-03-08 11:47:49,138 - INFO - 速度: 0.1局/秒, 已用: 4083.9分钟
2026-03-08 11:47:49,138 - INFO - 速度: 0.1局/秒, 已用: 4083.9分钟
2026-03-08 11:47:49,138 - INFO - 总战绩: AI1 591胜, AI2 1249胜, 平局 14160
2026-03-08 11:47:49,138 - INFO - 总战绩: AI1 591胜, AI2 1249胜, 平局 14160
2026-03-08 11:47:49,138 - INFO - 近期100局: AI1 2.0%, AI2 5.0%, 平局 93.0%
2026-03-08 11:47:49,138 - INFO - 近期100局: AI1 2.0%, AI2 5.0%, 平局 93.0%
2026-03-08 11:47:49,138 - INFO - 胜率差距: 3.0%
2026-03-08 11:47:49,138 - INFO - 胜率差距: 3.0%
2026-03-08 11:47:49,138 - INFO - 防守统计: 总224571次, 平均14.04次/局
2026-03-08 11:47:49,138 - INFO - 防守统计: 总224571次, 平均14.04次/局
2026-03-08 11:47:49,138 - INFO - 参数: AI1 ε=0.012, lr=0.120
2026-03-08 11:47:49,138 - INFO - 参数: AI1 ε=0.012, lr=0.120
2026-03-08 11:47:49,139 - INFO -        AI2 ε=0.016, lr=0.200
2026-03-08 11:47:49,139 - INFO -        AI2 ε=0.016, lr=0.200
2026-03-08 11:47:49,139 - INFO - ==================================================
2026-03-08 11:47:49,139 - INFO - ==================================================
2026-03-08 12:59:03,624 - INFO - 
⚖️ 平衡调整 #229: 差距<10% (拉开) 差距=0.0% 平局率=96.0% 强力进攻(全局倾向 x2.88)
2026-03-08 12:59:03,624 - INFO - 
⚖️ 平衡调整 #229: 差距<10% (拉开) 差距=0.0% 平局率=96.0% 强力进攻(全局倾向 x2.88)
2026-03-08 12:59:03,625 - INFO -   AI2(强): ε 0.015→0.014, lr 0.200→0.163, 攻击权 0.95→0.95, 防守权 0.05→0.05, 进攻启发 0.0100→0.0100, 防守启发 0.0001→0.0001
2026-03-08 12:59:03,625 - INFO -   AI2(强): ε 0.015→0.014, lr 0.200→0.163, 攻击权 0.95→0.95, 防守权 0.05→0.05, 进攻启发 0.0100→0.0100, 防守启发 0.0001→0.0001
2026-03-08 12:59:03,625 - INFO -   AI1(弱): ε 0.011→0.014, lr 0.120→0.171, 攻击权 0.95→0.95, 防守权 0.05→0.05, 进攻启发 0.0100→0.0100, 防守启发 0.0001→0.0001
2026-03-08 12:59:03,625 - INFO -   AI1(弱): ε 0.011→0.014, lr 0.120→0.171, 攻击权 0.95→0.95, 防守权 0.05→0.05, 进攻启发 0.0100→0.0100, 防守启发 0.0001→0.0001
2026-03-08 13:11:36,035 - INFO - 📈 全局进攻倾向提升至 3.00
2026-03-08 13:11:36,035 - INFO - 📈 全局进攻倾向提升至 3.00
2026-03-08 13:11:36,035 - INFO - 
⚖️ 平衡调整 #230: 差距<10% (拉开) 差距=1.0% 平局率=97.0% 强力进攻(全局倾向 x3.00)
2026-03-08 13:11:36,035 - INFO - 
⚖️ 平衡调整 #230: 差距<10% (拉开) 差距=1.0% 平局率=97.0% 强力进攻(全局倾向 x3.00)
2026-03-08 13:11:36,035 - INFO -   AI1(强): ε 0.012→0.011, lr 0.171→0.140, 攻击权 0.95→0.95, 防守权 0.05→0.05, 进攻启发 0.0100→0.0100, 防守启发 0.0001→0.0001
2026-03-08 13:11:36,035 - INFO -   AI1(强): ε 0.012→0.011, lr 0.171→0.140, 攻击权 0.95→0.95, 防守权 0.05→0.05, 进攻启发 0.0100→0.0100, 防守启发 0.0001→0.0001
2026-03-08 13:11:36,036 - INFO -   AI2(弱): ε 0.011→0.015, lr 0.163→0.233, 攻击权 0.95→0.95, 防守权 0.05→0.05, 进攻启发 0.0100→0.0100, 防守启发 0.0001→0.0001
2026-03-08 13:11:36,036 - INFO -   AI2(弱): ε 0.011→0.015, lr 0.163→0.233, 攻击权 0.95→0.95, 防守权 0.05→0.05, 进攻启发 0.0100→0.0100, 防守启发 0.0001→0.0001
2026-03-08 13:27:31,978 - INFO - 
⚖️ 平衡调整 #231: 差距<10% (拉开) 差距=4.0% 平局率=94.0% 强力进攻(全局倾向 x2.97)
2026-03-08 13:27:31,978 - INFO - 
⚖️ 平衡调整 #231: 差距<10% (拉开) 差距=4.0% 平局率=94.0% 强力进攻(全局倾向 x2.97)
2026-03-08 13:27:31,978 - INFO -   AI1(强): ε 0.010→0.009, lr 0.140→0.114, 攻击权 0.95→0.95, 防守权 0.05→0.05, 进攻启发 0.0100→0.0100, 防守启发 0.0001→0.0001
2026-03-08 13:27:31,978 - INFO -   AI1(强): ε 0.010→0.009, lr 0.140→0.114, 攻击权 0.95→0.95, 防守权 0.05→0.05, 进攻启发 0.0100→0.0100, 防守启发 0.0001→0.0001
2026-03-08 13:27:31,978 - INFO -   AI2(弱): ε 0.012→0.016, lr 0.233→0.300, 攻击权 0.95→0.95, 防守权 0.05→0.05, 进攻启发 0.0100→0.0100, 防守启发 0.0001→0.0001
2026-03-08 13:27:31,978 - INFO -   AI2(弱): ε 0.012→0.016, lr 0.233→0.300, 攻击权 0.95→0.95, 防守权 0.05→0.05, 进攻启发 0.0100→0.0100, 防守启发 0.0001→0.0001
2026-03-08 13:41:09,000 - INFO - 
⚖️ 平衡调整 #232: 差距<10% (拉开) 差距=5.0% 平局率=89.0% 强力进攻(全局倾向 x2.94)
2026-03-08 13:41:09,000 - INFO - 
⚖️ 平衡调整 #232: 差距<10% (拉开) 差距=5.0% 平局率=89.0% 强力进攻(全局倾向 x2.94)
2026-03-08 13:41:09,000 - INFO -   AI1(强): ε 0.010→0.009, lr 0.114→0.093, 攻击权 0.95→0.95, 防守权 0.05→0.05, 进攻启发 0.0100→0.0100, 防守启发 0.0001→0.0001
2026-03-08 13:41:09,000 - INFO -   AI1(强): ε 0.010→0.009, lr 0.114→0.093, 攻击权 0.95→0.95, 防守权 0.05→0.05, 进攻启发 0.0100→0.0100, 防守启发 0.0001→0.0001
2026-03-08 13:41:09,001 - INFO -   AI2(弱): ε 0.014→0.018, lr 0.300→0.300, 攻击权 0.95→0.95, 防守权 0.05→0.05, 进攻启发 0.0100→0.0100, 防守启发 0.0001→0.0001
2026-03-08 13:41:09,001 - INFO -   AI2(弱): ε 0.014→0.018, lr 0.300→0.300, 攻击权 0.95→0.95, 防守权 0.05→0.05, 进攻启发 0.0100→0.0100, 防守启发 0.0001→0.0001
2026-03-08 13:56:33,216 - INFO - 
⚖️ 平衡调整 #233: 差距<10% (拉开) 差距=4.0% 平局率=92.0% 强力进攻(全局倾向 x2.91)
2026-03-08 13:56:33,216 - INFO - 
⚖️ 平衡调整 #233: 差距<10% (拉开) 差距=4.0% 平局率=92.0% 强力进攻(全局倾向 x2.91)
2026-03-08 13:56:33,217 - INFO -   AI2(强): ε 0.015→0.013, lr 0.300→0.200, 攻击权 0.95→0.95, 防守权 0.05→0.05, 进攻启发 0.0100→0.0100, 防守启发 0.0001→0.0001
2026-03-08 13:56:33,217 - INFO -   AI2(强): ε 0.015→0.013, lr 0.300→0.200, 攻击权 0.95→0.95, 防守权 0.05→0.05, 进攻启发 0.0100→0.0100, 防守启发 0.0001→0.0001
2026-03-08 13:56:33,217 - INFO -   AI1(弱): ε 0.010→0.013, lr 0.093→0.132, 攻击权 0.95→0.95, 防守权 0.05→0.05, 进攻启发 0.0100→0.0100, 防守启发 0.0001→0.0001
2026-03-08 13:56:33,217 - INFO -   AI1(弱): ε 0.010→0.013, lr 0.093→0.132, 攻击权 0.95→0.95, 防守权 0.05→0.05, 进攻启发 0.0100→0.0100, 防守启发 0.0001→0.0001
2026-03-08 14:14:38,898 - INFO - 
⚖️ 平衡调整 #234: 差距<10% (拉开) 差距=5.0% 平局率=89.0% 强力进攻(全局倾向 x2.88)
2026-03-08 14:14:38,898 - INFO - 
⚖️ 平衡调整 #234: 差距<10% (拉开) 差距=5.0% 平局率=89.0% 强力进攻(全局倾向 x2.88)
2026-03-08 14:14:38,899 - INFO -   AI2(强): ε 0.011→0.010, lr 0.200→0.163, 攻击权 0.95→0.95, 防守权 0.05→0.05, 进攻启发 0.0100→0.0100, 防守启发 0.0001→0.0001
2026-03-08 14:14:38,899 - INFO -   AI2(强): ε 0.011→0.010, lr 0.200→0.163, 攻击权 0.95→0.95, 防守权 0.05→0.05, 进攻启发 0.0100→0.0100, 防守启发 0.0001→0.0001
2026-03-08 14:14:38,899 - INFO -   AI1(弱): ε 0.011→0.014, lr 0.132→0.189, 攻击权 0.95→0.95, 防守权 0.05→0.05, 进攻启发 0.0100→0.0100, 防守启发 0.0001→0.0001
2026-03-08 14:14:38,899 - INFO -   AI1(弱): ε 0.011→0.014, lr 0.132→0.189, 攻击权 0.95→0.95, 防守权 0.05→0.05, 进攻启发 0.0100→0.0100, 防守启发 0.0001→0.0001
2026-03-08 14:44:56,994 - INFO - 📈 全局进攻倾向提升至 3.00
2026-03-08 14:44:56,994 - INFO - 📈 全局进攻倾向提升至 3.00
2026-03-08 14:44:56,995 - INFO - 
⚖️ 平衡调整 #235: 差距<10% (拉开) 差距=1.0% 平局率=93.0% 强力进攻(全局倾向 x3.00)
2026-03-08 14:44:56,995 - INFO - 
⚖️ 平衡调整 #235: 差距<10% (拉开) 差距=1.0% 平局率=93.0% 强力进攻(全局倾向 x3.00)
2026-03-08 14:44:56,995 - INFO -   AI1(强): ε 0.012→0.011, lr 0.189→0.154, 攻击权 0.95→0.95, 防守权 0.05→0.05, 进攻启发 0.0100→0.0100, 防守启发 0.0001→0.0001
2026-03-08 14:44:56,995 - INFO -   AI1(强): ε 0.012→0.011, lr 0.189→0.154, 攻击权 0.95→0.95, 防守权 0.05→0.05, 进攻启发 0.0100→0.0100, 防守启发 0.0001→0.0001
2026-03-08 14:44:56,995 - INFO -   AI2(弱): ε 0.010→0.013, lr 0.163→0.233, 攻击权 0.95→0.95, 防守权 0.05→0.05, 进攻启发 0.0100→0.0100, 防守启发 0.0001→0.0001
2026-03-08 14:44:56,995 - INFO -   AI2(弱): ε 0.010→0.013, lr 0.163→0.233, 攻击权 0.95→0.95, 防守权 0.05→0.05, 进攻启发 0.0100→0.0100, 防守启发 0.0001→0.0001
2026-03-08 15:00:02,263 - INFO - 
==================================================
2026-03-08 15:00:02,263 - INFO - 
==================================================
2026-03-08 15:00:02,263 - INFO - 第 16500/20000 局 (82.5%)
2026-03-08 15:00:02,263 - INFO - 第 16500/20000 局 (82.5%)
2026-03-08 15:00:02,263 - INFO - 速度: 0.1局/秒, 已用: 4276.1分钟
2026-03-08 15:00:02,263 - INFO - 速度: 0.1局/秒, 已用: 4276.1分钟
2026-03-08 15:00:02,263 - INFO - 总战绩: AI1 611胜, AI2 1264胜, 平局 14625
2026-03-08 15:00:02,263 - INFO - 总战绩: AI1 611胜, AI2 1264胜, 平局 14625
2026-03-08 15:00:02,263 - INFO - 近期100局: AI1 4.0%, AI2 1.0%, 平局 95.0%
2026-03-08 15:00:02,263 - INFO - 近期100局: AI1 4.0%, AI2 1.0%, 平局 95.0%
2026-03-08 15:00:02,264 - INFO - 胜率差距: 3.0%
2026-03-08 15:00:02,264 - INFO - 胜率差距: 3.0%
2026-03-08 15:00:02,264 - INFO - 防守统计: 总231241次, 平均14.01次/局
2026-03-08 15:00:02,264 - INFO - 防守统计: 总231241次, 平均14.01次/局
2026-03-08 15:00:02,264 - INFO - 参数: AI1 ε=0.010, lr=0.154
2026-03-08 15:00:02,264 - INFO - 参数: AI1 ε=0.010, lr=0.154
2026-03-08 15:00:02,264 - INFO -        AI2 ε=0.012, lr=0.233
2026-03-08 15:00:02,264 - INFO -        AI2 ε=0.012, lr=0.233
2026-03-08 15:00:02,264 - INFO - ==================================================
2026-03-08 15:00:02,264 - INFO - ==================================================
2026-03-08 15:04:48,187 - INFO - 
⚖️ 平衡调整 #236: 差距<10% (拉开) 差距=3.0% 平局率=93.0% 强力进攻(全局倾向 x2.97)
2026-03-08 15:04:48,187 - INFO - 
⚖️ 平衡调整 #236: 差距<10% (拉开) 差距=3.0% 平局率=93.0% 强力进攻(全局倾向 x2.97)
2026-03-08 15:04:48,187 - INFO -   AI1(强): ε 0.010→0.009, lr 0.154→0.126, 攻击权 0.95→0.95, 防守权 0.05→0.05, 进攻启发 0.0100→0.0100, 防守启发 0.0001→0.0001
2026-03-08 15:04:48,187 - INFO -   AI1(强): ε 0.010→0.009, lr 0.154→0.126, 攻击权 0.95→0.95, 防守权 0.05→0.05, 进攻启发 0.0100→0.0100, 防守启发 0.0001→0.0001
2026-03-08 15:04:48,188 - INFO -   AI2(弱): ε 0.011→0.014, lr 0.233→0.300, 攻击权 0.95→0.95, 防守权 0.05→0.05, 进攻启发 0.0100→0.0100, 防守启发 0.0001→0.0001
2026-03-08 15:04:48,188 - INFO -   AI2(弱): ε 0.011→0.014, lr 0.233→0.300, 攻击权 0.95→0.95, 防守权 0.05→0.05, 进攻启发 0.0100→0.0100, 防守启发 0.0001→0.0001
2026-03-08 15:25:29,683 - INFO - 
⚖️ 平衡调整 #237: 差距<10% (拉开) 差距=5.0% 平局率=93.0% 强力进攻(全局倾向 x2.94)
2026-03-08 15:25:29,683 - INFO - 
⚖️ 平衡调整 #237: 差距<10% (拉开) 差距=5.0% 平局率=93.0% 强力进攻(全局倾向 x2.94)
2026-03-08 15:25:29,684 - INFO -   AI1(强): ε 0.010→0.009, lr 0.126→0.103, 攻击权 0.95→0.95, 防守权 0.05→0.05, 进攻启发 0.0100→0.0100, 防守启发 0.0001→0.0001
2026-03-08 15:25:29,684 - INFO -   AI1(强): ε 0.010→0.009, lr 0.126→0.103, 攻击权 0.95→0.95, 防守权 0.05→0.05, 进攻启发 0.0100→0.0100, 防守启发 0.0001→0.0001
2026-03-08 15:25:29,684 - INFO -   AI2(弱): ε 0.012→0.016, lr 0.300→0.300, 攻击权 0.95→0.95, 防守权 0.05→0.05, 进攻启发 0.0100→0.0100, 防守启发 0.0001→0.0001
2026-03-08 15:25:29,684 - INFO -   AI2(弱): ε 0.012→0.016, lr 0.300→0.300, 攻击权 0.95→0.95, 防守权 0.05→0.05, 进攻启发 0.0100→0.0100, 防守启发 0.0001→0.0001
2026-03-08 15:47:05,774 - INFO - 
⚖️ 平衡调整 #238: 差距<10% (拉开) 差距=1.0% 平局率=91.0% 强力进攻(全局倾向 x2.91)
2026-03-08 15:47:05,774 - INFO - 
⚖️ 平衡调整 #238: 差距<10% (拉开) 差距=1.0% 平局率=91.0% 强力进攻(全局倾向 x2.91)
2026-03-08 15:47:05,775 - INFO -   AI2(强): ε 0.013→0.012, lr 0.300→0.200, 攻击权 0.95→0.95, 防守权 0.05→0.05, 进攻启发 0.0100→0.0100, 防守启发 0.0001→0.0001
2026-03-08 15:47:05,775 - INFO -   AI2(强): ε 0.013→0.012, lr 0.300→0.200, 攻击权 0.95→0.95, 防守权 0.05→0.05, 进攻启发 0.0100→0.0100, 防守启发 0.0001→0.0001
2026-03-08 15:47:05,775 - INFO -   AI1(弱): ε 0.010→0.013, lr 0.103→0.146, 攻击权 0.95→0.95, 防守权 0.05→0.05, 进攻启发 0.0100→0.0100, 防守启发 0.0001→0.0001
2026-03-08 15:47:05,775 - INFO -   AI1(弱): ε 0.010→0.013, lr 0.103→0.146, 攻击权 0.95→0.95, 防守权 0.05→0.05, 进攻启发 0.0100→0.0100, 防守启发 0.0001→0.0001
2026-03-08 16:10:43,884 - INFO - 
⚖️ 平衡调整 #239: 差距<10% (拉开) 差距=3.0% 平局率=97.0% 强力进攻(全局倾向 x2.88)
2026-03-08 16:10:43,884 - INFO - 
⚖️ 平衡调整 #239: 差距<10% (拉开) 差距=3.0% 平局率=97.0% 强力进攻(全局倾向 x2.88)
2026-03-08 16:10:43,885 - INFO -   AI2(强): ε 0.010→0.009, lr 0.200→0.163, 攻击权 0.95→0.95, 防守权 0.05→0.05, 进攻启发 0.0100→0.0100, 防守启发 0.0001→0.0001
2026-03-08 16:10:43,885 - INFO -   AI2(强): ε 0.010→0.009, lr 0.200→0.163, 攻击权 0.95→0.95, 防守权 0.05→0.05, 进攻启发 0.0100→0.0100, 防守启发 0.0001→0.0001
2026-03-08 16:10:43,885 - INFO -   AI1(弱): ε 0.011→0.014, lr 0.146→0.208, 攻击权 0.95→0.95, 防守权 0.05→0.05, 进攻启发 0.0100→0.0100, 防守启发 0.0001→0.0001
2026-03-08 16:10:43,885 - INFO -   AI1(弱): ε 0.011→0.014, lr 0.146→0.208, 攻击权 0.95→0.95, 防守权 0.05→0.05, 进攻启发 0.0100→0.0100, 防守启发 0.0001→0.0001
2026-03-08 16:30:53,898 - INFO - 📈 全局进攻倾向提升至 3.00
2026-03-08 16:30:53,898 - INFO - 📈 全局进攻倾向提升至 3.00
2026-03-08 16:30:53,898 - INFO - 
⚖️ 平衡调整 #240: 差距<10% (拉开) 差距=1.0% 平局率=97.0% 强力进攻(全局倾向 x3.00)
2026-03-08 16:30:53,898 - INFO - 
⚖️ 平衡调整 #240: 差距<10% (拉开) 差距=1.0% 平局率=97.0% 强力进攻(全局倾向 x3.00)
2026-03-08 16:30:53,899 - INFO -   AI2(强): ε 0.010→0.009, lr 0.163→0.133, 攻击权 0.95→0.95, 防守权 0.05→0.05, 进攻启发 0.0100→0.0100, 防守启发 0.0001→0.0001
2026-03-08 16:30:53,899 - INFO -   AI2(强): ε 0.010→0.009, lr 0.163→0.133, 攻击权 0.95→0.95, 防守权 0.05→0.05, 进攻启发 0.0100→0.0100, 防守启发 0.0001→0.0001
2026-03-08 16:30:53,899 - INFO -   AI1(弱): ε 0.012→0.015, lr 0.208→0.297, 攻击权 0.95→0.95, 防守权 0.05→0.05, 进攻启发 0.0100→0.0100, 防守启发 0.0001→0.0001
2026-03-08 16:30:53,899 - INFO -   AI1(弱): ε 0.012→0.015, lr 0.208→0.297, 攻击权 0.95→0.95, 防守权 0.05→0.05, 进攻启发 0.0100→0.0100, 防守启发 0.0001→0.0001
2026-03-08 16:50:50,045 - INFO - 
⚖️ 平衡调整 #241: 差距<10% (拉开) 差距=1.0% 平局率=93.0% 强力进攻(全局倾向 x2.97)
2026-03-08 16:50:50,045 - INFO - 
⚖️ 平衡调整 #241: 差距<10% (拉开) 差距=1.0% 平局率=93.0% 强力进攻(全局倾向 x2.97)
2026-03-08 16:50:50,045 - INFO -   AI1(强): ε 0.013→0.012, lr 0.297→0.200, 攻击权 0.95→0.95, 防守权 0.05→0.05, 进攻启发 0.0100→0.0100, 防守启发 0.0001→0.0001
2026-03-08 16:50:50,045 - INFO -   AI1(强): ε 0.013→0.012, lr 0.297→0.200, 攻击权 0.95→0.95, 防守权 0.05→0.05, 进攻启发 0.0100→0.0100, 防守启发 0.0001→0.0001
2026-03-08 16:50:50,045 - INFO -   AI2(弱): ε 0.010→0.013, lr 0.133→0.190, 攻击权 0.95→0.95, 防守权 0.05→0.05, 进攻启发 0.0100→0.0100, 防守启发 0.0001→0.0001
2026-03-08 16:50:50,045 - INFO -   AI2(弱): ε 0.010→0.013, lr 0.133→0.190, 攻击权 0.95→0.95, 防守权 0.05→0.05, 进攻启发 0.0100→0.0100, 防守启发 0.0001→0.0001
2026-03-08 17:07:53,503 - INFO - 
⚖️ 平衡调整 #242: 差距<10% (拉开) 差距=1.0% 平局率=95.0% 强力进攻(全局倾向 x2.94)
2026-03-08 17:07:53,503 - INFO - 
⚖️ 平衡调整 #242: 差距<10% (拉开) 差距=1.0% 平局率=95.0% 强力进攻(全局倾向 x2.94)
2026-03-08 17:07:53,503 - INFO -   AI2(强): ε 0.011→0.010, lr 0.190→0.155, 攻击权 0.95→0.95, 防守权 0.05→0.05, 进攻启发 0.0100→0.0100, 防守启发 0.0001→0.0001
2026-03-08 17:07:53,503 - INFO -   AI2(强): ε 0.011→0.010, lr 0.190→0.155, 攻击权 0.95→0.95, 防守权 0.05→0.05, 进攻启发 0.0100→0.0100, 防守启发 0.0001→0.0001
2026-03-08 17:07:53,503 - INFO -   AI1(弱): ε 0.010→0.013, lr 0.200→0.285, 攻击权 0.95→0.95, 防守权 0.05→0.05, 进攻启发 0.0100→0.0100, 防守启发 0.0001→0.0001
2026-03-08 17:07:53,503 - INFO -   AI1(弱): ε 0.010→0.013, lr 0.200→0.285, 攻击权 0.95→0.95, 防守权 0.05→0.05, 进攻启发 0.0100→0.0100, 防守启发 0.0001→0.0001
2026-03-08 17:21:15,873 - INFO - 
==================================================
2026-03-08 17:21:15,873 - INFO - 
==================================================
2026-03-08 17:21:15,873 - INFO - 第 17000/20000 局 (85.0%)
2026-03-08 17:21:15,873 - INFO - 第 17000/20000 局 (85.0%)
2026-03-08 17:21:15,873 - INFO - 速度: 0.1局/秒, 已用: 4417.4分钟
2026-03-08 17:21:15,873 - INFO - 速度: 0.1局/秒, 已用: 4417.4分钟
2026-03-08 17:21:15,873 - INFO - 总战绩: AI1 627胜, AI2 1278胜, 平局 15095
2026-03-08 17:21:15,873 - INFO - 总战绩: AI1 627胜, AI2 1278胜, 平局 15095
2026-03-08 17:21:15,873 - INFO - 近期100局: AI1 2.0%, AI2 3.0%, 平局 95.0%
2026-03-08 17:21:15,873 - INFO - 近期100局: AI1 2.0%, AI2 3.0%, 平局 95.0%
2026-03-08 17:21:15,873 - INFO - 胜率差距: 1.0%
2026-03-08 17:21:15,873 - INFO - 胜率差距: 1.0%
2026-03-08 17:21:15,873 - INFO - 防守统计: 总237891次, 平均13.99次/局
2026-03-08 17:21:15,873 - INFO - 防守统计: 总237891次, 平均13.99次/局
2026-03-08 17:21:15,874 - INFO - 参数: AI1 ε=0.011, lr=0.285
2026-03-08 17:21:15,874 - INFO - 参数: AI1 ε=0.011, lr=0.285
2026-03-08 17:21:15,874 - INFO -        AI2 ε=0.010, lr=0.155
2026-03-08 17:21:15,874 - INFO -        AI2 ε=0.010, lr=0.155
2026-03-08 17:21:15,874 - INFO - ==================================================
2026-03-08 17:21:15,874 - INFO - ==================================================
2026-03-08 17:22:49,670 - INFO - 
⚖️ 平衡调整 #243: 差距<10% (拉开) 差距=1.0% 平局率=95.0% 强力进攻(全局倾向 x2.91)
2026-03-08 17:22:49,670 - INFO - 
⚖️ 平衡调整 #243: 差距<10% (拉开) 差距=1.0% 平局率=95.0% 强力进攻(全局倾向 x2.91)
2026-03-08 17:22:49,670 - INFO -   AI2(强): ε 0.010→0.009, lr 0.155→0.126, 攻击权 0.95→0.95, 防守权 0.05→0.05, 进攻启发 0.0100→0.0100, 防守启发 0.0001→0.0001
2026-03-08 17:22:49,670 - INFO -   AI2(强): ε 0.010→0.009, lr 0.155→0.126, 攻击权 0.95→0.95, 防守权 0.05→0.05, 进攻启发 0.0100→0.0100, 防守启发 0.0001→0.0001
2026-03-08 17:22:49,671 - INFO -   AI1(弱): ε 0.011→0.014, lr 0.285→0.300, 攻击权 0.95→0.95, 防守权 0.05→0.05, 进攻启发 0.0100→0.0100, 防守启发 0.0001→0.0001
2026-03-08 17:22:49,671 - INFO -   AI1(弱): ε 0.011→0.014, lr 0.285→0.300, 攻击权 0.95→0.95, 防守权 0.05→0.05, 进攻启发 0.0100→0.0100, 防守启发 0.0001→0.0001
2026-03-08 17:34:01,037 - INFO - 
⚖️ 平衡调整 #244: 差距<10% (拉开) 差距=4.0% 平局率=96.0% 强力进攻(全局倾向 x2.88)
2026-03-08 17:34:01,037 - INFO - 
⚖️ 平衡调整 #244: 差距<10% (拉开) 差距=4.0% 平局率=96.0% 强力进攻(全局倾向 x2.88)
2026-03-08 17:34:01,038 - INFO -   AI2(强): ε 0.010→0.009, lr 0.126→0.103, 攻击权 0.95→0.95, 防守权 0.05→0.05, 进攻启发 0.0100→0.0100, 防守启发 0.0001→0.0001
2026-03-08 17:34:01,038 - INFO -   AI2(强): ε 0.010→0.009, lr 0.126→0.103, 攻击权 0.95→0.95, 防守权 0.05→0.05, 进攻启发 0.0100→0.0100, 防守启发 0.0001→0.0001
2026-03-08 17:34:01,038 - INFO -   AI1(弱): ε 0.012→0.016, lr 0.300→0.300, 攻击权 0.95→0.95, 防守权 0.05→0.05, 进攻启发 0.0100→0.0100, 防守启发 0.0001→0.0001
2026-03-08 17:34:01,038 - INFO -   AI1(弱): ε 0.012→0.016, lr 0.300→0.300, 攻击权 0.95→0.95, 防守权 0.05→0.05, 进攻启发 0.0100→0.0100, 防守启发 0.0001→0.0001
2026-03-08 17:45:10,936 - INFO - 📈 全局进攻倾向提升至 3.00
2026-03-08 17:45:10,936 - INFO - 📈 全局进攻倾向提升至 3.00
2026-03-08 17:45:10,936 - INFO - 
⚖️ 平衡调整 #245: 差距<10% (拉开) 差距=4.0% 平局率=94.0% 强力进攻(全局倾向 x3.00)
2026-03-08 17:45:10,936 - INFO - 
⚖️ 平衡调整 #245: 差距<10% (拉开) 差距=4.0% 平局率=94.0% 强力进攻(全局倾向 x3.00)
2026-03-08 17:45:10,937 - INFO -   AI2(强): ε 0.010→0.009, lr 0.103→0.084, 攻击权 0.95→0.95, 防守权 0.05→0.05, 进攻启发 0.0100→0.0100, 防守启发 0.0001→0.0001
2026-03-08 17:45:10,937 - INFO -   AI2(强): ε 0.010→0.009, lr 0.103→0.084, 攻击权 0.95→0.95, 防守权 0.05→0.05, 进攻启发 0.0100→0.0100, 防守启发 0.0001→0.0001
2026-03-08 17:45:10,937 - INFO -   AI1(弱): ε 0.013→0.017, lr 0.300→0.300, 攻击权 0.95→0.95, 防守权 0.05→0.05, 进攻启发 0.0100→0.0100, 防守启发 0.0001→0.0001
2026-03-08 17:45:10,937 - INFO -   AI1(弱): ε 0.013→0.017, lr 0.300→0.300, 攻击权 0.95→0.95, 防守权 0.05→0.05, 进攻启发 0.0100→0.0100, 防守启发 0.0001→0.0001
2026-03-08 17:55:28,522 - INFO - 
⚖️ 平衡调整 #246: 差距<10% (拉开) 差距=2.0% 平局率=94.0% 强力进攻(全局倾向 x2.97)
2026-03-08 17:55:28,522 - INFO - 
⚖️ 平衡调整 #246: 差距<10% (拉开) 差距=2.0% 平局率=94.0% 强力进攻(全局倾向 x2.97)
2026-03-08 17:55:28,522 - INFO -   AI1(强): ε 0.014→0.013, lr 0.300→0.200, 攻击权 0.95→0.95, 防守权 0.05→0.05, 进攻启发 0.0100→0.0100, 防守启发 0.0001→0.0001
2026-03-08 17:55:28,522 - INFO -   AI1(强): ε 0.014→0.013, lr 0.300→0.200, 攻击权 0.95→0.95, 防守权 0.05→0.05, 进攻启发 0.0100→0.0100, 防守启发 0.0001→0.0001
2026-03-08 17:55:28,523 - INFO -   AI2(弱): ε 0.010→0.013, lr 0.084→0.120, 攻击权 0.95→0.95, 防守权 0.05→0.05, 进攻启发 0.0100→0.0100, 防守启发 0.0001→0.0001
2026-03-08 17:55:28,523 - INFO -   AI2(弱): ε 0.010→0.013, lr 0.084→0.120, 攻击权 0.95→0.95, 防守权 0.05→0.05, 进攻启发 0.0100→0.0100, 防守启发 0.0001→0.0001
2026-03-08 18:05:27,216 - INFO - 
⚖️ 平衡调整 #247: 差距<10% (拉开) 差距=2.0% 平局率=92.0% 强力进攻(全局倾向 x2.94)
2026-03-08 18:05:27,216 - INFO - 
⚖️ 平衡调整 #247: 差距<10% (拉开) 差距=2.0% 平局率=92.0% 强力进攻(全局倾向 x2.94)
2026-03-08 18:05:27,217 - INFO -   AI1(强): ε 0.011→0.010, lr 0.200→0.163, 攻击权 0.95→0.95, 防守权 0.05→0.05, 进攻启发 0.0100→0.0100, 防守启发 0.0001→0.0001
2026-03-08 18:05:27,217 - INFO -   AI1(强): ε 0.011→0.010, lr 0.200→0.163, 攻击权 0.95→0.95, 防守权 0.05→0.05, 进攻启发 0.0100→0.0100, 防守启发 0.0001→0.0001
2026-03-08 18:05:27,217 - INFO -   AI2(弱): ε 0.011→0.014, lr 0.120→0.171, 攻击权 0.95→0.95, 防守权 0.05→0.05, 进攻启发 0.0100→0.0100, 防守启发 0.0001→0.0001
2026-03-08 18:05:27,217 - INFO -   AI2(弱): ε 0.011→0.014, lr 0.120→0.171, 攻击权 0.95→0.95, 防守权 0.05→0.05, 进攻启发 0.0100→0.0100, 防守启发 0.0001→0.0001
2026-03-08 18:15:59,161 - INFO - 
⚖️ 平衡调整 #248: 差距<10% (拉开) 差距=5.0% 平局率=95.0% 强力进攻(全局倾向 x2.91)
2026-03-08 18:15:59,161 - INFO - 
⚖️ 平衡调整 #248: 差距<10% (拉开) 差距=5.0% 平局率=95.0% 强力进攻(全局倾向 x2.91)
2026-03-08 18:15:59,162 - INFO -   AI1(强): ε 0.010→0.009, lr 0.163→0.133, 攻击权 0.95→0.95, 防守权 0.05→0.05, 进攻启发 0.0100→0.0100, 防守启发 0.0001→0.0001
2026-03-08 18:15:59,162 - INFO -   AI1(强): ε 0.010→0.009, lr 0.163→0.133, 攻击权 0.95→0.95, 防守权 0.05→0.05, 进攻启发 0.0100→0.0100, 防守启发 0.0001→0.0001
2026-03-08 18:15:59,162 - INFO -   AI2(弱): ε 0.012→0.016, lr 0.171→0.244, 攻击权 0.95→0.95, 防守权 0.05→0.05, 进攻启发 0.0100→0.0100, 防守启发 0.0001→0.0001
2026-03-08 18:15:59,162 - INFO -   AI2(弱): ε 0.012→0.016, lr 0.171→0.244, 攻击权 0.95→0.95, 防守权 0.05→0.05, 进攻启发 0.0100→0.0100, 防守启发 0.0001→0.0001
2026-03-08 18:26:36,670 - INFO - 
⚖️ 平衡调整 #249: 差距<10% (拉开) 差距=3.0% 平局率=95.0% 强力进攻(全局倾向 x2.88)
2026-03-08 18:26:36,670 - INFO - 
⚖️ 平衡调整 #249: 差距<10% (拉开) 差距=3.0% 平局率=95.0% 强力进攻(全局倾向 x2.88)
2026-03-08 18:26:36,670 - INFO -   AI1(强): ε 0.010→0.009, lr 0.133→0.109, 攻击权 0.95→0.95, 防守权 0.05→0.05, 进攻启发 0.0100→0.0100, 防守启发 0.0001→0.0001
2026-03-08 18:26:36,670 - INFO -   AI1(强): ε 0.010→0.009, lr 0.133→0.109, 攻击权 0.95→0.95, 防守权 0.05→0.05, 进攻启发 0.0100→0.0100, 防守启发 0.0001→0.0001
2026-03-08 18:26:36,670 - INFO -   AI2(弱): ε 0.013→0.017, lr 0.244→0.300, 攻击权 0.95→0.95, 防守权 0.05→0.05, 进攻启发 0.0100→0.0100, 防守启发 0.0001→0.0001
2026-03-08 18:26:36,670 - INFO -   AI2(弱): ε 0.013→0.017, lr 0.244→0.300, 攻击权 0.95→0.95, 防守权 0.05→0.05, 进攻启发 0.0100→0.0100, 防守启发 0.0001→0.0001
2026-03-08 18:36:40,170 - INFO - 📈 全局进攻倾向提升至 3.00
2026-03-08 18:36:40,170 - INFO - 📈 全局进攻倾向提升至 3.00
2026-03-08 18:36:40,170 - INFO - 
⚖️ 平衡调整 #250: 差距<10% (拉开) 差距=2.0% 平局率=94.0% 强力进攻(全局倾向 x3.00)
2026-03-08 18:36:40,170 - INFO - 
⚖️ 平衡调整 #250: 差距<10% (拉开) 差距=2.0% 平局率=94.0% 强力进攻(全局倾向 x3.00)
2026-03-08 18:36:40,171 - INFO -   AI1(强): ε 0.010→0.009, lr 0.109→0.089, 攻击权 0.95→0.95, 防守权 0.05→0.05, 进攻启发 0.0100→0.0100, 防守启发 0.0001→0.0001
2026-03-08 18:36:40,171 - INFO -   AI1(强): ε 0.010→0.009, lr 0.109→0.089, 攻击权 0.95→0.95, 防守权 0.05→0.05, 进攻启发 0.0100→0.0100, 防守启发 0.0001→0.0001
2026-03-08 18:36:40,171 - INFO -   AI2(弱): ε 0.014→0.018, lr 0.300→0.300, 攻击权 0.95→0.95, 防守权 0.05→0.05, 进攻启发 0.0100→0.0100, 防守启发 0.0001→0.0001
2026-03-08 18:36:40,171 - INFO -   AI2(弱): ε 0.014→0.018, lr 0.300→0.300, 攻击权 0.95→0.95, 防守权 0.05→0.05, 进攻启发 0.0100→0.0100, 防守启发 0.0001→0.0001
2026-03-08 18:36:40,171 - INFO - 
==================================================
2026-03-08 18:36:40,171 - INFO - 
==================================================
2026-03-08 18:36:40,171 - INFO - 第 17500/20000 局 (87.5%)
2026-03-08 18:36:40,171 - INFO - 第 17500/20000 局 (87.5%)
2026-03-08 18:36:40,171 - INFO - 速度: 0.1局/秒, 已用: 4492.8分钟
2026-03-08 18:36:40,171 - INFO - 速度: 0.1局/秒, 已用: 4492.8分钟
2026-03-08 18:36:40,171 - INFO - 总战绩: AI1 642胜, AI2 1292胜, 平局 15566
2026-03-08 18:36:40,171 - INFO - 总战绩: AI1 642胜, AI2 1292胜, 平局 15566
2026-03-08 18:36:40,171 - INFO - 近期100局: AI1 4.0%, AI2 2.0%, 平局 94.0%
2026-03-08 18:36:40,171 - INFO - 近期100局: AI1 4.0%, AI2 2.0%, 平局 94.0%
2026-03-08 18:36:40,171 - INFO - 胜率差距: 2.0%
2026-03-08 18:36:40,171 - INFO - 胜率差距: 2.0%
2026-03-08 18:36:40,171 - INFO - 防守统计: 总244529次, 平均13.97次/局
2026-03-08 18:36:40,171 - INFO - 防守统计: 总244529次, 平均13.97次/局
2026-03-08 18:36:40,171 - INFO - 参数: AI1 ε=0.009, lr=0.089
2026-03-08 18:36:40,171 - INFO - 参数: AI1 ε=0.009, lr=0.089
2026-03-08 18:36:40,171 - INFO -        AI2 ε=0.018, lr=0.300
2026-03-08 18:36:40,171 - INFO -        AI2 ε=0.018, lr=0.300
2026-03-08 18:36:40,171 - INFO - ==================================================
2026-03-08 18:36:40,171 - INFO - ==================================================
2026-03-08 18:46:41,948 - INFO - 
⚖️ 平衡调整 #251: 差距<10% (拉开) 差距=2.0% 平局率=94.0% 强力进攻(全局倾向 x2.97)
2026-03-08 18:46:41,948 - INFO - 
⚖️ 平衡调整 #251: 差距<10% (拉开) 差距=2.0% 平局率=94.0% 强力进攻(全局倾向 x2.97)
2026-03-08 18:46:41,949 - INFO -   AI2(强): ε 0.015→0.014, lr 0.300→0.200, 攻击权 0.95→0.95, 防守权 0.05→0.05, 进攻启发 0.0100→0.0100, 防守启发 0.0001→0.0001
2026-03-08 18:46:41,949 - INFO -   AI2(强): ε 0.015→0.014, lr 0.300→0.200, 攻击权 0.95→0.95, 防守权 0.05→0.05, 进攻启发 0.0100→0.0100, 防守启发 0.0001→0.0001
2026-03-08 18:46:41,949 - INFO -   AI1(弱): ε 0.010→0.013, lr 0.089→0.126, 攻击权 0.95→0.95, 防守权 0.05→0.05, 进攻启发 0.0100→0.0100, 防守启发 0.0001→0.0001
2026-03-08 18:46:41,949 - INFO -   AI1(弱): ε 0.010→0.013, lr 0.089→0.126, 攻击权 0.95→0.95, 防守权 0.05→0.05, 进攻启发 0.0100→0.0100, 防守启发 0.0001→0.0001
2026-03-08 18:57:14,893 - INFO - 
⚖️ 平衡调整 #252: 差距<10% (拉开) 差距=2.0% 平局率=94.0% 强力进攻(全局倾向 x2.94)
2026-03-08 18:57:14,893 - INFO - 
⚖️ 平衡调整 #252: 差距<10% (拉开) 差距=2.0% 平局率=94.0% 强力进攻(全局倾向 x2.94)
2026-03-08 18:57:14,893 - INFO -   AI1(强): ε 0.011→0.010, lr 0.126→0.103, 攻击权 0.95→0.95, 防守权 0.05→0.05, 进攻启发 0.0100→0.0100, 防守启发 0.0001→0.0001
2026-03-08 18:57:14,893 - INFO -   AI1(强): ε 0.011→0.010, lr 0.126→0.103, 攻击权 0.95→0.95, 防守权 0.05→0.05, 进攻启发 0.0100→0.0100, 防守启发 0.0001→0.0001
2026-03-08 18:57:14,893 - INFO -   AI2(弱): ε 0.012→0.015, lr 0.200→0.285, 攻击权 0.95→0.95, 防守权 0.05→0.05, 进攻启发 0.0100→0.0100, 防守启发 0.0001→0.0001
2026-03-08 18:57:14,893 - INFO -   AI2(弱): ε 0.012→0.015, lr 0.200→0.285, 攻击权 0.95→0.95, 防守权 0.05→0.05, 进攻启发 0.0100→0.0100, 防守启发 0.0001→0.0001
2026-03-08 19:07:10,353 - INFO - 
⚖️ 平衡调整 #253: 差距<10% (拉开) 差距=0.0% 平局率=88.0% 强力进攻(全局倾向 x2.91)
2026-03-08 19:07:10,353 - INFO - 
⚖️ 平衡调整 #253: 差距<10% (拉开) 差距=0.0% 平局率=88.0% 强力进攻(全局倾向 x2.91)
2026-03-08 19:07:10,353 - INFO -   AI2(强): ε 0.013→0.011, lr 0.285→0.200, 攻击权 0.95→0.95, 防守权 0.05→0.05, 进攻启发 0.0100→0.0100, 防守启发 0.0001→0.0001
2026-03-08 19:07:10,353 - INFO -   AI2(强): ε 0.013→0.011, lr 0.285→0.200, 攻击权 0.95→0.95, 防守权 0.05→0.05, 进攻启发 0.0100→0.0100, 防守启发 0.0001→0.0001
2026-03-08 19:07:10,353 - INFO -   AI1(弱): ε 0.010→0.013, lr 0.103→0.147, 攻击权 0.95→0.95, 防守权 0.05→0.05, 进攻启发 0.0100→0.0100, 防守启发 0.0001→0.0001
2026-03-08 19:07:10,353 - INFO -   AI1(弱): ε 0.010→0.013, lr 0.103→0.147, 攻击权 0.95→0.95, 防守权 0.05→0.05, 进攻启发 0.0100→0.0100, 防守启发 0.0001→0.0001
2026-03-08 19:17:41,859 - INFO - 
⚖️ 平衡调整 #254: 差距<10% (拉开) 差距=2.0% 平局率=92.0% 强力进攻(全局倾向 x2.88)
2026-03-08 19:17:41,859 - INFO - 
⚖️ 平衡调整 #254: 差距<10% (拉开) 差距=2.0% 平局率=92.0% 强力进攻(全局倾向 x2.88)
2026-03-08 19:17:41,860 - INFO -   AI2(强): ε 0.010→0.009, lr 0.200→0.163, 攻击权 0.95→0.95, 防守权 0.05→0.05, 进攻启发 0.0100→0.0100, 防守启发 0.0001→0.0001
2026-03-08 19:17:41,860 - INFO -   AI2(强): ε 0.010→0.009, lr 0.200→0.163, 攻击权 0.95→0.95, 防守权 0.05→0.05, 进攻启发 0.0100→0.0100, 防守启发 0.0001→0.0001
2026-03-08 19:17:41,860 - INFO -   AI1(弱): ε 0.011→0.014, lr 0.147→0.209, 攻击权 0.95→0.95, 防守权 0.05→0.05, 进攻启发 0.0100→0.0100, 防守启发 0.0001→0.0001
2026-03-08 19:17:41,860 - INFO -   AI1(弱): ε 0.011→0.014, lr 0.147→0.209, 攻击权 0.95→0.95, 防守权 0.05→0.05, 进攻启发 0.0100→0.0100, 防守启发 0.0001→0.0001
2026-03-08 19:28:13,784 - INFO - 📈 全局进攻倾向提升至 3.00
2026-03-08 19:28:13,784 - INFO - 📈 全局进攻倾向提升至 3.00
2026-03-08 19:28:13,785 - INFO - 
⚖️ 平衡调整 #255: 差距<10% (拉开) 差距=5.0% 平局率=93.0% 强力进攻(全局倾向 x3.00)
2026-03-08 19:28:13,785 - INFO - 
⚖️ 平衡调整 #255: 差距<10% (拉开) 差距=5.0% 平局率=93.0% 强力进攻(全局倾向 x3.00)
2026-03-08 19:28:13,785 - INFO -   AI2(强): ε 0.010→0.009, lr 0.163→0.133, 攻击权 0.95→0.95, 防守权 0.05→0.05, 进攻启发 0.0100→0.0100, 防守启发 0.0001→0.0001
2026-03-08 19:28:13,785 - INFO -   AI2(强): ε 0.010→0.009, lr 0.163→0.133, 攻击权 0.95→0.95, 防守权 0.05→0.05, 进攻启发 0.0100→0.0100, 防守启发 0.0001→0.0001
2026-03-08 19:28:13,785 - INFO -   AI1(弱): ε 0.012→0.015, lr 0.209→0.298, 攻击权 0.95→0.95, 防守权 0.05→0.05, 进攻启发 0.0100→0.0100, 防守启发 0.0001→0.0001
2026-03-08 19:28:13,785 - INFO -   AI1(弱): ε 0.012→0.015, lr 0.209→0.298, 攻击权 0.95→0.95, 防守权 0.05→0.05, 进攻启发 0.0100→0.0100, 防守启发 0.0001→0.0001
2026-03-08 19:38:39,442 - INFO - 
⚖️ 平衡调整 #256: 差距<10% (拉开) 差距=0.0% 平局率=92.0% 强力进攻(全局倾向 x2.97)
2026-03-08 19:38:39,442 - INFO - 
⚖️ 平衡调整 #256: 差距<10% (拉开) 差距=0.0% 平局率=92.0% 强力进攻(全局倾向 x2.97)
2026-03-08 19:38:39,443 - INFO -   AI2(强): ε 0.010→0.009, lr 0.133→0.109, 攻击权 0.95→0.95, 防守权 0.05→0.05, 进攻启发 0.0100→0.0100, 防守启发 0.0001→0.0001
2026-03-08 19:38:39,443 - INFO -   AI2(强): ε 0.010→0.009, lr 0.133→0.109, 攻击权 0.95→0.95, 防守权 0.05→0.05, 进攻启发 0.0100→0.0100, 防守启发 0.0001→0.0001
2026-03-08 19:38:39,443 - INFO -   AI1(弱): ε 0.013→0.017, lr 0.298→0.300, 攻击权 0.95→0.95, 防守权 0.05→0.05, 进攻启发 0.0100→0.0100, 防守启发 0.0001→0.0001
2026-03-08 19:38:39,443 - INFO -   AI1(弱): ε 0.013→0.017, lr 0.298→0.300, 攻击权 0.95→0.95, 防守权 0.05→0.05, 进攻启发 0.0100→0.0100, 防守启发 0.0001→0.0001
2026-03-08 19:48:56,076 - INFO - 
⚖️ 平衡调整 #257: 差距<10% (拉开) 差距=1.0% 平局率=95.0% 强力进攻(全局倾向 x2.94)
2026-03-08 19:48:56,076 - INFO - 
⚖️ 平衡调整 #257: 差距<10% (拉开) 差距=1.0% 平局率=95.0% 强力进攻(全局倾向 x2.94)
2026-03-08 19:48:56,076 - INFO -   AI1(强): ε 0.014→0.013, lr 0.300→0.200, 攻击权 0.95→0.95, 防守权 0.05→0.05, 进攻启发 0.0100→0.0100, 防守启发 0.0001→0.0001
2026-03-08 19:48:56,076 - INFO -   AI1(强): ε 0.014→0.013, lr 0.300→0.200, 攻击权 0.95→0.95, 防守权 0.05→0.05, 进攻启发 0.0100→0.0100, 防守启发 0.0001→0.0001
2026-03-08 19:48:56,076 - INFO -   AI2(弱): ε 0.010→0.013, lr 0.109→0.155, 攻击权 0.95→0.95, 防守权 0.05→0.05, 进攻启发 0.0100→0.0100, 防守启发 0.0001→0.0001
2026-03-08 19:48:56,076 - INFO -   AI2(弱): ε 0.010→0.013, lr 0.109→0.155, 攻击权 0.95→0.95, 防守权 0.05→0.05, 进攻启发 0.0100→0.0100, 防守启发 0.0001→0.0001
2026-03-08 19:50:18,213 - INFO - 
==================================================
2026-03-08 19:50:18,213 - INFO - 
==================================================
2026-03-08 19:50:18,213 - INFO - 第 18000/20000 局 (90.0%)
2026-03-08 19:50:18,213 - INFO - 第 18000/20000 局 (90.0%)
2026-03-08 19:50:18,213 - INFO - 速度: 0.1局/秒, 已用: 4566.4分钟
2026-03-08 19:50:18,213 - INFO - 速度: 0.1局/秒, 已用: 4566.4分钟
2026-03-08 19:50:18,213 - INFO - 总战绩: AI1 660胜, AI2 1314胜, 平局 16026
2026-03-08 19:50:18,213 - INFO - 总战绩: AI1 660胜, AI2 1314胜, 平局 16026
2026-03-08 19:50:18,213 - INFO - 近期100局: AI1 3.0%, AI2 3.0%, 平局 94.0%
2026-03-08 19:50:18,213 - INFO - 近期100局: AI1 3.0%, AI2 3.0%, 平局 94.0%
2026-03-08 19:50:18,213 - INFO - 胜率差距: 0.0%
2026-03-08 19:50:18,213 - INFO - 胜率差距: 0.0%
2026-03-08 19:50:18,213 - INFO - 防守统计: 总250991次, 平均13.94次/局
2026-03-08 19:50:18,213 - INFO - 防守统计: 总250991次, 平均13.94次/局
2026-03-08 19:50:18,213 - INFO - 参数: AI1 ε=0.012, lr=0.200
2026-03-08 19:50:18,213 - INFO - 参数: AI1 ε=0.012, lr=0.200
2026-03-08 19:50:18,213 - INFO -        AI2 ε=0.013, lr=0.155
2026-03-08 19:50:18,213 - INFO -        AI2 ε=0.013, lr=0.155
2026-03-08 19:50:18,214 - INFO - ==================================================
2026-03-08 19:50:18,214 - INFO - ==================================================
2026-03-08 19:58:39,980 - INFO - 
⚖️ 平衡调整 #258: 差距<10% (拉开) 差距=1.0% 平局率=89.0% 强力进攻(全局倾向 x2.91)
2026-03-08 19:58:39,980 - INFO - 
⚖️ 平衡调整 #258: 差距<10% (拉开) 差距=1.0% 平局率=89.0% 强力进攻(全局倾向 x2.91)
2026-03-08 19:58:39,981 - INFO -   AI1(强): ε 0.011→0.010, lr 0.200→0.163, 攻击权 0.95→0.95, 防守权 0.05→0.05, 进攻启发 0.0100→0.0100, 防守启发 0.0001→0.0001
2026-03-08 19:58:39,981 - INFO -   AI1(强): ε 0.011→0.010, lr 0.200→0.163, 攻击权 0.95→0.95, 防守权 0.05→0.05, 进攻启发 0.0100→0.0100, 防守启发 0.0001→0.0001
2026-03-08 19:58:39,981 - INFO -   AI2(弱): ε 0.011→0.014, lr 0.155→0.221, 攻击权 0.95→0.95, 防守权 0.05→0.05, 进攻启发 0.0100→0.0100, 防守启发 0.0001→0.0001
2026-03-08 19:58:39,981 - INFO -   AI2(弱): ε 0.011→0.014, lr 0.155→0.221, 攻击权 0.95→0.95, 防守权 0.05→0.05, 进攻启发 0.0100→0.0100, 防守启发 0.0001→0.0001
2026-03-08 20:08:35,698 - INFO - 
⚖️ 平衡调整 #259: 差距<10% (拉开) 差距=1.0% 平局率=91.0% 强力进攻(全局倾向 x2.88)
2026-03-08 20:08:35,698 - INFO - 
⚖️ 平衡调整 #259: 差距<10% (拉开) 差距=1.0% 平局率=91.0% 强力进攻(全局倾向 x2.88)
2026-03-08 20:08:35,699 - INFO -   AI2(强): ε 0.012→0.011, lr 0.221→0.180, 攻击权 0.95→0.95, 防守权 0.05→0.05, 进攻启发 0.0100→0.0100, 防守启发 0.0001→0.0001
2026-03-08 20:08:35,699 - INFO -   AI2(强): ε 0.012→0.011, lr 0.221→0.180, 攻击权 0.95→0.95, 防守权 0.05→0.05, 进攻启发 0.0100→0.0100, 防守启发 0.0001→0.0001
2026-03-08 20:08:35,699 - INFO -   AI1(弱): ε 0.010→0.013, lr 0.163→0.233, 攻击权 0.95→0.95, 防守权 0.05→0.05, 进攻启发 0.0100→0.0100, 防守启发 0.0001→0.0001
2026-03-08 20:08:35,699 - INFO -   AI1(弱): ε 0.010→0.013, lr 0.163→0.233, 攻击权 0.95→0.95, 防守权 0.05→0.05, 进攻启发 0.0100→0.0100, 防守启发 0.0001→0.0001
2026-03-08 21:42:16,940 - INFO - 📈 全局进攻倾向提升至 3.00
2026-03-08 21:42:16,940 - INFO - 📈 全局进攻倾向提升至 3.00
2026-03-08 21:42:16,941 - INFO - 
⚖️ 平衡调整 #260: 差距<10% (拉开) 差距=2.0% 平局率=94.0% 强力进攻(全局倾向 x3.00)
2026-03-08 21:42:16,941 - INFO - 
⚖️ 平衡调整 #260: 差距<10% (拉开) 差距=2.0% 平局率=94.0% 强力进攻(全局倾向 x3.00)
2026-03-08 21:42:16,941 - INFO -   AI1(强): ε 0.011→0.010, lr 0.233→0.190, 攻击权 0.95→0.95, 防守权 0.05→0.05, 进攻启发 0.0100→0.0100, 防守启发 0.0001→0.0001
2026-03-08 21:42:16,941 - INFO -   AI1(强): ε 0.011→0.010, lr 0.233→0.190, 攻击权 0.95→0.95, 防守权 0.05→0.05, 进攻启发 0.0100→0.0100, 防守启发 0.0001→0.0001
2026-03-08 21:42:16,942 - INFO -   AI2(弱): ε 0.010→0.013, lr 0.180→0.257, 攻击权 0.95→0.95, 防守权 0.05→0.05, 进攻启发 0.0100→0.0100, 防守启发 0.0001→0.0001
2026-03-08 21:42:16,942 - INFO -   AI2(弱): ε 0.010→0.013, lr 0.180→0.257, 攻击权 0.95→0.95, 防守权 0.05→0.05, 进攻启发 0.0100→0.0100, 防守启发 0.0001→0.0001
2026-03-08 21:53:32,250 - INFO - 
⚖️ 平衡调整 #261: 差距<10% (拉开) 差距=1.0% 平局率=95.0% 强力进攻(全局倾向 x2.97)
2026-03-08 21:53:32,250 - INFO - 
⚖️ 平衡调整 #261: 差距<10% (拉开) 差距=1.0% 平局率=95.0% 强力进攻(全局倾向 x2.97)
2026-03-08 21:53:32,251 - INFO -   AI2(强): ε 0.011→0.010, lr 0.257→0.200, 攻击权 0.95→0.95, 防守权 0.05→0.05, 进攻启发 0.0100→0.0100, 防守启发 0.0001→0.0001
2026-03-08 21:53:32,251 - INFO -   AI2(强): ε 0.011→0.010, lr 0.257→0.200, 攻击权 0.95→0.95, 防守权 0.05→0.05, 进攻启发 0.0100→0.0100, 防守启发 0.0001→0.0001
2026-03-08 21:53:32,251 - INFO -   AI1(弱): ε 0.010→0.013, lr 0.190→0.270, 攻击权 0.95→0.95, 防守权 0.05→0.05, 进攻启发 0.0100→0.0100, 防守启发 0.0001→0.0001
2026-03-08 21:53:32,251 - INFO -   AI1(弱): ε 0.010→0.013, lr 0.190→0.270, 攻击权 0.95→0.95, 防守权 0.05→0.05, 进攻启发 0.0100→0.0100, 防守启发 0.0001→0.0001
2026-03-08 22:03:07,983 - INFO - 
⚖️ 平衡调整 #262: 差距<10% (拉开) 差距=2.0% 平局率=94.0% 强力进攻(全局倾向 x2.94)
2026-03-08 22:03:07,983 - INFO - 
⚖️ 平衡调整 #262: 差距<10% (拉开) 差距=2.0% 平局率=94.0% 强力进攻(全局倾向 x2.94)
2026-03-08 22:03:07,983 - INFO -   AI2(强): ε 0.010→0.009, lr 0.200→0.163, 攻击权 0.95→0.95, 防守权 0.05→0.05, 进攻启发 0.0100→0.0100, 防守启发 0.0001→0.0001
2026-03-08 22:03:07,983 - INFO -   AI2(强): ε 0.010→0.009, lr 0.200→0.163, 攻击权 0.95→0.95, 防守权 0.05→0.05, 进攻启发 0.0100→0.0100, 防守启发 0.0001→0.0001
2026-03-08 22:03:07,983 - INFO -   AI1(弱): ε 0.011→0.014, lr 0.270→0.300, 攻击权 0.95→0.95, 防守权 0.05→0.05, 进攻启发 0.0100→0.0100, 防守启发 0.0001→0.0001
2026-03-08 22:03:07,983 - INFO -   AI1(弱): ε 0.011→0.014, lr 0.270→0.300, 攻击权 0.95→0.95, 防守权 0.05→0.05, 进攻启发 0.0100→0.0100, 防守启发 0.0001→0.0001
2026-03-08 22:12:41,899 - INFO - 
⚖️ 平衡调整 #263: 差距<10% (拉开) 差距=1.0% 平局率=93.0% 强力进攻(全局倾向 x2.91)
2026-03-08 22:12:41,899 - INFO - 
⚖️ 平衡调整 #263: 差距<10% (拉开) 差距=1.0% 平局率=93.0% 强力进攻(全局倾向 x2.91)
2026-03-08 22:12:41,899 - INFO -   AI1(强): ε 0.012→0.011, lr 0.300→0.200, 攻击权 0.95→0.95, 防守权 0.05→0.05, 进攻启发 0.0100→0.0100, 防守启发 0.0001→0.0001
2026-03-08 22:12:41,899 - INFO -   AI1(强): ε 0.012→0.011, lr 0.300→0.200, 攻击权 0.95→0.95, 防守权 0.05→0.05, 进攻启发 0.0100→0.0100, 防守启发 0.0001→0.0001
2026-03-08 22:12:41,900 - INFO -   AI2(弱): ε 0.010→0.013, lr 0.163→0.233, 攻击权 0.95→0.95, 防守权 0.05→0.05, 进攻启发 0.0100→0.0100, 防守启发 0.0001→0.0001
2026-03-08 22:12:41,900 - INFO -   AI2(弱): ε 0.010→0.013, lr 0.163→0.233, 攻击权 0.95→0.95, 防守权 0.05→0.05, 进攻启发 0.0100→0.0100, 防守启发 0.0001→0.0001
2026-03-08 22:22:17,018 - INFO - 
⚖️ 平衡调整 #264: 差距<10% (拉开) 差距=7.0% 平局率=87.0% 强力进攻(全局倾向 x2.88)
2026-03-08 22:22:17,018 - INFO - 
⚖️ 平衡调整 #264: 差距<10% (拉开) 差距=7.0% 平局率=87.0% 强力进攻(全局倾向 x2.88)
2026-03-08 22:22:17,018 - INFO -   AI2(强): ε 0.011→0.010, lr 0.233→0.190, 攻击权 0.95→0.95, 防守权 0.05→0.05, 进攻启发 0.0100→0.0100, 防守启发 0.0001→0.0001
2026-03-08 22:22:17,018 - INFO -   AI2(强): ε 0.011→0.010, lr 0.233→0.190, 攻击权 0.95→0.95, 防守权 0.05→0.05, 进攻启发 0.0100→0.0100, 防守启发 0.0001→0.0001
2026-03-08 22:22:17,018 - INFO -   AI1(弱): ε 0.010→0.013, lr 0.200→0.285, 攻击权 0.95→0.95, 防守权 0.05→0.05, 进攻启发 0.0100→0.0100, 防守启发 0.0001→0.0001
2026-03-08 22:22:17,018 - INFO -   AI1(弱): ε 0.010→0.013, lr 0.200→0.285, 攻击权 0.95→0.95, 防守权 0.05→0.05, 进攻启发 0.0100→0.0100, 防守启发 0.0001→0.0001
2026-03-08 22:25:03,322 - INFO - 
==================================================
2026-03-08 22:25:03,322 - INFO - 
==================================================
2026-03-08 22:25:03,322 - INFO - 第 18500/20000 局 (92.5%)
2026-03-08 22:25:03,322 - INFO - 第 18500/20000 局 (92.5%)
2026-03-08 22:25:03,322 - INFO - 速度: 0.1局/秒, 已用: 4721.2分钟
2026-03-08 22:25:03,322 - INFO - 速度: 0.1局/秒, 已用: 4721.2分钟
2026-03-08 22:25:03,323 - INFO - 总战绩: AI1 675胜, AI2 1339胜, 平局 16486
2026-03-08 22:25:03,323 - INFO - 总战绩: AI1 675胜, AI2 1339胜, 平局 16486
2026-03-08 22:25:03,323 - INFO - 近期100局: AI1 2.0%, AI2 12.0%, 平局 86.0%
2026-03-08 22:25:03,323 - INFO - 近期100局: AI1 2.0%, AI2 12.0%, 平局 86.0%
2026-03-08 22:25:03,323 - INFO - 胜率差距: 10.0%
2026-03-08 22:25:03,323 - INFO - 胜率差距: 10.0%
2026-03-08 22:25:03,323 - INFO - 防守统计: 总257640次, 平均13.93次/局
2026-03-08 22:25:03,323 - INFO - 防守统计: 总257640次, 平均13.93次/局
2026-03-08 22:25:03,323 - INFO - 参数: AI1 ε=0.012, lr=0.285
2026-03-08 22:25:03,323 - INFO - 参数: AI1 ε=0.012, lr=0.285
2026-03-08 22:25:03,323 - INFO -        AI2 ε=0.010, lr=0.190
2026-03-08 22:25:03,323 - INFO -        AI2 ε=0.010, lr=0.190
2026-03-08 22:25:03,323 - INFO - ==================================================
2026-03-08 22:25:03,323 - INFO - ==================================================
2026-03-08 22:32:29,447 - INFO - 📈 全局进攻倾向提升至 3.00
2026-03-08 22:32:29,447 - INFO - 📈 全局进攻倾向提升至 3.00
2026-03-08 22:32:29,448 - INFO - 
⚖️ 平衡调整 #265: 差距<10% (拉开) 差距=6.0% 平局率=92.0% 强力进攻(全局倾向 x3.00)
2026-03-08 22:32:29,448 - INFO - 
⚖️ 平衡调整 #265: 差距<10% (拉开) 差距=6.0% 平局率=92.0% 强力进攻(全局倾向 x3.00)
2026-03-08 22:32:29,448 - INFO -   AI2(强): ε 0.010→0.009, lr 0.190→0.155, 攻击权 0.95→0.95, 防守权 0.05→0.05, 进攻启发 0.0100→0.0100, 防守启发 0.0001→0.0001
2026-03-08 22:32:29,448 - INFO -   AI2(强): ε 0.010→0.009, lr 0.190→0.155, 攻击权 0.95→0.95, 防守权 0.05→0.05, 进攻启发 0.0100→0.0100, 防守启发 0.0001→0.0001
2026-03-08 22:32:29,448 - INFO -   AI1(弱): ε 0.011→0.014, lr 0.285→0.300, 攻击权 0.95→0.95, 防守权 0.05→0.05, 进攻启发 0.0100→0.0100, 防守启发 0.0001→0.0001
2026-03-08 22:32:29,448 - INFO -   AI1(弱): ε 0.011→0.014, lr 0.285→0.300, 攻击权 0.95→0.95, 防守权 0.05→0.05, 进攻启发 0.0100→0.0100, 防守启发 0.0001→0.0001
2026-03-08 22:42:56,206 - INFO - 
⚖️ 平衡调整 #266: 差距<10% (拉开) 差距=2.0% 平局率=96.0% 强力进攻(全局倾向 x2.97)
2026-03-08 22:42:56,206 - INFO - 
⚖️ 平衡调整 #266: 差距<10% (拉开) 差距=2.0% 平局率=96.0% 强力进攻(全局倾向 x2.97)
2026-03-08 22:42:56,206 - INFO -   AI2(强): ε 0.010→0.009, lr 0.155→0.126, 攻击权 0.95→0.95, 防守权 0.05→0.05, 进攻启发 0.0100→0.0100, 防守启发 0.0001→0.0001
2026-03-08 22:42:56,206 - INFO -   AI2(强): ε 0.010→0.009, lr 0.155→0.126, 攻击权 0.95→0.95, 防守权 0.05→0.05, 进攻启发 0.0100→0.0100, 防守启发 0.0001→0.0001
2026-03-08 22:42:56,207 - INFO -   AI1(弱): ε 0.012→0.016, lr 0.300→0.300, 攻击权 0.95→0.95, 防守权 0.05→0.05, 进攻启发 0.0100→0.0100, 防守启发 0.0001→0.0001
2026-03-08 22:42:56,207 - INFO -   AI1(弱): ε 0.012→0.016, lr 0.300→0.300, 攻击权 0.95→0.95, 防守权 0.05→0.05, 进攻启发 0.0100→0.0100, 防守启发 0.0001→0.0001
2026-03-08 22:53:28,766 - INFO - 
⚖️ 平衡调整 #267: 差距<10% (拉开) 差距=3.0% 平局率=95.0% 强力进攻(全局倾向 x2.94)
2026-03-08 22:53:28,766 - INFO - 
⚖️ 平衡调整 #267: 差距<10% (拉开) 差距=3.0% 平局率=95.0% 强力进攻(全局倾向 x2.94)
2026-03-08 22:53:28,767 - INFO -   AI1(强): ε 0.013→0.012, lr 0.300→0.200, 攻击权 0.95→0.95, 防守权 0.05→0.05, 进攻启发 0.0100→0.0100, 防守启发 0.0001→0.0001
2026-03-08 22:53:28,767 - INFO -   AI1(强): ε 0.013→0.012, lr 0.300→0.200, 攻击权 0.95→0.95, 防守权 0.05→0.05, 进攻启发 0.0100→0.0100, 防守启发 0.0001→0.0001
2026-03-08 22:53:28,767 - INFO -   AI2(弱): ε 0.010→0.013, lr 0.126→0.180, 攻击权 0.95→0.95, 防守权 0.05→0.05, 进攻启发 0.0100→0.0100, 防守启发 0.0001→0.0001
2026-03-08 22:53:28,767 - INFO -   AI2(弱): ε 0.010→0.013, lr 0.126→0.180, 攻击权 0.95→0.95, 防守权 0.05→0.05, 进攻启发 0.0100→0.0100, 防守启发 0.0001→0.0001
2026-03-08 23:03:58,498 - INFO - 
⚖️ 平衡调整 #268: 差距<10% (拉开) 差距=0.0% 平局率=94.0% 强力进攻(全局倾向 x2.91)
2026-03-08 23:03:58,498 - INFO - 
⚖️ 平衡调整 #268: 差距<10% (拉开) 差距=0.0% 平局率=94.0% 强力进攻(全局倾向 x2.91)
2026-03-08 23:03:58,499 - INFO -   AI2(强): ε 0.011→0.010, lr 0.180→0.147, 攻击权 0.95→0.95, 防守权 0.05→0.05, 进攻启发 0.0100→0.0100, 防守启发 0.0001→0.0001
2026-03-08 23:03:58,499 - INFO -   AI2(强): ε 0.011→0.010, lr 0.180→0.147, 攻击权 0.95→0.95, 防守权 0.05→0.05, 进攻启发 0.0100→0.0100, 防守启发 0.0001→0.0001
2026-03-08 23:03:58,499 - INFO -   AI1(弱): ε 0.010→0.013, lr 0.200→0.285, 攻击权 0.95→0.95, 防守权 0.05→0.05, 进攻启发 0.0100→0.0100, 防守启发 0.0001→0.0001
2026-03-08 23:03:58,499 - INFO -   AI1(弱): ε 0.010→0.013, lr 0.200→0.285, 攻击权 0.95→0.95, 防守权 0.05→0.05, 进攻启发 0.0100→0.0100, 防守启发 0.0001→0.0001
2026-03-08 23:14:24,296 - INFO - 
⚖️ 平衡调整 #269: 差距<10% (拉开) 差距=1.0% 平局率=93.0% 强力进攻(全局倾向 x2.88)
2026-03-08 23:14:24,296 - INFO - 
⚖️ 平衡调整 #269: 差距<10% (拉开) 差距=1.0% 平局率=93.0% 强力进攻(全局倾向 x2.88)
2026-03-08 23:14:24,297 - INFO -   AI2(强): ε 0.010→0.009, lr 0.147→0.120, 攻击权 0.95→0.95, 防守权 0.05→0.05, 进攻启发 0.0100→0.0100, 防守启发 0.0001→0.0001
2026-03-08 23:14:24,297 - INFO -   AI2(强): ε 0.010→0.009, lr 0.147→0.120, 攻击权 0.95→0.95, 防守权 0.05→0.05, 进攻启发 0.0100→0.0100, 防守启发 0.0001→0.0001
2026-03-08 23:14:24,297 - INFO -   AI1(弱): ε 0.011→0.014, lr 0.285→0.300, 攻击权 0.95→0.95, 防守权 0.05→0.05, 进攻启发 0.0100→0.0100, 防守启发 0.0001→0.0001
2026-03-08 23:14:24,297 - INFO -   AI1(弱): ε 0.011→0.014, lr 0.285→0.300, 攻击权 0.95→0.95, 防守权 0.05→0.05, 进攻启发 0.0100→0.0100, 防守启发 0.0001→0.0001
2026-03-08 23:24:27,200 - INFO - 📈 全局进攻倾向提升至 3.00
2026-03-08 23:24:27,200 - INFO - 📈 全局进攻倾向提升至 3.00
2026-03-08 23:24:27,200 - INFO - 
⚖️ 平衡调整 #270: 差距<10% (拉开) 差距=1.0% 平局率=93.0% 强力进攻(全局倾向 x3.00)
2026-03-08 23:24:27,200 - INFO - 
⚖️ 平衡调整 #270: 差距<10% (拉开) 差距=1.0% 平局率=93.0% 强力进攻(全局倾向 x3.00)
2026-03-08 23:24:27,200 - INFO -   AI2(强): ε 0.010→0.009, lr 0.120→0.098, 攻击权 0.95→0.95, 防守权 0.05→0.05, 进攻启发 0.0100→0.0100, 防守启发 0.0001→0.0001
2026-03-08 23:24:27,200 - INFO -   AI2(强): ε 0.010→0.009, lr 0.120→0.098, 攻击权 0.95→0.95, 防守权 0.05→0.05, 进攻启发 0.0100→0.0100, 防守启发 0.0001→0.0001
2026-03-08 23:24:27,200 - INFO -   AI1(弱): ε 0.012→0.015, lr 0.300→0.300, 攻击权 0.95→0.95, 防守权 0.05→0.05, 进攻启发 0.0100→0.0100, 防守启发 0.0001→0.0001
2026-03-08 23:24:27,200 - INFO -   AI1(弱): ε 0.012→0.015, lr 0.300→0.300, 攻击权 0.95→0.95, 防守权 0.05→0.05, 进攻启发 0.0100→0.0100, 防守启发 0.0001→0.0001
2026-03-08 23:34:31,118 - INFO - 
⚖️ 平衡调整 #271: 差距<10% (拉开) 差距=3.0% 平局率=91.0% 强力进攻(全局倾向 x2.97)
2026-03-08 23:34:31,118 - INFO - 
⚖️ 平衡调整 #271: 差距<10% (拉开) 差距=3.0% 平局率=91.0% 强力进攻(全局倾向 x2.97)
2026-03-08 23:34:31,118 - INFO -   AI2(强): ε 0.010→0.009, lr 0.098→0.080, 攻击权 0.95→0.95, 防守权 0.05→0.05, 进攻启发 0.0100→0.0100, 防守启发 0.0001→0.0001
2026-03-08 23:34:31,118 - INFO -   AI2(强): ε 0.010→0.009, lr 0.098→0.080, 攻击权 0.95→0.95, 防守权 0.05→0.05, 进攻启发 0.0100→0.0100, 防守启发 0.0001→0.0001
2026-03-08 23:34:31,118 - INFO -   AI1(弱): ε 0.013→0.017, lr 0.300→0.300, 攻击权 0.95→0.95, 防守权 0.05→0.05, 进攻启发 0.0100→0.0100, 防守启发 0.0001→0.0001
2026-03-08 23:34:31,118 - INFO -   AI1(弱): ε 0.013→0.017, lr 0.300→0.300, 攻击权 0.95→0.95, 防守权 0.05→0.05, 进攻启发 0.0100→0.0100, 防守启发 0.0001→0.0001
2026-03-08 23:38:46,449 - INFO - 
==================================================
2026-03-08 23:38:46,449 - INFO - 
==================================================
2026-03-08 23:38:46,449 - INFO - 第 19000/20000 局 (95.0%)
2026-03-08 23:38:46,449 - INFO - 第 19000/20000 局 (95.0%)
2026-03-08 23:38:46,449 - INFO - 速度: 0.1局/秒, 已用: 4794.9分钟
2026-03-08 23:38:46,449 - INFO - 速度: 0.1局/秒, 已用: 4794.9分钟
2026-03-08 23:38:46,449 - INFO - 总战绩: AI1 691胜, AI2 1356胜, 平局 16953
2026-03-08 23:38:46,449 - INFO - 总战绩: AI1 691胜, AI2 1356胜, 平局 16953
2026-03-08 23:38:46,449 - INFO - 近期100局: AI1 4.0%, AI2 7.0%, 平局 89.0%
2026-03-08 23:38:46,449 - INFO - 近期100局: AI1 4.0%, AI2 7.0%, 平局 89.0%
2026-03-08 23:38:46,449 - INFO - 胜率差距: 3.0%
2026-03-08 23:38:46,449 - INFO - 胜率差距: 3.0%
2026-03-08 23:38:46,450 - INFO - 防守统计: 总264221次, 平均13.91次/局
2026-03-08 23:38:46,450 - INFO - 防守统计: 总264221次, 平均13.91次/局
2026-03-08 23:38:46,450 - INFO - 参数: AI1 ε=0.015, lr=0.300
2026-03-08 23:38:46,450 - INFO - 参数: AI1 ε=0.015, lr=0.300
2026-03-08 23:38:46,450 - INFO -        AI2 ε=0.010, lr=0.080
2026-03-08 23:38:46,450 - INFO -        AI2 ε=0.010, lr=0.080
2026-03-08 23:38:46,450 - INFO - ==================================================
2026-03-08 23:38:46,450 - INFO - ==================================================
2026-03-08 23:44:36,492 - INFO - 
⚖️ 平衡调整 #272: 差距<10% (拉开) 差距=2.0% 平局率=92.0% 强力进攻(全局倾向 x2.94)
2026-03-08 23:44:36,492 - INFO - 
⚖️ 平衡调整 #272: 差距<10% (拉开) 差距=2.0% 平局率=92.0% 强力进攻(全局倾向 x2.94)
2026-03-08 23:44:36,493 - INFO -   AI1(强): ε 0.014→0.013, lr 0.300→0.200, 攻击权 0.95→0.95, 防守权 0.05→0.05, 进攻启发 0.0100→0.0100, 防守启发 0.0001→0.0001
2026-03-08 23:44:36,493 - INFO -   AI1(强): ε 0.014→0.013, lr 0.300→0.200, 攻击权 0.95→0.95, 防守权 0.05→0.05, 进攻启发 0.0100→0.0100, 防守启发 0.0001→0.0001
2026-03-08 23:44:36,493 - INFO -   AI2(弱): ε 0.010→0.013, lr 0.080→0.120, 攻击权 0.95→0.95, 防守权 0.05→0.05, 进攻启发 0.0100→0.0100, 防守启发 0.0001→0.0001
2026-03-08 23:44:36,493 - INFO -   AI2(弱): ε 0.010→0.013, lr 0.080→0.120, 攻击权 0.95→0.95, 防守权 0.05→0.05, 进攻启发 0.0100→0.0100, 防守启发 0.0001→0.0001
2026-03-08 23:54:46,935 - INFO - 
⚖️ 平衡调整 #273: 差距<10% (拉开) 差距=2.0% 平局率=96.0% 强力进攻(全局倾向 x2.91)
2026-03-08 23:54:46,935 - INFO - 
⚖️ 平衡调整 #273: 差距<10% (拉开) 差距=2.0% 平局率=96.0% 强力进攻(全局倾向 x2.91)
2026-03-08 23:54:46,936 - INFO -   AI2(强): ε 0.011→0.010, lr 0.120→0.098, 攻击权 0.95→0.95, 防守权 0.05→0.05, 进攻启发 0.0100→0.0100, 防守启发 0.0001→0.0001
2026-03-08 23:54:46,936 - INFO -   AI2(强): ε 0.011→0.010, lr 0.120→0.098, 攻击权 0.95→0.95, 防守权 0.05→0.05, 进攻启发 0.0100→0.0100, 防守启发 0.0001→0.0001
2026-03-08 23:54:46,936 - INFO -   AI1(弱): ε 0.011→0.014, lr 0.200→0.285, 攻击权 0.95→0.95, 防守权 0.05→0.05, 进攻启发 0.0100→0.0100, 防守启发 0.0001→0.0001
2026-03-08 23:54:46,936 - INFO -   AI1(弱): ε 0.011→0.014, lr 0.200→0.285, 攻击权 0.95→0.95, 防守权 0.05→0.05, 进攻启发 0.0100→0.0100, 防守启发 0.0001→0.0001
2026-03-09 00:04:58,674 - INFO - 
⚖️ 平衡调整 #274: 差距<10% (拉开) 差距=5.0% 平局率=95.0% 强力进攻(全局倾向 x2.88)
2026-03-09 00:04:58,674 - INFO - 
⚖️ 平衡调整 #274: 差距<10% (拉开) 差距=5.0% 平局率=95.0% 强力进攻(全局倾向 x2.88)
2026-03-09 00:04:58,675 - INFO -   AI2(强): ε 0.010→0.009, lr 0.098→0.080, 攻击权 0.95→0.95, 防守权 0.05→0.05, 进攻启发 0.0100→0.0100, 防守启发 0.0001→0.0001
2026-03-09 00:04:58,675 - INFO -   AI2(强): ε 0.010→0.009, lr 0.098→0.080, 攻击权 0.95→0.95, 防守权 0.05→0.05, 进攻启发 0.0100→0.0100, 防守启发 0.0001→0.0001
2026-03-09 00:04:58,675 - INFO -   AI1(弱): ε 0.012→0.015, lr 0.285→0.300, 攻击权 0.95→0.95, 防守权 0.05→0.05, 进攻启发 0.0100→0.0100, 防守启发 0.0001→0.0001
2026-03-09 00:04:58,675 - INFO -   AI1(弱): ε 0.012→0.015, lr 0.285→0.300, 攻击权 0.95→0.95, 防守权 0.05→0.05, 进攻启发 0.0100→0.0100, 防守启发 0.0001→0.0001
2026-03-09 00:15:01,300 - INFO - 📈 全局进攻倾向提升至 3.00
2026-03-09 00:15:01,300 - INFO - 📈 全局进攻倾向提升至 3.00
2026-03-09 00:15:01,301 - INFO - 
⚖️ 平衡调整 #275: 差距<10% (拉开) 差距=3.0% 平局率=91.0% 强力进攻(全局倾向 x3.00)
2026-03-09 00:15:01,301 - INFO - 
⚖️ 平衡调整 #275: 差距<10% (拉开) 差距=3.0% 平局率=91.0% 强力进攻(全局倾向 x3.00)
2026-03-09 00:15:01,301 - INFO -   AI2(强): ε 0.010→0.009, lr 0.080→0.065, 攻击权 0.95→0.95, 防守权 0.05→0.05, 进攻启发 0.0100→0.0100, 防守启发 0.0001→0.0001
2026-03-09 00:15:01,301 - INFO -   AI2(强): ε 0.010→0.009, lr 0.080→0.065, 攻击权 0.95→0.95, 防守权 0.05→0.05, 进攻启发 0.0100→0.0100, 防守启发 0.0001→0.0001
2026-03-09 00:15:01,301 - INFO -   AI1(弱): ε 0.013→0.017, lr 0.300→0.300, 攻击权 0.95→0.95, 防守权 0.05→0.05, 进攻启发 0.0100→0.0100, 防守启发 0.0001→0.0001
2026-03-09 00:15:01,301 - INFO -   AI1(弱): ε 0.013→0.017, lr 0.300→0.300, 攻击权 0.95→0.95, 防守权 0.05→0.05, 进攻启发 0.0100→0.0100, 防守启发 0.0001→0.0001
2026-03-09 00:25:12,502 - INFO - 
⚖️ 平衡调整 #276: 差距<10% (拉开) 差距=1.0% 平局率=93.0% 强力进攻(全局倾向 x2.97)
2026-03-09 00:25:12,502 - INFO - 
⚖️ 平衡调整 #276: 差距<10% (拉开) 差距=1.0% 平局率=93.0% 强力进攻(全局倾向 x2.97)
2026-03-09 00:25:12,502 - INFO -   AI1(强): ε 0.014→0.013, lr 0.300→0.200, 攻击权 0.95→0.95, 防守权 0.05→0.05, 进攻启发 0.0100→0.0100, 防守启发 0.0001→0.0001
2026-03-09 00:25:12,502 - INFO -   AI1(强): ε 0.014→0.013, lr 0.300→0.200, 攻击权 0.95→0.95, 防守权 0.05→0.05, 进攻启发 0.0100→0.0100, 防守启发 0.0001→0.0001
2026-03-09 00:25:12,502 - INFO -   AI2(弱): ε 0.010→0.013, lr 0.065→0.120, 攻击权 0.95→0.95, 防守权 0.05→0.05, 进攻启发 0.0100→0.0100, 防守启发 0.0001→0.0001
2026-03-09 00:25:12,502 - INFO -   AI2(弱): ε 0.010→0.013, lr 0.065→0.120, 攻击权 0.95→0.95, 防守权 0.05→0.05, 进攻启发 0.0100→0.0100, 防守启发 0.0001→0.0001
2026-03-09 00:35:15,233 - INFO - 
⚖️ 平衡调整 #277: 差距<10% (拉开) 差距=4.0% 平局率=92.0% 强力进攻(全局倾向 x2.94)
2026-03-09 00:35:15,233 - INFO - 
⚖️ 平衡调整 #277: 差距<10% (拉开) 差距=4.0% 平局率=92.0% 强力进攻(全局倾向 x2.94)
2026-03-09 00:35:15,233 - INFO -   AI2(强): ε 0.011→0.010, lr 0.120→0.098, 攻击权 0.95→0.95, 防守权 0.05→0.05, 进攻启发 0.0100→0.0100, 防守启发 0.0001→0.0001
2026-03-09 00:35:15,233 - INFO -   AI2(强): ε 0.011→0.010, lr 0.120→0.098, 攻击权 0.95→0.95, 防守权 0.05→0.05, 进攻启发 0.0100→0.0100, 防守启发 0.0001→0.0001
2026-03-09 00:35:15,233 - INFO -   AI1(弱): ε 0.011→0.014, lr 0.200→0.285, 攻击权 0.95→0.95, 防守权 0.05→0.05, 进攻启发 0.0100→0.0100, 防守启发 0.0001→0.0001
2026-03-09 00:35:15,233 - INFO -   AI1(弱): ε 0.011→0.014, lr 0.200→0.285, 攻击权 0.95→0.95, 防守权 0.05→0.05, 进攻启发 0.0100→0.0100, 防守启发 0.0001→0.0001
2026-03-09 00:45:20,362 - INFO - 
⚖️ 平衡调整 #278: 差距<10% (拉开) 差距=3.0% 平局率=93.0% 强力进攻(全局倾向 x2.91)
2026-03-09 00:45:20,362 - INFO - 
⚖️ 平衡调整 #278: 差距<10% (拉开) 差距=3.0% 平局率=93.0% 强力进攻(全局倾向 x2.91)
2026-03-09 00:45:20,363 - INFO -   AI2(强): ε 0.010→0.009, lr 0.098→0.080, 攻击权 0.95→0.95, 防守权 0.05→0.05, 进攻启发 0.0100→0.0100, 防守启发 0.0001→0.0001
2026-03-09 00:45:20,363 - INFO -   AI2(强): ε 0.010→0.009, lr 0.098→0.080, 攻击权 0.95→0.95, 防守权 0.05→0.05, 进攻启发 0.0100→0.0100, 防守启发 0.0001→0.0001
2026-03-09 00:45:20,363 - INFO -   AI1(弱): ε 0.012→0.015, lr 0.285→0.300, 攻击权 0.95→0.95, 防守权 0.05→0.05, 进攻启发 0.0100→0.0100, 防守启发 0.0001→0.0001
2026-03-09 00:45:20,363 - INFO -   AI1(弱): ε 0.012→0.015, lr 0.285→0.300, 攻击权 0.95→0.95, 防守权 0.05→0.05, 进攻启发 0.0100→0.0100, 防守启发 0.0001→0.0001
2026-03-09 00:51:02,288 - INFO - 
==================================================
2026-03-09 00:51:02,288 - INFO - 
==================================================
2026-03-09 00:51:02,288 - INFO - 第 19500/20000 局 (97.5%)
2026-03-09 00:51:02,288 - INFO - 第 19500/20000 局 (97.5%)
2026-03-09 00:51:02,288 - INFO - 速度: 0.1局/秒, 已用: 4867.1分钟
2026-03-09 00:51:02,288 - INFO - 速度: 0.1局/秒, 已用: 4867.1分钟
2026-03-09 00:51:02,288 - INFO - 总战绩: AI1 702胜, AI2 1376胜, 平局 17422
2026-03-09 00:51:02,288 - INFO - 总战绩: AI1 702胜, AI2 1376胜, 平局 17422
2026-03-09 00:51:02,288 - INFO - 近期100局: AI1 3.0%, AI2 4.0%, 平局 93.0%
2026-03-09 00:51:02,288 - INFO - 近期100局: AI1 3.0%, AI2 4.0%, 平局 93.0%
2026-03-09 00:51:02,288 - INFO - 胜率差距: 1.0%
2026-03-09 00:51:02,288 - INFO - 胜率差距: 1.0%
2026-03-09 00:51:02,288 - INFO - 防守统计: 总270842次, 平均13.89次/局
2026-03-09 00:51:02,288 - INFO - 防守统计: 总270842次, 平均13.89次/局
2026-03-09 00:51:02,288 - INFO - 参数: AI1 ε=0.014, lr=0.300
2026-03-09 00:51:02,288 - INFO - 参数: AI1 ε=0.014, lr=0.300
2026-03-09 00:51:02,288 - INFO -        AI2 ε=0.010, lr=0.080
2026-03-09 00:51:02,288 - INFO -        AI2 ε=0.010, lr=0.080
2026-03-09 00:51:02,289 - INFO - ==================================================
2026-03-09 00:51:02,289 - INFO - ==================================================
2026-03-09 00:55:09,002 - INFO - 
⚖️ 平衡调整 #279: 差距<10% (拉开) 差距=2.0% 平局率=88.0% 强力进攻(全局倾向 x2.88)
2026-03-09 00:55:09,002 - INFO - 
⚖️ 平衡调整 #279: 差距<10% (拉开) 差距=2.0% 平局率=88.0% 强力进攻(全局倾向 x2.88)
2026-03-09 00:55:09,003 - INFO -   AI2(强): ε 0.010→0.009, lr 0.080→0.065, 攻击权 0.95→0.95, 防守权 0.05→0.05, 进攻启发 0.0100→0.0100, 防守启发 0.0001→0.0001
2026-03-09 00:55:09,003 - INFO -   AI2(强): ε 0.010→0.009, lr 0.080→0.065, 攻击权 0.95→0.95, 防守权 0.05→0.05, 进攻启发 0.0100→0.0100, 防守启发 0.0001→0.0001
2026-03-09 00:55:09,003 - INFO -   AI1(弱): ε 0.013→0.016, lr 0.300→0.300, 攻击权 0.95→0.95, 防守权 0.05→0.05, 进攻启发 0.0100→0.0100, 防守启发 0.0001→0.0001
2026-03-09 00:55:09,003 - INFO -   AI1(弱): ε 0.013→0.016, lr 0.300→0.300, 攻击权 0.95→0.95, 防守权 0.05→0.05, 进攻启发 0.0100→0.0100, 防守启发 0.0001→0.0001
2026-03-09 01:05:08,503 - INFO - 📈 全局进攻倾向提升至 3.00
2026-03-09 01:05:08,503 - INFO - 📈 全局进攻倾向提升至 3.00
2026-03-09 01:05:08,503 - INFO - 
⚖️ 平衡调整 #280: 差距<10% (拉开) 差距=2.0% 平局率=90.0% 强力进攻(全局倾向 x3.00)
2026-03-09 01:05:08,503 - INFO - 
⚖️ 平衡调整 #280: 差距<10% (拉开) 差距=2.0% 平局率=90.0% 强力进攻(全局倾向 x3.00)
2026-03-09 01:05:08,503 - INFO -   AI1(强): ε 0.014→0.012, lr 0.300→0.200, 攻击权 0.95→0.95, 防守权 0.05→0.05, 进攻启发 0.0100→0.0100, 防守启发 0.0001→0.0001
2026-03-09 01:05:08,503 - INFO -   AI1(强): ε 0.014→0.012, lr 0.300→0.200, 攻击权 0.95→0.95, 防守权 0.05→0.05, 进攻启发 0.0100→0.0100, 防守启发 0.0001→0.0001
2026-03-09 01:05:08,503 - INFO -   AI2(弱): ε 0.010→0.013, lr 0.065→0.120, 攻击权 0.95→0.95, 防守权 0.05→0.05, 进攻启发 0.0100→0.0100, 防守启发 0.0001→0.0001
2026-03-09 01:05:08,503 - INFO -   AI2(弱): ε 0.010→0.013, lr 0.065→0.120, 攻击权 0.95→0.95, 防守权 0.05→0.05, 进攻启发 0.0100→0.0100, 防守启发 0.0001→0.0001
2026-03-09 01:15:16,836 - INFO - 
⚖️ 平衡调整 #281: 差距<10% (拉开) 差距=5.0% 平局率=93.0% 强力进攻(全局倾向 x2.97)
2026-03-09 01:15:16,836 - INFO - 
⚖️ 平衡调整 #281: 差距<10% (拉开) 差距=5.0% 平局率=93.0% 强力进攻(全局倾向 x2.97)
2026-03-09 01:15:16,836 - INFO -   AI1(强): ε 0.010→0.009, lr 0.200→0.163, 攻击权 0.95→0.95, 防守权 0.05→0.05, 进攻启发 0.0100→0.0100, 防守启发 0.0001→0.0001
2026-03-09 01:15:16,836 - INFO -   AI1(强): ε 0.010→0.009, lr 0.200→0.163, 攻击权 0.95→0.95, 防守权 0.05→0.05, 进攻启发 0.0100→0.0100, 防守启发 0.0001→0.0001
2026-03-09 01:15:16,836 - INFO -   AI2(弱): ε 0.011→0.014, lr 0.120→0.171, 攻击权 0.95→0.95, 防守权 0.05→0.05, 进攻启发 0.0100→0.0100, 防守启发 0.0001→0.0001
2026-03-09 01:15:16,836 - INFO -   AI2(弱): ε 0.011→0.014, lr 0.120→0.171, 攻击权 0.95→0.95, 防守权 0.05→0.05, 进攻启发 0.0100→0.0100, 防守启发 0.0001→0.0001
2026-03-09 01:25:48,646 - INFO - 
⚖️ 平衡调整 #282: 差距<10% (拉开) 差距=1.0% 平局率=89.0% 强力进攻(全局倾向 x2.94)
2026-03-09 01:25:48,646 - INFO - 
⚖️ 平衡调整 #282: 差距<10% (拉开) 差距=1.0% 平局率=89.0% 强力进攻(全局倾向 x2.94)
2026-03-09 01:25:48,647 - INFO -   AI2(强): ε 0.012→0.011, lr 0.171→0.140, 攻击权 0.95→0.95, 防守权 0.05→0.05, 进攻启发 0.0100→0.0100, 防守启发 0.0001→0.0001
2026-03-09 01:25:48,647 - INFO -   AI2(强): ε 0.012→0.011, lr 0.171→0.140, 攻击权 0.95→0.95, 防守权 0.05→0.05, 进攻启发 0.0100→0.0100, 防守启发 0.0001→0.0001
2026-03-09 01:25:48,647 - INFO -   AI1(弱): ε 0.010→0.013, lr 0.163→0.233, 攻击权 0.95→0.95, 防守权 0.05→0.05, 进攻启发 0.0100→0.0100, 防守启发 0.0001→0.0001
2026-03-09 01:25:48,647 - INFO -   AI1(弱): ε 0.010→0.013, lr 0.163→0.233, 攻击权 0.95→0.95, 防守权 0.05→0.05, 进攻启发 0.0100→0.0100, 防守启发 0.0001→0.0001
2026-03-09 01:36:16,203 - INFO - 
⚖️ 平衡调整 #283: 差距<10% (拉开) 差距=4.0% 平局率=92.0% 强力进攻(全局倾向 x2.91)
2026-03-09 01:36:16,203 - INFO - 
⚖️ 平衡调整 #283: 差距<10% (拉开) 差距=4.0% 平局率=92.0% 强力进攻(全局倾向 x2.91)
2026-03-09 01:36:16,203 - INFO -   AI1(强): ε 0.011→0.010, lr 0.233→0.190, 攻击权 0.95→0.95, 防守权 0.05→0.05, 进攻启发 0.0100→0.0100, 防守启发 0.0001→0.0001
2026-03-09 01:36:16,203 - INFO -   AI1(强): ε 0.011→0.010, lr 0.233→0.190, 攻击权 0.95→0.95, 防守权 0.05→0.05, 进攻启发 0.0100→0.0100, 防守启发 0.0001→0.0001
2026-03-09 01:36:16,203 - INFO -   AI2(弱): ε 0.010→0.013, lr 0.140→0.199, 攻击权 0.95→0.95, 防守权 0.05→0.05, 进攻启发 0.0100→0.0100, 防守启发 0.0001→0.0001
2026-03-09 01:36:16,203 - INFO -   AI2(弱): ε 0.010→0.013, lr 0.140→0.199, 攻击权 0.95→0.95, 防守权 0.05→0.05, 进攻启发 0.0100→0.0100, 防守启发 0.0001→0.0001
2026-03-09 01:46:50,264 - INFO - 
⚖️ 平衡调整 #284: 差距<10% (拉开) 差距=2.0% 平局率=92.0% 强力进攻(全局倾向 x2.88)
2026-03-09 01:46:50,264 - INFO - 
⚖️ 平衡调整 #284: 差距<10% (拉开) 差距=2.0% 平局率=92.0% 强力进攻(全局倾向 x2.88)
2026-03-09 01:46:50,264 - INFO -   AI1(强): ε 0.010→0.009, lr 0.190→0.155, 攻击权 0.95→0.95, 防守权 0.05→0.05, 进攻启发 0.0100→0.0100, 防守启发 0.0001→0.0001
2026-03-09 01:46:50,264 - INFO -   AI1(强): ε 0.010→0.009, lr 0.190→0.155, 攻击权 0.95→0.95, 防守权 0.05→0.05, 进攻启发 0.0100→0.0100, 防守启发 0.0001→0.0001
2026-03-09 01:46:50,264 - INFO -   AI2(弱): ε 0.011→0.014, lr 0.199→0.283, 攻击权 0.95→0.95, 防守权 0.05→0.05, 进攻启发 0.0100→0.0100, 防守启发 0.0001→0.0001
2026-03-09 01:46:50,264 - INFO -   AI2(弱): ε 0.011→0.014, lr 0.199→0.283, 攻击权 0.95→0.95, 防守权 0.05→0.05, 进攻启发 0.0100→0.0100, 防守启发 0.0001→0.0001
2026-03-09 01:57:20,448 - INFO - 📈 全局进攻倾向提升至 3.00
2026-03-09 01:57:20,448 - INFO - 📈 全局进攻倾向提升至 3.00
2026-03-09 01:57:20,448 - INFO - 
⚖️ 平衡调整 #285: 差距<10% (拉开) 差距=1.0% 平局率=91.0% 强力进攻(全局倾向 x3.00)
2026-03-09 01:57:20,448 - INFO - 
⚖️ 平衡调整 #285: 差距<10% (拉开) 差距=1.0% 平局率=91.0% 强力进攻(全局倾向 x3.00)
2026-03-09 01:57:20,449 - INFO -   AI1(强): ε 0.010→0.009, lr 0.155→0.126, 攻击权 0.95→0.95, 防守权 0.05→0.05, 进攻启发 0.0100→0.0100, 防守启发 0.0001→0.0001
2026-03-09 01:57:20,449 - INFO -   AI1(强): ε 0.010→0.009, lr 0.155→0.126, 攻击权 0.95→0.95, 防守权 0.05→0.05, 进攻启发 0.0100→0.0100, 防守启发 0.0001→0.0001
2026-03-09 01:57:20,449 - INFO -   AI2(弱): ε 0.012→0.015, lr 0.283→0.300, 攻击权 0.95→0.95, 防守权 0.05→0.05, 进攻启发 0.0100→0.0100, 防守启发 0.0001→0.0001
2026-03-09 01:57:20,449 - INFO -   AI2(弱): ε 0.012→0.015, lr 0.283→0.300, 攻击权 0.95→0.95, 防守权 0.05→0.05, 进攻启发 0.0100→0.0100, 防守启发 0.0001→0.0001
2026-03-09 02:04:54,481 - INFO - 
==================================================
2026-03-09 02:04:54,481 - INFO - 
==================================================
2026-03-09 02:04:54,481 - INFO - 第 20000/20000 局 (100.0%)
2026-03-09 02:04:54,481 - INFO - 第 20000/20000 局 (100.0%)
2026-03-09 02:04:54,481 - INFO - 速度: 0.1局/秒, 已用: 4941.0分钟
2026-03-09 02:04:54,481 - INFO - 速度: 0.1局/秒, 已用: 4941.0分钟
2026-03-09 02:04:54,481 - INFO - 总战绩: AI1 725胜, AI2 1392胜, 平局 17883
2026-03-09 02:04:54,481 - INFO - 总战绩: AI1 725胜, AI2 1392胜, 平局 17883
2026-03-09 02:04:54,481 - INFO - 近期100局: AI1 5.0%, AI2 3.0%, 平局 92.0%
2026-03-09 02:04:54,481 - INFO - 近期100局: AI1 5.0%, AI2 3.0%, 平局 92.0%
2026-03-09 02:04:54,481 - INFO - 胜率差距: 2.0%
2026-03-09 02:04:54,481 - INFO - 胜率差距: 2.0%
2026-03-09 02:04:54,481 - INFO - 防守统计: 总277307次, 平均13.87次/局
2026-03-09 02:04:54,481 - INFO - 防守统计: 总277307次, 平均13.87次/局
2026-03-09 02:04:54,481 - INFO - 参数: AI1 ε=0.010, lr=0.126
2026-03-09 02:04:54,481 - INFO - 参数: AI1 ε=0.010, lr=0.126
2026-03-09 02:04:54,481 - INFO -        AI2 ε=0.014, lr=0.300
2026-03-09 02:04:54,481 - INFO -        AI2 ε=0.014, lr=0.300
2026-03-09 02:04:54,481 - INFO - ==================================================
2026-03-09 02:04:54,481 - INFO - ==================================================
2026-03-09 02:04:56,598 - INFO -   统计图已保存: stats_ep20000.png
2026-03-09 02:04:56,598 - INFO -   统计图已保存: stats_ep20000.png
